# Noesis .obj export.
#
mtllib arcticout.mtl
g
v  1.123863 -0.637718 66.305626
v  1.053864 -0.117694 66.235802
v  1.153863 -0.387776 66.475708
v  1.043864 0.172265 66.355904
v  1.213863 -0.117818 66.595802
v  1.343864 0.212209 66.515915
v  1.323863 -0.107842 66.665810
v  1.503864 0.202192 66.565910
v  1.413863 -0.077853 66.695816
v  1.553864 0.192305 66.235909
v  1.293862 -0.377794 66.525711
v  1.453865 -0.057598 65.955826
v  1.123863 -0.637718 66.305626
v  1.343866 -0.177375 65.305786
v  1.123864 -0.737446 65.515587
v  1.073868 -0.107030 64.305809
v  1.053867 -0.647075 64.435623
v  0.933868 -0.376992 64.195717
v  0.803868 -0.117068 64.415802
v  0.713869 0.072970 64.305870
v  0.633868 0.242878 64.575928
v  0.863869 0.292936 64.405945
v  0.703867 0.392613 65.345978
v  1.033867 0.472667 65.186005
v  0.963865 0.392365 66.065979
v  1.253866 0.522450 65.816025
v  1.243865 0.472313 66.216003
v  1.493866 0.552384 66.006035
v  1.553865 0.482271 66.336014
v  1.503864 0.202192 66.565910
v  1.343864 0.212209 66.515915
v  0.123870 -1.356411 62.511372
v  -0.136131 -1.506507 62.791321
v  0.203869 -1.296518 62.821392
v  0.023868 -1.676562 62.951263
v  0.243869 -1.266528 62.851402
v  0.063868 -1.636569 62.971275
v  0.283869 -1.236542 62.891415
v  0.113869 -1.386611 63.091362
v  0.473868 -1.386725 63.421364
v  0.243867 -1.556803 63.651302
v  0.783866 -1.626973 64.141281
v  0.463865 -1.787055 64.381226
v  1.093865 -1.487156 64.671326
v  0.813864 -1.597245 64.931290
v  1.283864 -1.287304 65.101395
v  0.363863 -1.737354 65.251244
v  1.193863 -1.427407 65.401352
v  0.313862 -1.787443 65.511223
v  1.093862 -1.507503 65.681320
v  0.303861 -1.767556 65.841232
v  1.053862 -1.377572 65.881363
v  0.283861 -1.627632 66.061279
v  0.993862 -1.217637 66.071419
v  0.933861 -1.007812 66.581497
v  1.373863 -0.477789 66.511673
v  9.855825 -0.184494 8.565370
v  7.632851 -2.966003 8.663786
v  11.029727 -0.888821 11.136667
v  7.253870 -4.644826 10.363411
v  7.178521 -3.741597 19.580507
v  5.074552 -3.762102 19.533670
v  7.213287 -4.398787 21.993782
v  4.452141 -4.391078 21.665125
v  6.700369 -5.505399 28.447130
v  2.309720 -5.476779 27.857147
v  3.251890 -5.368897 35.875931
v  0.243860 -4.293649 33.752472
v  -2.753194 -5.358114 35.880779
v  -2.058864 -5.516438 27.536354
v  -6.396639 -5.490750 28.286518
v  -4.184351 -4.372891 21.679895
v  -6.945723 -4.370750 22.006889
v  -4.799615 -3.747296 19.527529
v  -6.911207 -3.764532 19.592203
v  -7.190846 -4.645269 10.430414
v  -11.288029 -0.559943 11.142879
v  -7.445314 -2.978805 8.611032
v  -9.631348 -0.185825 8.488066
v  5.916948 5.320892 39.413857
v  2.230613 6.480828 39.965302
v  3.470481 7.526121 32.806004
v  -2.014174 6.334866 40.249920
v  -3.072133 7.526173 32.815758
v  -5.620361 5.197454 39.602917
v  -5.934368 5.786221 32.436455
v  -7.740800 2.775014 35.981361
v  -8.750658 0.219974 31.904921
v  -8.079389 -1.948794 35.829033
v  -6.528087 -4.886967 31.871204
v  -5.566156 -4.208559 40.037052
v  -1.196136 -5.985548 39.241890
v  -1.206157 -6.029963 41.325073
v  1.633843 -6.050054 41.405048
v  0.183846 -6.811733 45.882618
v  6.593849 -5.230927 45.154381
v  0.243851 -6.850380 50.379532
v  8.763856 -4.271113 51.002514
v  0.243858 -5.286340 55.521351
v  6.366183 -3.876560 56.804115
v  2.893863 -3.225469 57.529881
v  3.893870 0.212974 58.873867
v  1.503864 0.202192 66.565910
v  1.493866 0.552384 66.006035
v  1.553864 0.192305 66.235909
v  1.443867 0.562518 65.616035
v  1.453865 -0.057598 65.955826
v  1.303868 0.462735 64.986000
v  1.343866 -0.177375 65.305786
v  1.053869 0.292953 64.355942
v  1.073868 -0.107030 64.305809
v  0.963869 0.083011 64.185875
v  0.933868 -0.376992 64.195717
v  0.873869 -0.166964 64.115784
v  0.713869 0.072970 64.305870
v  0.963869 0.083011 64.185875
v  0.863869 0.292936 64.405945
v  1.053869 0.292953 64.355942
v  1.033867 0.472667 65.186005
v  1.303868 0.462735 64.986000
v  1.253866 0.522450 65.816025
v  1.443867 0.562518 65.616035
v  1.493866 0.552384 66.006035
v  1.003862 -2.117279 65.030113
v  1.003864 -1.957118 64.560165
v  0.693863 -2.087223 64.870125
v  0.693864 -1.947127 64.590172
v  0.383863 -1.977240 64.920158
v  0.353864 -1.877144 64.640190
v  0.123864 -1.787188 64.770226
v  0.163865 -1.867016 64.270195
v  -0.056135 -1.777057 64.390228
v  -0.006134 -1.816902 63.940212
v  -0.286133 -1.386891 63.910362
v  -0.036133 -1.666785 63.600266
v  -0.256132 -1.166778 63.580437
v  0.003868 -1.466696 63.340336
v  -0.286132 -1.046733 63.450478
v  0.413869 -0.986656 63.220501
v  0.193870 -0.526700 63.350658
v  0.973870 -0.456698 63.340683
v  0.383870 0.193186 63.680904
v  0.953871 -0.066671 63.260818
v  0.383871 0.243227 63.560925
v  -0.566131 -1.056645 63.196472
v  -0.776130 -0.546617 63.116646
v  -0.806133 -0.926954 64.096512
v  -1.016131 -0.336858 63.816715
v  -0.986133 -0.617074 64.446617
v  -1.136131 -0.046981 64.176819
v  -1.066133 -0.297163 64.706734
v  -1.126132 -0.017115 64.566826
v  -0.986133 -0.317146 64.656723
v  -0.976132 0.012908 64.496834
v  -0.886133 -0.307116 64.566727
v  -0.746131 -0.017013 64.266830
v  -0.856133 -0.607047 64.366623
v  -0.716132 -0.336934 64.036720
v  -0.806133 -0.926954 64.096512
v  -0.796133 -0.267116 64.566742
v  -0.796135 -1.277205 64.826393
v  -0.756135 -0.597353 65.256630
v  -0.606137 -1.567425 65.466293
v  -0.506137 -0.507718 66.316658
v  -0.446139 -1.487677 66.196320
v  -0.386137 -2.457095 64.503990
v  -0.156136 -2.277037 64.334053
v  -0.336136 -2.346995 64.214027
v  -0.116136 -2.226986 64.184067
v  -0.106135 -2.146931 64.024094
v  0.093865 -2.066969 64.134125
v  0.083866 -2.106818 63.694111
v  0.333867 -1.666787 63.604263
v  0.303867 -1.726660 63.234241
v  0.513869 -1.166647 63.194435
v  0.303869 -1.506571 62.974316
v  0.563869 -1.056606 63.074471
v  0.333869 -1.386536 62.874359
v  0.583870 -0.956578 62.994507
v  -0.096130 -0.866487 62.734535
v  0.433871 -0.196650 63.204769
v  -0.286129 -0.116577 62.994793
v  0.313872 0.463336 63.244995
v  -0.286128 -0.056535 62.874813
v  0.503867 -2.406583 63.008015
v  0.373867 -2.056607 63.078133
v  0.203867 -2.006716 63.398151
v  0.063867 -1.616740 63.468285
v  -0.116134 -1.576867 63.838299
v  0.093868 -1.156747 63.488441
v  -0.296135 -1.547028 64.308304
v  -0.036133 -1.096860 63.818462
v  -0.396136 -1.407234 64.908356
v  0.063869 -0.326919 63.988728
v  -0.376135 -0.807255 64.968559
v  0.233869 0.073029 64.138863
v  -0.156134 -0.247266 64.998756
v  -0.236134 -0.007427 65.468834
v  -0.396133 -0.177190 64.778778
v  -0.506134 -0.017444 65.518829
v  -0.586133 -0.187162 64.698776
v  -0.766134 -0.007375 65.318832
v  -0.776136 -0.707471 65.598595
v  0.383870 0.193186 63.680904
v  -0.336130 0.083108 63.910866
v  0.193870 -0.526700 63.350658
v  -0.506131 -0.616802 63.650623
v  -0.286132 -1.046733 63.450478
v  -0.506132 -0.706843 63.770596
v  -0.256132 -1.166778 63.580437
v  -0.476132 -0.796901 63.940563
v  -0.286133 -1.386891 63.910362
v  -0.386134 -1.277056 64.390396
v  -0.056135 -1.777057 64.390228
v  -0.096136 -1.657232 64.900269
v  0.123864 -1.787188 64.770226
v  0.143863 -1.847233 64.900200
v  0.383863 -1.977240 64.920158
v  0.183863 -1.877281 65.040192
v  0.433862 -2.067326 65.170128
v  0.353862 -1.977453 65.540161
v  0.363863 -1.737354 65.251244
v  -0.246137 -1.847263 64.991203
v  -0.566137 -1.827348 65.241211
v  -0.506137 -1.887256 64.971191
v  -0.586137 -1.917248 64.951180
v  -0.506136 -2.017145 64.651146
v  -0.576136 -2.037142 64.641136
v  -0.536135 -2.196943 64.061081
v  -0.676136 -1.987145 64.651154
v  -0.626135 -2.146946 64.071098
v  -0.776136 -1.907145 64.651176
v  -0.876135 -2.006863 63.831146
v  -0.926134 -1.706931 64.031250
v  -0.936133 -1.746670 63.271236
v  -0.996132 -1.476732 63.451328
v  -1.126132 -1.346670 63.271374
v  -1.296133 -1.416869 63.851349
v  -1.426133 -1.306803 63.661385
v  -0.286128 -0.056535 62.874813
v  -0.826128 -0.376445 62.614704
v  -0.286129 -0.116577 62.994793
v  -0.846129 -0.786476 62.704563
v  -0.096130 -0.866487 62.734535
v  -0.346130 -1.286463 62.664391
v  0.333869 -1.386536 62.874359
v  0.083868 -1.796505 62.784218
v  0.303869 -1.506571 62.974316
v  0.093867 -1.986591 63.034153
v  0.303867 -1.726660 63.234241
v  0.073867 -2.136680 63.294098
v  0.083866 -2.106818 63.694111
v  -0.106134 -2.176783 63.594086
v  -0.106135 -2.146931 64.024094
v  -0.316135 -2.196896 63.924076
v  -0.336136 -2.346995 64.214027
v  -0.246137 -1.847263 64.991203
v  0.813864 -1.597245 64.931290
v  0.143864 -1.847147 64.651199
v  0.463865 -1.787055 64.381226
v  -0.016134 -1.706882 63.881252
v  0.243867 -1.556803 63.651302
v  -0.086132 -1.526693 63.331314
v  0.113869 -1.386611 63.091362
v  -0.096133 -1.796648 63.201221
v  0.063868 -1.636569 62.971275
v  -0.116133 -2.086607 63.081120
v  0.023868 -1.676562 62.951263
v  -0.246132 -1.866558 62.941196
v  -0.136131 -1.506507 62.791321
v  -0.476131 -1.626513 62.811279
v  -0.186130 -1.516411 62.511314
v  -0.456131 -1.606413 62.521286
v  -0.776130 -0.546617 63.116646
v  -0.736128 0.043444 62.936848
v  -1.016131 -0.336858 63.816715
v  -0.926129 0.253228 63.566921
v  -1.136131 -0.046981 64.176819
v  -1.036130 0.293087 63.976933
v  -1.126132 -0.017115 64.566826
v  -1.136131 0.242964 64.336914
v  -0.976132 0.012908 64.496834
v  -0.826131 0.243022 64.166916
v  -0.746131 -0.017013 64.266830
v  -0.546130 0.163097 63.946888
v  -0.716132 -0.336934 64.036720
v  -0.636131 0.242921 64.456917
v  -0.796133 -0.267116 64.566742
v  -0.666132 0.282743 64.976929
v  -0.756135 -0.597353 65.256630
v  22.459389 -0.549450 52.072884
v  29.400410 -0.304638 52.731239
v  20.495636 3.057211 54.192265
v  29.571827 1.750631 54.837749
v  23.557503 2.772229 56.197948
v  29.409180 -0.387558 56.586060
v  22.161999 -0.054475 57.805840
v  23.842869 -3.552973 56.646145
v  20.027645 -3.140546 56.831825
v  20.111164 -3.228513 52.525124
v  16.494585 -3.864694 53.129166
v  17.733078 -0.585471 51.846813
v  12.043793 -4.310709 52.609436
v  12.462404 -0.405472 51.005791
v  8.763856 -4.271113 51.002514
v  8.653861 -0.099458 49.577351
v  0.233870 -1.256362 62.368404
v  -0.466130 -0.686612 63.098598
v  -0.146131 -1.366616 63.108364
v  -0.876132 -0.706927 64.018585
v  -0.586134 -1.456931 64.028328
v  -0.806134 -1.087089 64.488457
v  -0.346136 -1.747121 64.578232
v  -0.556136 -1.327278 65.038376
v  0.073863 -1.857311 65.128197
v  -0.606136 -1.287371 65.308388
v  0.123862 -1.937414 65.428169
v  -0.506138 -1.437478 65.618340
v  0.193861 -1.987507 65.698151
v  0.213861 -1.837576 65.898201
v  0.953861 -2.177543 65.798088
v  0.963860 -2.047615 66.008133
v  -28.934072 -0.295085 52.742218
v  -20.017263 3.077937 54.163063
v  -29.117565 1.761040 54.809311
v  -23.080050 2.832189 56.199783
v  -28.990168 -0.399099 56.649139
v  -21.694798 -0.035058 57.826397
v  -23.374947 -3.593016 56.645153
v  -19.559990 -3.170844 56.841084
v  -19.642231 -3.247249 52.474678
v  -16.026257 -3.883944 53.098694
v  -17.234474 -0.584594 51.807533
v  -11.575680 -4.306885 52.593075
v  -11.984410 -0.388889 50.996689
v  -7.996145 -4.321204 51.102474
v  -8.236141 -0.149432 49.577309
v  -0.296131 -1.896439 62.595188
v  0.043868 -1.956474 62.695168
v  0.173869 -1.566499 62.765305
v  0.353868 -1.506602 63.065323
v  0.473869 -1.076633 63.155472
v  0.653868 -0.966747 63.485512
v  0.433870 -0.616664 63.245628
v  0.843868 -0.826875 63.855560
v  0.513869 -0.446782 63.585690
v  1.053867 -0.647075 64.435623
v  0.433870 0.103153 63.775879
v  0.813868 -0.117102 64.515800
v  0.303870 0.453116 63.885998
v  0.633868 0.242878 64.575928
v  0.823867 0.312599 65.385948
v  1.003862 -2.117279 65.030113
v  1.303863 -2.017314 65.130150
v  1.003864 -1.957118 64.560165
v  1.463864 -1.857139 64.620201
v  0.993865 -1.967004 64.230164
v  1.443865 -1.897029 64.300186
v  0.973865 -2.016884 63.880146
v  1.363865 -1.926919 63.980179
v  0.963866 -1.886760 63.520191
v  1.363867 -1.776788 63.600231
v  0.953868 -1.646657 63.220276
v  1.423868 -1.576692 63.320301
v  0.973869 -1.126647 63.190453
v  1.453869 -0.956706 63.360512
v  0.973870 -0.456698 63.340683
v  0.243872 2.043673 58.275993
v  -5.326124 4.479687 58.962681
v  0.253880 6.869863 58.805447
v  -4.776117 8.017899 60.506783
v  -1.956114 9.407045 61.238388
v  0.253888 10.938132 60.300163
v  2.493887 9.407051 61.228386
v  5.383884 7.997917 60.476749
v  0.253880 6.869863 58.805447
v  5.973877 4.459716 58.922646
v  0.243872 2.043673 58.275993
v  0.253875 4.832669 56.383083
v  -5.326124 4.479687 58.962681
v  -3.596123 7.213971 55.265846
v  31.794708 -2.837579 52.932175
v  31.811560 -2.083977 52.897530
v  29.840979 -1.870889 53.481743
v  31.811028 0.675227 54.543316
v  29.834692 1.012414 53.823975
v  33.323063 1.279676 55.233963
v  29.953260 0.992377 56.153446
v  33.372681 1.242381 56.878971
v  29.939650 -1.789124 56.192974
v  33.392483 -2.119127 56.944290
v  33.319637 -2.080872 55.236359
v  35.109394 -2.108136 56.016090
v  34.511280 -2.097383 55.197163
v  36.239990 -1.646780 54.320576
v  0.313872 0.463336 63.244995
v  0.433871 -0.196650 63.204769
v  0.733871 0.423242 63.514980
v  0.853870 -0.256682 63.294746
v  1.083871 0.373194 63.654964
v  0.853870 -0.346713 63.384716
v  1.333869 0.082966 64.314865
v  1.123868 -0.646958 64.094612
v  1.443866 -0.267306 65.104744
v  1.183865 -1.087264 64.984467
v  1.603864 -0.437526 65.744690
v  1.303863 -1.227484 65.624413
v  1.723863 -0.567729 66.334641
v  1.503861 -1.247742 66.374405
v  -34.030373 -2.097436 55.192085
v  -34.629601 -2.097832 55.988842
v  -32.834217 -2.080655 55.214355
v  -32.926899 -2.108869 56.924652
v  -29.475401 -1.798703 56.163589
v  -32.918102 1.262829 56.850655
v  -29.489012 0.992796 56.124275
v  -32.838669 1.300060 55.202351
v  -29.378864 1.022177 53.825493
v  -31.344397 0.675318 54.533440
v  -29.375685 -1.870903 53.472542
v  -31.318089 -2.063421 52.901009
v  -31.309687 -2.820325 52.931450
v  -2.014174 6.334866 40.249920
v  2.230613 6.480828 39.965302
v  -4.266140 5.219602 41.737274
v  4.913862 5.229577 41.747276
v  -4.256137 5.447357 43.807522
v  4.913864 5.457333 43.817524
v  -5.316134 5.787719 46.386726
v  6.203867 5.797511 46.556725
v  0.253873 6.567572 52.155090
v  7.793872 5.628743 51.133995
v  6.666981 3.553228 57.387436
v  8.736737 4.606949 52.767361
v  9.838682 2.550858 57.921879
v  0.433871 -0.196650 63.204769
v  0.583870 -0.956578 62.994507
v  0.853870 -0.256682 63.294746
v  0.563869 -1.056606 63.074471
v  0.853870 -0.346713 63.384716
v  0.513869 -1.166647 63.194435
v  1.123868 -0.646958 64.094612
v  0.573866 -1.636877 63.864273
v  1.183865 -1.087264 64.984467
v  0.593863 -1.977183 64.754158
v  1.303863 -1.227484 65.624413
v  0.933861 -1.907490 65.644180
v  1.503861 -1.247742 66.374405
v  0.373867 -2.056607 63.078133
v  0.583869 -1.626538 62.878281
v  0.063867 -1.616740 63.468285
v  0.413869 -1.216552 62.918423
v  0.093868 -1.156747 63.488441
v  0.283870 -0.816610 63.088558
v  -0.036133 -1.096860 63.818462
v  0.383871 -0.286648 63.198742
v  0.063869 -0.326919 63.988728
v  0.483871 0.193300 63.348907
v  0.233869 0.073029 64.138863
v  0.023867 0.202710 65.068909
v  -0.236134 -0.007427 65.468834
v  1.243870 -0.766636 63.159576
v  0.643870 -0.166704 63.359783
v  0.553869 -0.876683 63.299538
v  0.233870 -0.196782 63.589771
v  0.143869 -0.936703 63.359516
v  -0.126131 -0.226823 63.709759
v  0.143868 -1.056744 63.479477
v  -0.446133 -0.547066 64.419647
v  -0.026134 -1.536998 64.219307
v  -0.476136 -0.967351 65.249504
v  -0.106137 -1.837269 65.009209
v  -0.566137 -1.067551 65.829468
v  -0.256138 -1.857486 65.639198
v  0.973870 -0.456698 63.340683
v  0.413869 -0.986656 63.220501
v  0.973869 -1.126647 63.190453
v  0.453868 -1.606652 63.210289
v  0.953868 -1.646657 63.220276
v  0.463867 -1.826755 63.510212
v  0.963866 -1.886760 63.520191
v  0.483865 -1.996889 63.900154
v  0.973865 -2.016884 63.880146
v  0.693865 -1.977003 64.230164
v  0.993865 -1.967004 64.230164
v  0.693864 -1.947127 64.590172
v  1.003864 -1.957118 64.560165
v  -0.506136 -2.017145 64.651146
v  -0.476135 -2.166943 64.061089
v  -0.536135 -2.196943 64.061081
v  -0.496135 -2.336767 63.551033
v  -0.626135 -2.146946 64.071098
v  -0.716134 -2.186695 63.341084
v  -0.876135 -2.006863 63.831146
v  -0.866133 -2.046619 63.121132
v  -0.936133 -1.746670 63.271236
v  -1.046132 -1.606611 63.101284
v  -1.126132 -1.346670 63.271374
v  -1.246131 -1.216611 63.101418
v  -1.426133 -1.306803 63.661385
v  0.543861 -1.477702 66.262329
v  0.943864 -0.647548 65.812614
v  0.763862 -1.867430 65.472198
v  1.263865 -0.997256 64.962494
v  0.893863 -2.197111 64.542084
v  1.343867 -0.687002 64.222603
v  0.803864 -2.207008 64.242081
v  1.213868 -0.676892 63.902607
v  0.693865 -2.206908 63.952080
v  0.863867 -1.826764 63.532211
v  0.523865 -2.466794 63.621990
v  0.683867 -2.126657 63.222107
v  0.333865 -2.686683 63.301914
v  0.163862 -2.367342 65.217018
v  0.133862 -2.517262 64.986969
v  -0.426137 -1.907234 64.907181
v  0.093863 -2.417152 64.667007
v  -0.346136 -1.947134 64.617165
v  0.203863 -2.427053 64.376999
v  -0.236136 -1.967024 64.297157
v  -0.036135 -2.236897 63.927067
v  -0.366134 -1.556862 63.827297
v  -0.166133 -1.876749 63.497189
v  -0.396132 -1.106725 63.427452
v  0.153869 -1.766475 62.697227
v  -0.166130 -0.986523 62.837494
v  -0.806137 -3.225695 57.729885
v  1.263863 -3.275698 57.729824
v  0.243858 -5.286340 55.521351
v  2.143863 -4.006012 57.998978
v  2.893863 -3.225469 57.529881
v  3.863868 -1.947860 59.591362
v  3.893870 0.212974 58.873867
v  3.153876 2.920898 60.667007
v  3.453875 3.413250 58.637577
v  0.253879 4.991620 60.049412
v  0.253876 4.774344 57.699158
v  -2.926126 3.433283 58.617607
v  0.243849 0.294373 39.484058
v  6.608096 5.867831 32.478661
v  3.470481 7.526121 32.806004
v  -3.072133 7.526173 32.815758
v  -5.934368 5.786221 32.436455
v  -8.750658 0.219974 31.904921
v  -6.528087 -4.886967 31.871204
v  -1.621381 -7.013777 32.307003
v  2.139987 -7.014581 32.304096
v  6.996908 -5.038107 31.864132
v  8.927299 0.270135 31.748116
v  6.608096 5.867831 32.478661
v  0.503842 3.035585 35.975002
v  0.243860 -4.293649 33.752472
v  -0.306040 2.441720 32.835438
v  0.745636 -0.523712 26.884743
v  4.662942 4.502141 27.721420
v  2.383328 -0.748694 21.489220
v  5.813190 2.601428 22.858177
v  6.706821 3.609546 17.503872
v  9.401435 -0.740861 22.496506
v  9.234380 -0.744872 19.089397
v  7.178521 -3.741597 19.580507
v  11.029727 -0.888821 11.136667
v  10.284212 -8.595058 0.033619
v  7.024213 -9.195070 0.053414
v  7.154215 -9.025872 2.373473
v  6.274208 -4.960344 0.063547
v  6.694209 -4.521412 3.153698
v  6.362575 -0.505789 5.077953
v  8.304208 -2.312105 5.164461
v  7.632851 -2.966003 8.663786
v  10.058223 -0.318772 4.772486
v  9.855825 -0.184494 8.565370
v  8.144202 1.668099 4.575838
v  7.479146 2.341953 9.005665
v  -28.934072 -0.295085 52.742218
v  -21.991226 -0.538988 52.053204
v  -20.017263 3.077937 54.163063
v  -18.780033 2.678397 53.399632
v  -18.670532 2.690677 55.223461
v  -15.387749 3.150028 54.477982
v  -17.199852 -0.115856 57.563980
v  -12.396893 -0.369286 57.890453
v  -16.017643 -3.669789 56.366425
v  -9.249498 -3.339937 56.526711
v  -11.575680 -4.306885 52.593075
v  -7.996145 -4.321204 51.102474
v  -6.126598 -4.960325 -0.066435
v  -6.876593 -9.195050 -0.086564
v  -7.006588 -9.025853 2.233494
v  -10.136593 -8.595052 -0.096350
v  -9.596590 -8.415694 1.763711
v  -11.006598 -4.960335 -0.056425
v  -10.416594 -4.541195 2.433719
v  -10.526605 -0.080331 -0.064740
v  -9.894794 -0.322543 4.640142
v  -9.876609 2.569660 -0.033825
v  -7.966599 1.658115 4.445856
v  -6.776609 2.709668 -0.043783
v  -0.666131 -1.796359 62.365223
v  -0.296131 -1.896439 62.595188
v  -0.276130 -1.466391 62.455338
v  0.173869 -1.566499 62.765305
v  -0.026130 -1.136443 62.605450
v  0.473869 -1.076633 63.155472
v  0.143871 -0.746468 62.675583
v  0.433870 -0.616664 63.245628
v  0.253871 -0.336537 62.875725
v  0.513869 -0.446782 63.585690
v  0.183872 0.153422 62.995895
v  0.433870 0.103153 63.775879
v  -0.396136 -1.407234 64.908356
v  -0.376135 -0.807255 64.968559
v  -0.476135 -1.147155 64.678444
v  -0.316133 -0.437173 64.728691
v  -0.506134 -0.797093 64.498566
v  -0.546133 -0.427107 64.538689
v  -0.476135 -1.147155 64.678444
v  -0.636134 -0.697162 64.698601
v  -0.396136 -1.407234 64.908356
v  -0.516137 -1.267526 65.758400
v  -0.246139 -2.367365 65.288025
v  -0.386140 -2.217650 66.118073
v  0.243869 -1.266528 62.851402
v  0.283869 -1.236542 62.891415
v  0.623870 -1.016450 62.621490
v  0.473868 -1.386725 63.421364
v  0.853869 -1.166633 63.151440
v  0.783866 -1.626973 64.141281
v  1.363866 -1.266961 64.101402
v  1.093865 -1.487156 64.671326
v  1.583866 -1.127116 64.551453
v  1.283864 -1.287304 65.101395
v  1.713865 -0.807254 64.951561
v  1.773865 -0.807347 65.221565
v  1.363869 -0.846654 63.210552
v  1.063867 -1.666808 63.660271
v  1.323868 -0.796909 63.950569
v  1.083866 -1.616997 64.210289
v  1.303867 -0.687105 64.520607
v  1.013864 -1.507200 64.800323
v  1.133867 0.092693 65.110878
v  0.653863 -1.197406 65.400429
v  0.673866 0.362542 65.550964
v  0.183863 -0.857529 65.760544
v  0.093866 0.322454 65.810951
v  -0.486137 -1.117554 65.840454
v  1.173866 0.102491 65.695877
v  1.013862 -1.157563 65.855438
v  0.553866 0.212544 65.545914
v  0.363863 -1.137500 65.675446
v  0.003867 0.272659 65.215935
v  -0.186137 -1.557333 65.195305
v  -0.456134 -0.517199 64.805656
v  -0.216137 -2.377065 64.415016
v  -0.536134 -1.596941 64.055290
v  -0.266135 -2.436869 63.845001
v  -0.576132 -1.546662 63.245304
v  -0.376134 -2.396604 63.075012
v  0.433867 -2.056558 62.936131
v  -0.056132 -1.396712 63.386356
v  0.463866 -1.956740 63.466167
v  -0.146133 -1.296901 63.936390
v  0.503865 -1.896947 64.066185
v  -0.216135 -1.197199 64.806427
v  0.583864 -1.677222 64.866264
v  0.083864 -0.747417 65.436577
v  0.643863 -1.187439 65.496429
v  0.483864 -0.487555 65.836670
v  1.203863 -0.797577 65.896568
v  1.113864 -0.077656 66.126816
v  0.243860 -4.293649 33.752472
v  0.823453 2.421753 32.830162
v  -0.513575 -0.635083 26.430887
v  -4.979823 4.663385 27.240191
v  -2.122162 -0.743680 21.457039
v  -5.510810 2.587322 22.831991
v  -6.434275 3.613540 17.480988
v  -9.148669 -0.744970 22.476450
v  -8.983125 -0.750068 19.058672
v  -6.911207 -3.764532 19.592203
v  -11.288029 -0.559943 11.142879
v  0.243860 -4.293649 33.752472
v  -0.326158 3.085580 35.985020
v  0.823453 2.421753 32.830162
v  -3.675224 6.502925 35.857376
v  -4.156794 5.699212 34.018181
v  -6.899271 -0.094083 36.597321
v  -9.086431 -0.210036 28.300028
v  -6.396639 -5.490750 28.286518
v  -9.148669 -0.744970 22.476450
v  -6.945723 -4.370750 22.006889
v  -6.911207 -3.764532 19.592203
v  22.459389 -0.549450 52.072884
v  20.495636 3.057211 54.192265
v  19.258627 2.657407 53.438828
v  19.128918 2.679942 55.253368
v  15.866308 3.099341 54.506405
v  17.677172 -0.125247 57.543476
v  12.864187 -0.373318 57.869743
v  16.475279 -3.639802 56.367397
v  9.415611 -3.280828 56.499691
v  12.043793 -4.310709 52.609436
v  8.763856 -4.271113 51.002514
v  0.253876 4.774344 57.699158
v  -6.140092 3.563210 57.401562
v  0.253873 6.567572 52.155090
v  -7.266130 5.638824 51.084019
v  -5.316134 5.787719 46.386726
v  -7.666145 -0.101144 45.370136
v  -6.896147 0.078113 43.111702
v  -6.276153 -5.231176 45.394394
v  -5.746153 -3.960835 42.137321
v  -1.206157 -6.029963 41.325073
v  -5.566156 -4.208559 40.037052
v  8.927299 0.270135 31.748116
v  6.996908 -5.038107 31.864132
v  8.677425 -2.046012 35.764534
v  6.053845 -4.218684 40.137028
v  7.083853 0.070303 41.071678
v  6.213848 -3.990973 42.247276
v  7.253856 0.047983 43.211655
v  6.593849 -5.230927 45.154381
v  7.923857 -0.111245 45.440109
v  8.763856 -4.271113 51.002514
v  8.653861 -0.099458 49.577351
v  0.413869 -0.986656 63.220501
v  0.003868 -1.466696 63.340336
v  0.453868 -1.606652 63.210289
v  -0.036133 -1.666785 63.600266
v  0.463867 -1.826755 63.510212
v  -0.006134 -1.816902 63.940212
v  0.483865 -1.996889 63.900154
v  0.163865 -1.867016 64.270195
v  0.693865 -1.977003 64.230164
v  0.353864 -1.877144 64.640190
v  0.693864 -1.947127 64.590172
v  -0.466134 -2.426678 63.291004
v  -0.456133 -2.356613 63.101028
v  -0.676134 -2.266646 63.201057
v  -0.676133 -2.126578 63.001106
v  -0.866133 -2.046619 63.121132
v  -0.726132 -1.846567 62.971203
v  -1.006132 -1.636588 63.031273
v  -0.836131 -1.496526 62.851322
v  -1.166131 -1.276556 62.941395
v  -1.056130 -1.356436 62.591370
v  -1.266129 -1.096395 62.471458
v  -0.456133 -2.226558 62.941071
v  -0.456133 -2.356613 63.101028
v  -0.276133 -2.146572 62.981098
v  -0.276134 -2.286644 63.191051
v  -0.116133 -2.086607 63.081120
v  -0.276134 -2.206689 63.321079
v  -0.206135 -2.086847 63.781120
v  -0.476135 -2.166943 64.061089
v  -0.436136 -1.977149 64.661156
v  -0.506136 -2.017145 64.651146
v  -0.506137 -1.887256 64.971191
v  0.953868 -1.416637 63.162354
v  0.863867 -1.826764 63.532211
v  1.173870 -0.286768 63.542740
v  1.213868 -0.676892 63.902607
v  1.233871 0.733073 64.003090
v  1.343867 -0.687002 64.222603
v  1.243869 0.482867 64.603004
v  1.263865 -0.997256 64.962494
v  1.173867 0.212651 65.232910
v  0.943864 -0.647548 65.812614
v  1.043865 0.182393 65.982903
v  0.193861 -1.987507 65.698151
v  0.973861 -2.187423 65.448082
v  0.123862 -1.937414 65.428169
v  0.963862 -2.117319 65.148109
v  0.073863 -1.857311 65.128197
v  0.623863 -2.057229 64.888130
v  0.363863 -2.037157 64.678131
v  0.913864 -2.117075 64.438110
v  0.683864 -2.066999 64.218124
v  1.053866 -1.966859 63.808159
v  0.863866 -1.856776 63.568199
v  -0.346137 -0.777592 65.949570
v  -0.386137 -1.567434 65.489304
v  -1.026137 -1.227426 65.469414
v  -0.406137 -1.887228 64.889191
v  -1.086136 -1.527223 64.879311
v  -0.386135 -2.056980 64.169136
v  -1.116135 -1.796989 64.199219
v  -0.346134 -2.156746 63.489098
v  -1.076134 -1.936755 63.519173
v  -0.316133 -2.236530 62.859070
v  -1.036133 -2.056566 62.969131
v  1.093867 -1.566746 63.479305
v  0.383866 -1.986731 63.439159
v  1.183866 -1.456956 64.089340
v  0.423865 -1.936975 64.149178
v  1.183865 -1.157210 64.829445
v  0.363864 -1.677257 64.969269
v  1.013864 -0.787423 65.449570
v  0.313863 -1.257466 65.579407
v  0.333864 -0.407594 65.949699
v  -0.346137 -0.777592 65.949570
v  -0.316136 0.062339 66.149864
v  -0.486137 -1.117554 65.840454
v  0.183863 -0.857529 65.760544
v  0.163862 -1.627435 65.490280
v  0.653863 -1.197406 65.400429
v  0.553863 -1.957251 64.950172
v  1.013864 -1.507200 64.800323
v  0.623864 -2.227027 64.300079
v  1.083866 -1.616997 64.210289
v  0.653865 -2.276842 63.760059
v  1.063867 -1.666808 63.660271
v  0.613866 -2.356649 63.200031
v  1.053872 0.233349 63.201923
v  1.173870 -0.316785 63.591732
v  0.863869 0.432965 64.321991
v  0.913867 -0.107214 64.841805
v  0.413868 0.522752 64.942017
v  0.743865 -0.307386 65.341736
v  0.223867 0.342595 65.401955
v  0.483864 -0.527516 65.721657
v  -0.086137 -0.577614 66.011642
v  0.113861 -1.897608 65.991188
v  -0.496140 -1.897678 66.201187
v  -0.056132 -1.396712 63.386356
v  -0.506132 -0.496910 63.966663
v  -0.146133 -1.296901 63.936390
v  -0.496133 -0.367130 64.606712
v  -0.216135 -1.197199 64.806427
v  -0.346134 -0.277330 65.186737
v  0.083864 -0.747417 65.436577
v  0.023865 -0.067499 65.676811
v  0.483864 -0.487555 65.836670
v  0.443865 0.192386 66.006905
v  1.113864 -0.077656 66.126816
v  1.203863 -0.797577 65.896568
v  1.273862 -1.607430 65.466286
v  0.643863 -1.187439 65.496429
v  1.263863 -1.917223 64.866180
v  0.583864 -1.677222 64.866264
v  1.183864 -2.176989 64.186089
v  0.503865 -1.896947 64.066185
v  1.123866 -2.296759 63.516052
v  0.463866 -1.956740 63.466167
v  1.083867 -2.396569 62.966015
v  0.433867 -2.056558 62.936131
v  0.503842 3.035585 35.975002
v  -0.306040 2.441720 32.835438
v  4.023703 6.458988 35.915340
v  4.512286 5.647027 34.098114
v  7.253469 -0.149396 36.758415
v  8.962820 -0.583443 28.198378
v  6.700369 -5.505399 28.447130
v  9.401435 -0.740861 22.496506
v  7.213287 -4.398787 21.993782
v  7.178521 -3.741597 19.580507
v  36.575821 -1.652043 54.731659
v  36.221836 0.646913 54.731846
v  36.239990 -1.646780 54.320576
v  35.927773 0.652080 54.336754
v  34.511280 -2.097383 55.197163
v  34.577843 1.023218 55.201618
v  33.319637 -2.080872 55.236359
v  33.323063 1.279676 55.233963
v  32.847317 -3.040384 54.303410
v  32.814194 -2.138440 54.313461
v  29.834692 1.012414 53.823975
v  29.400410 -0.304638 52.731239
v  29.840979 -1.870889 53.481743
v  29.458591 -2.708364 54.275036
v  29.939650 -1.789124 56.192974
v  29.409180 -0.387558 56.586060
v  29.953260 0.992377 56.153446
v  29.571827 1.750631 54.837749
v  29.834692 1.012414 53.823975
v  29.400410 -0.304638 52.731239
v  -34.030373 -2.097436 55.192085
v  -35.765465 -1.636781 54.313435
v  -34.629601 -2.097832 55.988842
v  -36.116005 -1.631774 54.711174
v  -34.638340 1.022667 55.985828
v  -35.747898 0.667138 54.710739
v  -34.102100 1.023394 55.183365
v  -35.439121 0.662036 54.328991
v  -34.030373 -2.097436 55.192085
v  -35.765465 -1.636781 54.313435
v  -6.211237 -0.509152 4.965697
v  -6.126598 -4.960325 -0.066435
v  -6.546593 -4.531386 3.003714
v  -8.146592 -2.322086 5.024481
v  -7.445314 -2.978805 8.611032
v  -5.135960 -0.407630 8.213487
v  -7.966599 1.658115 4.445856
v  -6.776609 2.709668 -0.043783
v  -5.886605 0.279676 -0.064625
v  -6.126598 -4.960325 -0.066435
v  0.473870 -0.676624 63.127609
v  1.643870 -0.486699 63.337677
v  0.093868 -0.666912 63.967609
v  1.373869 -0.546825 63.707657
v  0.003867 -0.517087 64.477661
v  1.713868 -0.536988 64.177658
v  0.003866 -0.347297 65.087723
v  1.683867 -0.167194 64.777786
v  0.073865 -0.047476 65.607826
v  1.323867 0.192621 65.317909
v  0.073865 -0.047476 65.607826
v  -1.026137 -0.757580 65.917580
v  0.003866 -0.347297 65.087723
v  -0.986136 -0.997432 65.487495
v  0.003867 -0.517087 64.477661
v  -0.946136 -1.267274 65.027405
v  0.093868 -0.666912 63.967609
v  -0.616134 -1.296965 64.127396
v  0.473870 -0.676624 63.127609
v  -0.266131 -1.156633 63.157440
v  -0.626139 -2.467425 65.464989
v  -0.766137 -2.617029 64.314934
v  -0.746137 -1.637367 65.295273
v  -0.836135 -1.796947 64.075218
v  -0.796135 -0.977205 64.825500
v  -0.666132 -0.966758 63.525501
v  -0.436132 -0.157013 64.265778
v  -0.216129 -0.326622 63.125721
v  0.953871 0.533156 63.766022
v  0.943873 0.293475 62.835938
v  -0.616136 -0.687486 65.642601
v  -0.626134 -0.097311 65.132805
v  0.243865 -0.527443 65.512657
v  0.243867 0.062794 64.822861
v  1.143866 -0.577287 65.052643
v  0.283870 0.233079 63.992920
v  1.613867 -0.637085 64.462624
v  0.803871 0.103274 63.422878
v  1.923868 -0.796897 63.912571
v  1.873870 -0.716536 62.862598
v  0.243851 -6.850380 50.379532
v  -6.276153 -5.231176 45.394394
v  -7.996145 -4.321204 51.102474
v  -7.666145 -0.101144 45.370136
v  -8.236141 -0.149432 49.577309
v  -7.266130 5.638824 51.084019
v  -8.273175 4.528555 52.616238
v  -6.140092 3.563210 57.401562
v  -9.370252 2.506170 57.904591
v  -6.646149 0.090357 41.041714
v  -5.746153 -3.960835 42.137321
v  -5.566156 -4.208559 40.037052
v  -8.079389 -1.948794 35.829033
v  -7.740800 2.775014 35.981361
v  -5.620361 5.197454 39.602917
v  -4.266140 5.219602 41.737274
v  -6.896147 0.078113 43.111702
v  -5.746153 -3.960835 42.137321
v  -3.346133 -1.937849 59.591381
v  -2.176131 0.093516 58.413734
v  -0.806137 -3.225695 57.729885
v  -1.586138 -3.986042 58.029003
v  -2.376137 -3.215473 57.539898
v  -3.416131 0.082996 58.863724
v  -2.616124 2.930895 60.677025
v  -1.256127 2.783408 58.506851
v  -2.176131 0.093516 58.413734
v  20.495636 3.057211 54.192265
v  23.557503 2.772229 56.197948
v  19.128918 2.679942 55.253368
v  22.161999 -0.054475 57.805840
v  17.677172 -0.125247 57.543476
v  20.027645 -3.140546 56.831825
v  16.475279 -3.639802 56.367397
v  16.494585 -3.864694 53.129166
v  12.043793 -4.310709 52.609436
v  22.459389 -0.549450 52.072884
v  19.258627 2.657407 53.438828
v  17.733078 -0.585471 51.846813
v  15.866308 3.099341 54.506405
v  12.462404 -0.405472 51.005791
v  12.482252 3.491946 53.982475
v  10.279528 3.453568 53.652576
v  9.838682 2.550858 57.921879
v  8.736737 4.606949 52.767361
v  32.814194 -2.138440 54.313461
v  31.811560 -2.083977 52.897530
v  34.505810 -2.262407 53.212837
v  34.326263 -2.224036 52.657959
v  34.504410 -2.922956 53.244026
v  34.282249 -2.859333 52.590424
v  32.847317 -3.040384 54.303410
v  31.794708 -2.837579 52.932175
v  29.840979 -1.870889 53.481743
v  8.144202 1.668099 4.575838
v  10.044198 2.569654 0.086148
v  10.058223 -0.318772 4.772486
v  10.674202 -0.080338 0.065231
v  10.574209 -4.541206 2.573689
v  11.154208 -4.960337 0.063543
v  9.754213 -8.415707 1.903682
v  10.284212 -8.595058 0.033619
v  7.154215 -9.025872 2.373473
v  -29.378864 1.022177 53.825493
v  -29.117565 1.761040 54.809311
v  -29.489012 0.992796 56.124275
v  -28.990168 -0.399099 56.649139
v  -29.475401 -1.798703 56.163589
v  -28.992247 -2.698808 54.286022
v  -29.375685 -1.870903 53.472542
v  -28.934072 -0.295085 52.742218
v  -29.378864 1.022177 53.825493
v  -29.375685 -1.870903 53.472542
v  -31.309687 -2.820325 52.931450
v  -32.358192 -3.031958 54.325165
v  -33.815544 -2.849533 52.591568
v  -34.033733 -2.911759 53.236099
v  -33.828232 -2.211297 52.662231
v  -34.033955 -2.253489 53.227119
v  -31.318089 -2.063421 52.901009
v  -32.325588 -2.130523 54.312870
v  -8.273175 4.528555 52.616238
v  -9.810542 3.463854 53.622726
v  -11.984410 -0.388889 50.996689
v  -11.994215 3.503398 53.970459
v  -15.387749 3.150028 54.477982
v  -9.370252 2.506170 57.904591
v  -12.396893 -0.369286 57.890453
v  -9.540594 -0.078204 58.360767
v  -9.249498 -3.339937 56.526711
v  -11.575680 -4.306885 52.593075
v  -16.026257 -3.883944 53.098694
v  -16.017643 -3.669789 56.366425
v  -19.559990 -3.170844 56.841084
v  -17.199852 -0.115856 57.563980
v  -21.694798 -0.035058 57.826397
v  -18.670532 2.690677 55.223461
v  -23.080050 2.832189 56.199783
v  -20.017263 3.077937 54.163063
v  8.653861 -0.099458 49.577351
v  7.793872 5.628743 51.133995
v  7.923857 -0.111245 45.440109
v  6.203867 5.797511 46.556725
v  7.253856 0.047983 43.211655
v  4.913864 5.457333 43.817524
v  7.083853 0.070303 41.071678
v  4.913862 5.229577 41.747276
v  5.916948 5.320892 39.413857
v  -4.586157 -6.778760 43.232658
v  -2.486157 -6.918707 43.182499
v  -2.316155 -5.788843 43.303764
v  -1.376154 -7.722995 47.011600
v  -1.106152 -6.343109 47.113144
v  -1.686153 -7.794796 48.621521
v  -1.396150 -6.424899 48.713055
v  1.233848 -8.596905 50.500622
v  1.513850 -7.217007 50.592163
v  -0.386137 -2.457095 64.503990
v  -0.316138 -2.387236 64.914009
v  -0.156136 -2.277037 64.334053
v  -0.096137 -2.197189 64.774078
v  0.093865 -2.066969 64.134125
v  0.323864 -2.047073 64.434128
v  0.333867 -1.666787 63.604263
v  0.573866 -1.636877 63.864273
v  0.513869 -1.166647 63.194435
v  -0.586134 -2.276775 63.574051
v  -0.106134 -2.176783 63.594086
v  -0.366134 -2.296669 63.264042
v  0.073867 -2.136680 63.294098
v  -0.336133 -2.126542 62.894104
v  0.093867 -1.986591 63.034153
v  -0.346132 -1.916456 62.644173
v  0.083868 -1.796505 62.784218
v  -0.346130 -1.286463 62.664391
v  1.003861 -1.797587 65.925224
v  1.123864 -0.737446 65.515587
v  0.903863 -1.987284 65.045158
v  1.053867 -0.647075 64.435623
v  0.673865 -1.946988 64.185173
v  0.843868 -0.826875 63.855560
v  0.523866 -1.976850 63.785164
v  0.653868 -0.966747 63.485512
v  0.353868 -1.506602 63.065323
v  0.763860 -2.847428 65.464867
v  0.903863 -1.987284 65.045158
v  0.563862 -2.807194 64.784874
v  0.673865 -1.946988 64.185173
v  0.323863 -2.706953 64.084908
v  0.523866 -1.976850 63.785164
v  0.233866 -2.356691 63.325031
v  0.353868 -1.506602 63.065323
v  0.043868 -1.956474 62.695168
v  -0.716129 -0.166679 63.296780
v  0.063869 -0.306929 64.016731
v  -1.066131 -0.256823 63.716751
v  0.093868 -0.217101 64.516769
v  -0.776131 -0.186975 64.156776
v  0.203867 -0.057283 65.046822
v  -0.736132 0.162815 64.766891
v  -0.096133 0.202638 65.276909
v  -1.016133 0.452637 65.286995
v  -0.376135 -0.807255 64.968559
v  -0.156134 -0.247266 64.998756
v  -0.316133 -0.437173 64.728691
v  -0.396133 -0.177190 64.778778
v  -0.546133 -0.427107 64.538689
v  -0.586133 -0.187162 64.698776
v  -0.636134 -0.697162 64.698601
v  -0.776136 -0.707471 65.598595
v  -0.516137 -1.267526 65.758400
v  -0.106137 -1.837269 65.009209
v  0.433865 -2.156965 64.119095
v  -0.026134 -1.536998 64.219307
v  0.483867 -1.796728 63.429222
v  0.143868 -1.056744 63.479477
v  0.413868 -1.686666 63.249260
v  0.143869 -0.936703 63.359516
v  0.393868 -1.586624 63.129295
v  0.553869 -0.876683 63.299538
v  -0.586137 -1.917248 64.951180
v  -0.676136 -1.987145 64.651154
v  -0.676137 -1.857248 64.951195
v  -0.776136 -1.907145 64.651176
v  -1.016136 -1.737138 64.631241
v  -0.926134 -1.706931 64.031250
v  -1.146134 -1.546928 64.021301
v  -0.996132 -1.476732 63.451328
v  -1.296133 -1.416869 63.851349
v  -0.566137 -1.827348 65.241211
v  -0.586137 -1.917248 64.951180
v  -0.676137 -1.857248 64.951195
v  -0.936136 -1.737241 64.931236
v  -1.346136 -1.577292 65.081291
v  -1.286137 -1.687395 65.381256
v  -0.526138 -1.827472 65.601212
v  0.313862 -1.787443 65.511223
v  0.363863 -1.737354 65.251244
v  -0.456133 -2.356613 63.101028
v  -0.456133 -2.226558 62.941071
v  -0.676133 -2.126578 63.001106
v  -0.466132 -1.936537 62.881172
v  -0.726132 -1.846567 62.971203
v  -0.476131 -1.626513 62.811279
v  -0.836131 -1.496526 62.851322
v  -0.736130 -1.516420 62.541313
v  -1.056130 -1.356436 62.591370
v  1.313866 -0.867195 64.783539
v  1.073866 -0.117425 65.453796
v  1.063869 -0.037009 64.243828
v  0.983869 -0.346833 63.733719
v  1.273867 -0.947002 64.223511
v  1.323865 -1.507044 64.343323
v  1.253863 -1.787270 65.003227
v  1.103863 -0.727580 65.903587
v  1.073866 -0.117425 65.453796
v  0.953871 0.533156 63.766022
v  0.873868 0.542740 64.976021
v  -0.436132 -0.157013 64.265778
v  -0.346135 -0.307447 65.525726
v  -0.796135 -0.977205 64.825500
v  -0.426137 -0.877598 65.965530
v  -0.746137 -1.637367 65.295273
v  -0.376139 -1.467725 66.335327
v  -0.626139 -2.467425 65.464989
v  -0.426136 -0.367647 66.107704
v  -0.256138 -1.537547 65.817307
v  -0.706135 -0.667367 65.297600
v  -0.426137 -1.907234 64.907181
v  -0.806133 -0.347127 64.597710
v  -0.346136 -1.947134 64.617165
v  -0.706132 -0.327017 64.277718
v  -0.236136 -1.967024 64.297157
v  -0.366134 -1.556862 63.827297
v  -0.346136 -1.747121 64.578232
v  0.363863 -2.037157 64.678131
v  -0.016135 -1.876953 64.088188
v  0.683864 -2.066999 64.218124
v  0.403868 -1.666638 63.168262
v  0.863866 -1.856776 63.568199
v  0.573869 -1.486470 62.678326
v  0.973868 -1.696594 63.038254
v  1.003868 -1.726570 62.968243
v  -0.386137 -1.567434 65.489304
v  0.313863 -1.257466 65.579407
v  -0.406137 -1.887228 64.889191
v  0.363864 -1.677257 64.969269
v  -0.386135 -2.056980 64.169136
v  0.423865 -1.936975 64.149178
v  -0.346134 -2.156746 63.489098
v  0.383866 -1.986731 63.439159
v  -0.316133 -2.236530 62.859070
v  1.173870 -0.316785 63.591732
v  1.213867 -1.296860 63.811398
v  0.913867 -0.107214 64.841805
v  1.113865 -1.297190 64.771393
v  0.743865 -0.307386 65.341736
v  0.853863 -1.477369 65.291336
v  0.483864 -0.527516 65.721657
v  0.573861 -2.257443 65.511063
v  0.113861 -1.897608 65.991188
v  -0.196133 -0.467165 64.704674
v  -0.766135 -1.187146 64.654427
v  -0.656132 -0.586964 64.124634
v  0.693870 0.173174 63.714901
v  0.773868 0.022919 64.454849
v  0.803866 -0.497315 65.134666
v  0.103863 -1.387426 65.464363
v  -0.556136 -1.377308 65.124367
v  -0.766135 -1.187146 64.654427
v  8.261690 0.162910 58.268196
v  9.838682 2.550858 57.921879
v  9.917349 -0.029381 58.417942
v  9.415611 -3.280828 56.499691
v  6.366183 -3.876560 56.804115
v  3.893870 0.212974 58.873867
v  6.666981 3.553228 57.387436
v  9.838682 2.550858 57.921879
v  1.643864 -6.005572 39.331882
v  1.633843 -6.050054 41.405048
v  6.213848 -3.990973 42.247276
v  6.053845 -4.218684 40.137028
v  6.996908 -5.038107 31.864132
v  2.139987 -7.014581 32.304096
v  -1.196136 -5.985548 39.241890
v  1.633843 -6.050054 41.405048
v  0.253877 8.787244 52.437664
v  4.453881 8.852509 56.517738
v  0.253883 10.814473 54.830017
v  0.253888 10.938132 60.300163
v  -3.876120 8.852683 56.377747
v  -4.776117 8.017899 60.506783
v  -3.596123 7.213971 55.265846
v  -5.326124 4.479687 58.962681
v  -6.008180 -3.876570 56.796532
v  0.243858 -5.286340 55.521351
v  -7.996145 -4.321204 51.102474
v  -9.249498 -3.339937 56.526711
v  -7.822504 0.052902 58.246147
v  -3.416131 0.082996 58.863724
v  -2.376137 -3.215473 57.539898
v  0.243858 -5.286340 55.521351
v  -7.019462 4.032636 11.164397
v  -6.434275 3.613540 17.480988
v  -11.288029 -0.559943 11.142879
v  -9.631348 -0.185825 8.488066
v  -7.256177 2.331428 8.917719
v  -5.135960 -0.407630 8.213487
v  -3.092710 -0.593250 10.464104
v  -6.434275 3.613540 17.480988
v  6.473115 3.908257 11.194430
v  11.029727 -0.888821 11.136667
v  6.706821 3.609546 17.503872
v  3.038649 -0.362093 10.510069
v  5.349031 -0.397120 8.300046
v  7.479146 2.341953 9.005665
v  9.855825 -0.184494 8.565370
v  11.029727 -0.888821 11.136667
v  -7.006588 -9.025853 2.233494
v  -9.596590 -8.415694 1.763711
v  -8.106592 -4.831479 3.263614
v  -10.416594 -4.541195 2.433719
v  -8.146592 -2.322086 5.024481
v  -9.894794 -0.322543 4.640142
v  -7.445314 -2.978805 8.611032
v  -9.631348 -0.185825 8.488066
v  1.233865 -0.977292 65.066505
v  1.033865 -0.737354 65.246590
v  0.093868 -0.217101 64.516769
v  0.063869 -0.306929 64.016731
v  0.923867 -0.976948 64.066505
v  1.113866 -1.406958 64.096359
v  1.483863 -1.437420 65.436348
v  1.563862 -1.347571 65.876381
v  -0.226129 -0.376619 63.116711
v  0.503870 -0.856613 63.096546
v  0.923867 -0.976948 64.066505
v  0.743869 -1.286610 63.086399
v  1.113866 -1.406958 64.096359
v  0.853868 -1.776610 63.086231
v  1.303864 -1.917127 64.586182
v  1.103865 -2.086879 63.866127
v  0.043864 -2.386974 64.148018
v  0.313864 -2.776806 63.657887
v  0.203867 -2.006716 63.398151
v  -0.116134 -1.576867 63.838299
v  -0.296135 -1.547028 64.308304
v  -0.076137 -2.337114 64.558037
v  0.223862 -3.077053 64.377785
v  0.313864 -2.776806 63.657887
v  -0.306137 -1.537318 65.150307
v  -0.506137 -1.457396 65.380333
v  -0.106138 -1.677486 65.640259
v  0.123862 -1.747415 65.430237
v  -0.096136 -1.657232 64.900269
v  -0.386134 -1.277056 64.390396
v  -0.556135 -1.167162 64.700432
v  -0.506137 -1.457396 65.380333
v  -0.196136 -1.897146 64.651184
v  -0.276134 -1.806909 63.961216
v  -0.436136 -1.977149 64.661156
v  -0.506137 -1.887256 64.971191
v  -0.246137 -1.847263 64.991203
v  0.143864 -1.847147 64.651199
v  -0.016134 -1.706882 63.881252
v  -0.276134 -1.806909 63.961216
v  1.073868 -0.097064 64.404808
v  -0.376133 0.232691 65.124916
v  -0.396131 0.213049 64.084908
v  0.973870 -0.356700 63.344715
v  2.083867 -1.096867 63.824463
v  2.213865 -1.027252 64.944489
v  1.083865 -0.207504 65.684769
v  -0.376133 0.232691 65.124916
v  -0.786130 0.243169 63.736916
v  -0.546130 0.163097 63.946888
v  -0.826131 0.243022 64.166916
v  -1.036130 0.293087 63.976933
v  -0.926129 0.253228 63.566921
v  -0.736128 0.043444 62.936848
v  -0.516128 0.063392 63.086857
v  -0.546130 0.163097 63.946888
v  1.013864 -0.787423 65.449570
v  1.453865 -0.427373 65.299698
v  1.183865 -1.157210 64.829445
v  1.593866 -0.727160 64.679596
v  1.183866 -1.456956 64.089340
v  1.613867 -0.846957 64.089554
v  1.093867 -1.566746 63.479305
v  1.543868 -0.986747 63.479504
v  0.863862 -1.397530 65.762360
v  0.243865 -0.527443 65.512657
v  1.143866 -0.577287 65.052643
v  1.473863 -1.387415 65.422363
v  1.113860 -2.207582 65.912086
v  0.503860 -2.257647 66.102066
v  -0.026138 -1.467611 66.002335
v  0.243865 -0.527443 65.512657
v  -0.416137 -1.097494 65.663460
v  -0.336133 0.322599 65.393951
v  0.293863 -1.337502 65.683380
v  0.283861 -2.647392 65.362930
v  -0.496139 -2.417394 65.373009
v  -1.166136 -0.827406 65.413551
v  -0.896133 0.432641 65.273987
v  -0.336133 0.322599 65.393951
v  0.973863 -1.097490 65.643463
v  1.683864 -0.837412 65.413551
v  1.043861 -2.407397 65.373016
v  0.283861 -2.647392 65.362930
v  0.293863 -1.337502 65.683380
v  0.883867 0.312599 65.383949
v  1.413867 0.422639 65.263985
v  1.683864 -0.837412 65.413551
v  -0.596132 -0.346996 64.215714
v  -0.536134 -1.596941 64.055290
v  -0.576132 -1.546662 63.245304
v  -0.666130 -0.466710 63.385677
v  -0.356130 0.572959 64.346031
v  -0.226132 0.442801 64.805992
v  -0.456134 -0.517199 64.805656
v  -0.536134 -1.596941 64.055290
v  8.268635 2.746343 35.769302
v  8.677425 -2.046012 35.764534
v  7.083853 0.070303 41.071678
v  5.916948 5.320892 39.413857
v  6.608096 5.867831 32.478661
v  8.927299 0.270135 31.748116
v  8.677425 -2.046012 35.764534
v  -2.486157 -6.918707 43.182499
v  -4.586157 -6.778760 43.232658
v  -6.066150 -7.187723 51.242207
v  -3.836150 -7.658162 51.631676
v  -2.836151 -7.767190 50.761555
v  -1.686153 -7.794796 48.621521
v  -1.376154 -7.722995 47.011600
v  -2.316155 -5.788843 43.303764
v  -1.106152 -6.343109 47.113144
v  -1.396150 -6.424899 48.713055
v  -2.556149 -6.407326 50.883076
v  -3.566148 -6.288276 51.733208
v  -5.796148 -5.817825 51.333740
v  -4.306154 -5.408895 43.354191
v  0.203850 -8.579243 52.590641
v  -2.836151 -7.767190 50.761555
v  -2.556149 -6.407326 50.883076
v  -3.836150 -7.658162 51.631676
v  -3.566148 -6.288276 51.733208
v  -6.066150 -7.187723 51.242207
v  -5.796148 -5.817825 51.333740
v  35.122135 1.012232 56.022243
v  33.372681 1.242381 56.878971
v  34.577843 1.023218 55.201618
v  36.221836 0.646913 54.731846
v  36.575821 -1.652043 54.731659
v  35.109394 -2.108136 56.016090
v  33.372681 1.242381 56.878971
v  23.745274 -3.823161 53.219212
v  23.842869 -3.552973 56.646145
v  29.458591 -2.708364 54.275036
v  29.400410 -0.304638 52.731239
v  22.459389 -0.549450 52.072884
v  20.111164 -3.228513 52.525124
v  23.842869 -3.552973 56.646145
v  8.264210 -4.831500 3.413590
v  8.304208 -2.312105 5.164461
v  10.574209 -4.541206 2.573689
v  9.754213 -8.415707 1.903682
v  7.154215 -9.025872 2.373473
v  6.694209 -4.521412 3.153698
v  8.304208 -2.312105 5.164461
v  6.362575 -0.505789 5.077953
v  6.274208 -4.960344 0.063547
v  6.044200 0.279652 0.075359
v  6.934197 2.699646 0.096195
v  8.144202 1.668099 4.575838
v  5.349031 -0.397120 8.300046
v  7.632851 -2.966003 8.663786
v  -17.234474 -0.584594 51.807533
v  -21.991226 -0.538988 52.053204
v  -19.642231 -3.247249 52.474678
v  -23.266293 -3.851861 53.168736
v  -23.374947 -3.593016 56.645153
v  -28.992247 -2.698808 54.286022
v  -28.990168 -0.399099 56.649139
v  -32.838669 1.300060 55.202351
v  -32.918102 1.262829 56.850655
v  -34.102100 1.023394 55.183365
v  -32.834217 -2.080655 55.214355
v  -32.358192 -3.031958 54.325165
v  -32.325588 -2.130523 54.312870
v  -31.344397 0.675318 54.533440
v  0.593863 -1.977183 64.754158
v  0.573866 -1.636877 63.864273
v  0.323864 -2.047073 64.434128
v  0.143862 -2.137289 65.064102
v  0.203862 -2.117303 65.104103
v  0.393861 -2.147509 65.704094
v  0.933861 -1.907490 65.644180
v  0.303870 0.453116 63.885998
v  0.823867 0.312599 65.385948
v  0.513869 0.632830 64.716057
v  0.963865 0.392365 66.065979
v  0.713868 0.942534 65.576164
v  1.033864 0.412220 66.485985
v  0.823866 0.962379 66.026176
v  0.103867 1.152441 65.849236
v  -0.266135 0.522284 66.309021
v  0.193868 0.972592 65.409172
v  -0.166134 0.492435 65.869011
v  0.333869 0.682901 64.509071
v  0.023867 0.202710 65.068909
v  0.483871 0.193300 63.348907
v  1.713865 -0.807254 64.951561
v  1.903867 -0.627086 64.461624
v  1.583866 -1.127116 64.551453
v  1.753867 -0.926951 64.071526
v  1.363866 -1.266961 64.101402
v  1.363869 -0.906634 63.151531
v  0.853869 -1.166633 63.151440
v  -0.456133 -2.356613 63.101028
v  -0.466134 -2.426678 63.291004
v  -0.276134 -2.286644 63.191051
v  -0.476134 -2.386726 63.431015
v  -0.276134 -2.206689 63.321079
v  -0.496135 -2.336767 63.551033
v  -0.476135 -2.166943 64.061089
v  1.193863 -1.427407 65.401352
v  1.093862 -1.507503 65.681320
v  1.713864 -0.967453 65.531509
v  1.053862 -1.377572 65.881363
v  1.663864 -0.797525 65.741570
v  0.993862 -1.217637 66.071419
v  1.373863 -0.477789 66.511673
v  -1.296133 -1.416869 63.851349
v  -1.436135 -1.507064 64.421318
v  -1.146134 -1.546928 64.021301
v  -1.256135 -1.597130 64.611282
v  -1.016136 -1.737138 64.631241
v  -0.936136 -1.737241 64.931236
v  -0.676137 -1.857248 64.951195
v  0.373862 -2.767141 64.631889
v  0.893863 -2.197111 64.542084
v  0.403863 -2.657037 64.331924
v  0.803864 -2.207008 64.242081
v  0.303864 -2.656945 64.061928
v  0.693865 -2.206908 63.952080
v  0.523865 -2.466794 63.621990
v  0.943860 -2.517586 65.922974
v  1.043861 -1.587648 66.103294
v  1.053861 -2.587328 65.172951
v  1.253863 -1.787270 65.003227
v  1.163863 -2.347126 64.583031
v  1.323865 -1.507044 64.343323
v  1.193865 -2.066913 63.963127
v  -1.196136 -0.217664 66.164757
v  -1.686135 -0.257467 65.594742
v  -0.376133 0.232691 65.124916
v  -1.656132 -0.227065 64.424751
v  -0.396131 0.213049 64.084908
v  -1.606130 -0.416732 63.454689
v  -0.366129 -0.086628 63.144806
v  -0.606137 -1.567425 65.466293
v  -0.476139 -2.707285 65.055901
v  -0.796135 -1.277205 64.826393
v  -0.586137 -2.477071 64.435982
v  -0.806133 -0.926954 64.096512
v  -0.476136 -2.476972 64.145981
v  -0.516135 -2.096828 63.726112
v  0.573869 -1.486470 62.678326
v  0.233870 -1.256362 62.368404
v  0.403868 -1.666638 63.168262
v  -0.146131 -1.366616 63.108364
v  -0.016135 -1.876953 64.088188
v  -0.586134 -1.456931 64.028328
v  -0.346136 -1.747121 64.578232
v  1.213867 -1.296860 63.811398
v  1.013865 -2.316836 63.741047
v  1.113865 -1.297190 64.771393
v  0.883863 -2.337121 64.571037
v  0.853863 -1.477369 65.291336
v  0.633861 -2.997216 64.850807
v  0.573861 -2.257443 65.511063
v  1.533862 -1.577491 65.644302
v  0.953860 -2.347552 65.824036
v  1.003862 -1.427494 65.654350
v  0.413860 -2.217537 65.784081
v  0.103863 -1.387426 65.464363
v  -0.176139 -2.177474 65.604088
v  -0.556136 -1.377308 65.124367
v  -0.906137 -1.997238 64.924149
v  -1.046136 -1.847094 64.504204
v  -0.766135 -1.187146 64.654427
v  -1.086133 -1.256946 64.074402
v  -0.656132 -0.586964 64.124634
v  -0.956131 -0.746788 63.614578
v  0.193871 0.093360 63.174870
v  1.013862 -1.157563 65.855438
v  0.873860 -2.417480 65.615005
v  0.363863 -1.137500 65.675446
v  0.433861 -2.757338 65.204887
v  -0.186137 -1.557333 65.195305
v  0.133861 -3.007152 64.664803
v  -0.216137 -2.377065 64.415016
v  -0.596131 -0.906631 63.156525
v  -0.766129 0.203234 63.546906
v  -0.506132 -0.496910 63.966663
v  -0.666131 0.292970 64.316933
v  -0.496133 -0.367130 64.606712
v  -0.586132 0.382780 64.866966
v  -0.346134 -0.277330 65.186737
v  1.263863 -3.275698 57.729824
v  2.713870 0.283601 58.333950
v  3.863868 -1.947860 59.591362
v  1.733874 2.773392 58.516838
v  3.153876 2.920898 60.667007
v  0.253879 4.991620 60.049412
v  1.733874 2.773392 58.516838
v  -1.256127 2.783408 58.506851
v  0.253879 4.991620 60.049412
v  -2.616124 2.930895 60.677025
v  -2.926126 3.433283 58.617607
v  -3.416131 0.082996 58.863724
v  4.173878 7.203797 55.405827
v  5.973877 4.459716 58.922646
v  5.383884 7.997917 60.476749
v  4.453881 8.852509 56.517738
v  0.253877 8.787244 52.437664
v  0.253873 5.896691 52.914314
v  0.243860 -4.293649 33.752472
v  -0.513575 -0.635083 26.430887
v  -2.058864 -5.516438 27.536354
v  -2.122162 -0.743680 21.457039
v  -4.184351 -4.372891 21.679895
v  -4.799615 -3.747296 19.527529
v  -4.979823 4.663385 27.240191
v  0.823453 2.421753 32.830162
v  -4.156794 5.699212 34.018181
v  -9.086431 -0.210036 28.300028
v  -9.148669 -0.744970 22.476450
v  -5.510810 2.587322 22.831991
v  -2.926126 3.433283 58.617607
v  -3.416131 0.082996 58.863724
v  -6.140092 3.563210 57.401562
v  -7.822504 0.052902 58.246147
v  -9.370252 2.506170 57.904591
v  -9.540594 -0.078204 58.360767
v  12.482252 3.491946 53.982475
v  15.866308 3.099341 54.506405
v  9.838682 2.550858 57.921879
v  12.864187 -0.373318 57.869743
v  9.917349 -0.029381 58.417942
v  9.415611 -3.280828 56.499691
v  -2.122162 -0.743680 21.457039
v  -2.931187 -0.746131 18.218239
v  -4.799615 -3.747296 19.527529
v  -3.092710 -0.593250 10.464104
v  -7.190846 -4.645269 10.430414
v  -7.445314 -2.978805 8.611032
v  3.038649 -0.362093 10.510069
v  3.202244 -0.740935 18.251768
v  5.074552 -3.762102 19.533670
v  2.383328 -0.748694 21.489220
v  4.452141 -4.391078 21.665125
v  2.309720 -5.476779 27.857147
v  4.662942 4.502141 27.721420
v  5.813190 2.601428 22.858177
v  9.401435 -0.740861 22.496506
v  8.962820 -0.583443 28.198378
v  4.512286 5.647027 34.098114
v  -0.306040 2.441720 32.835438
v  10.674202 -0.080338 0.065231
v  10.044198 2.569654 0.086148
v  6.934197 2.699646 0.096195
v  6.044200 0.279652 0.075359
v  6.274208 -4.960344 0.063547
v  11.154208 -4.960337 0.063543
v  -6.126598 -4.960325 -0.066435
v  -5.886605 0.279676 -0.064625
v  -10.526605 -0.080331 -0.064740
v  -11.006598 -4.960335 -0.056425
v  -10.136593 -8.595052 -0.096350
v  -6.876593 -9.195050 -0.086564
v  1.553865 0.482271 66.336014
v  1.343864 0.212209 66.515915
v  1.243865 0.472313 66.216003
v  1.043864 0.172265 66.355904
v  0.963865 0.392365 66.065979
v  1.053864 -0.117694 66.235802
v  -0.526138 -1.827472 65.601212
v  -1.286137 -1.687395 65.381256
v  -1.246138 -1.697515 65.731255
v  -0.496139 -1.797582 65.921219
v  0.303861 -1.767556 65.841232
v  0.313862 -1.787443 65.511223
v  -0.116133 -2.086607 63.081120
v  -0.206135 -2.086847 63.781120
v  -0.096133 -1.796648 63.201221
v  -0.276134 -1.806909 63.961216
v  -0.086132 -1.526693 63.331314
v  -0.016134 -1.706882 63.881252
v  1.063869 -0.037009 64.243828
v  1.073866 -0.117425 65.453796
v  0.753868 0.582751 64.944038
v  0.623871 0.513133 63.834015
v  0.533871 0.253298 63.353924
v  0.983869 -0.346833 63.733719
v  -0.276129 -0.036643 63.186821
v  -0.026127 0.153525 62.696888
v  -0.546130 0.163097 63.946888
v  -0.246128 0.623247 63.507050
v  -0.636131 0.242921 64.456917
v  -0.366129 0.723079 63.997082
v  -0.166130 -0.986523 62.837494
v  -0.426129 -0.076595 63.047806
v  -0.396132 -1.106725 63.427452
v  -0.646130 0.043117 63.887848
v  -0.366134 -1.556862 63.827297
v  -0.706132 -0.327017 64.277718
v  0.413868 0.522752 64.942017
v  0.303870 0.992931 64.422180
v  0.863869 0.432965 64.321991
v  0.703871 0.853123 63.862133
v  1.053872 0.233349 63.201923
v  0.723874 0.853487 62.802135
v  -0.026138 -1.467611 66.002335
v  0.503860 -2.257647 66.102066
v  -0.016141 -2.407662 66.152008
v  -0.576139 -1.627610 66.002281
v  -0.616136 -0.687486 65.642601
v  0.243865 -0.527443 65.512657
v  0.773868 0.022919 64.454849
v  0.693870 0.173174 63.714901
v  1.503871 0.363258 63.464966
v  1.543869 0.223021 64.154915
v  1.573867 -0.137189 64.764793
v  0.803866 -0.497315 65.134666
v  1.263865 -2.886800 58.680275
v  1.263863 -3.275698 57.729824
v  -0.726135 -2.876855 58.730289
v  -0.806137 -3.225695 57.729885
v  -2.176131 0.093516 58.413734
v  5.973877 4.459716 58.922646
v  4.173878 7.203797 55.405827
v  0.253875 4.832669 56.383083
v  0.253873 5.896691 52.914314
v  -3.596123 7.213971 55.265846
v  5.074552 -3.762102 19.533670
v  7.253870 -4.644826 10.363411
v  3.038649 -0.362093 10.510069
v  7.632851 -2.966003 8.663786
v  5.349031 -0.397120 8.300046
v  -32.926899 -2.108869 56.924652
v  -34.629601 -2.097832 55.988842
v  -32.918102 1.262829 56.850655
v  -34.638340 1.022667 55.985828
v  -34.102100 1.023394 55.183365
v  -11.984410 -0.388889 50.996689
v  -15.387749 3.150028 54.477982
v  -17.234474 -0.584594 51.807533
v  -18.780033 2.678397 53.399632
v  -21.991226 -0.538988 52.053204
v  -6.126598 -4.960325 -0.066435
v  -7.006588 -9.025853 2.233494
v  -6.546593 -4.531386 3.003714
v  -8.106592 -4.831479 3.263614
v  -8.146592 -2.322086 5.024481
v  -2.556149 -6.407326 50.883076
v  0.443852 -7.209378 52.712177
v  0.203850 -8.579243 52.590641
v  1.513850 -7.217007 50.592163
v  1.233848 -8.596905 50.500622
v  1.213863 -0.117818 66.595802
v  1.323863 -0.107842 66.665810
v  1.153863 -0.387776 66.475708
v  1.293862 -0.377794 66.525711
v  1.123863 -0.637718 66.305626
v  1.123863 -0.637718 66.305626
v  1.123863 -0.077821 66.605820
v  1.093864 -0.117677 66.185806
v  1.033864 0.412220 66.485985
v  0.963865 0.392365 66.065979
v  -0.946136 -1.267274 65.027405
v  -0.796134 -1.676968 64.137260
v  -0.616134 -1.296965 64.127396
v  -0.476132 -1.576632 63.157295
v  -0.266131 -1.156633 63.157440
v  0.643870 -0.166704 63.359783
v  0.143871 0.193238 63.529907
v  0.233870 -0.196782 63.589771
v  -0.256130 0.143116 63.889889
v  -0.126131 -0.226823 63.709759
v  0.383863 -1.977240 64.920158
v  0.433862 -2.067326 65.170128
v  0.693863 -2.087223 64.870125
v  0.693862 -2.187309 65.120087
v  1.003862 -2.117279 65.030113
v  0.143863 -1.847233 64.900200
v  -0.096136 -1.657232 64.900269
v  0.183863 -1.877281 65.040192
v  0.123862 -1.747415 65.430237
v  0.353862 -1.977453 65.540161
v  -0.476131 -1.626513 62.811279
v  -0.466132 -1.936537 62.881172
v  -0.246132 -1.866558 62.941196
v  -0.276133 -2.146572 62.981098
v  -0.116133 -2.086607 63.081120
v  -0.496135 -2.336767 63.551033
v  -0.476134 -2.386726 63.431015
v  -0.716134 -2.186695 63.341084
v  -0.676134 -2.266646 63.201057
v  -0.866133 -2.046619 63.121132
v  -1.246131 -1.216611 63.101418
v  -1.046132 -1.606611 63.101284
v  -1.206131 -1.256584 63.021404
v  -1.006132 -1.636588 63.031273
v  -1.166131 -1.276556 62.941395
v  0.303861 -1.767556 65.841232
v  -0.496139 -1.797582 65.921219
v  0.283861 -1.627632 66.061279
v  0.253860 -1.407804 66.561356
v  0.933861 -1.007812 66.581497
v  0.353871 -1.096370 62.391460
v  0.203869 -1.296518 62.821392
v  0.573870 -1.046440 62.591480
v  0.243869 -1.266528 62.851402
v  0.623870 -1.016450 62.621490
v  0.143861 -2.267515 65.722061
v  0.763862 -1.867430 65.472198
v  0.343862 -2.637220 64.861931
v  0.893863 -2.197111 64.542084
v  0.373862 -2.767141 64.631889
v  -0.836135 -1.796947 64.075218
v  -0.516131 -1.266611 63.095398
v  -0.666132 -0.966758 63.525501
v  -0.106129 -0.606474 62.695625
v  -0.216129 -0.326622 63.125721
v  -0.886133 -0.307116 64.566727
v  -0.856133 -0.607047 64.366623
v  -0.986133 -0.317146 64.656723
v  -0.986133 -0.617074 64.446617
v  -1.066133 -0.297163 64.706734
v  -0.226139 -0.907809 66.578522
v  0.243861 -1.667641 66.088264
v  -0.466138 -1.247547 65.818405
v  0.213861 -1.837576 65.898201
v  -0.506138 -1.437478 65.618340
v  0.963862 -2.117319 65.148109
v  1.443863 -2.177248 64.938087
v  0.623863 -2.057229 64.888130
v  1.133863 -2.137145 64.638100
v  0.913864 -2.117075 64.438110
v  -1.006135 0.252354 66.109924
v  -0.316136 0.062339 66.149864
v  -1.006136 -0.437567 65.879684
v  -0.346137 -0.777592 65.949570
v  -1.026137 -1.227426 65.469414
v  0.553863 -1.957251 64.950172
v  0.053862 -2.277267 65.000061
v  0.163862 -1.627435 65.490280
v  -0.536138 -1.857448 65.530197
v  -0.486137 -1.117554 65.840454
v  1.303867 -0.687105 64.520607
v  1.393869 0.052995 64.230865
v  1.323868 -0.796909 63.950569
v  1.493870 -0.016754 63.500839
v  1.363869 -0.846654 63.210552
v  -0.576139 -1.627610 66.002281
v  -1.136138 -1.437581 65.922340
v  -0.616136 -0.687486 65.642601
v  -1.416135 -0.607385 65.352631
v  -0.626134 -0.097311 65.132805
v  -0.626134 -0.097311 65.132805
v  -0.606131 0.292919 64.462936
v  0.243867 0.062794 64.822861
v  -0.566129 0.413177 63.712978
v  0.283870 0.233079 63.992920
v  -0.456134 -0.517199 64.805656
v  -0.226132 0.442801 64.805992
v  0.003867 0.272659 65.215935
v  0.253869 1.012765 64.906189
v  0.553866 0.212544 65.545914
v  -5.316134 5.787719 46.386726
v  -6.896147 0.078113 43.111702
v  -4.256137 5.447357 43.807522
v  -4.266140 5.219602 41.737274
v  0.253873 6.567572 52.155090
v  6.666981 3.553228 57.387436
v  0.253876 4.774344 57.699158
v  3.453875 3.413250 58.637577
v  0.243851 -6.850380 50.379532
v  0.183846 -6.811733 45.882618
v  -6.276153 -5.231176 45.394394
v  -1.206157 -6.029963 41.325073
v  2.139987 -7.014581 32.304096
v  -1.621381 -7.013777 32.307003
v  -1.196136 -5.985548 39.241890
v  -6.528087 -4.886967 31.871204
v  0.243860 -4.293649 33.752472
v  2.309720 -5.476779 27.857147
v  0.745636 -0.523712 26.884743
v  2.383328 -0.748694 21.489220
v  -2.376137 -3.215473 57.539898
v  -1.586138 -3.986042 58.029003
v  0.243858 -5.286340 55.521351
v  -0.806137 -3.225695 57.729885
v  -2.836151 -7.767190 50.761555
v  0.203850 -8.579243 52.590641
v  -1.686153 -7.794796 48.621521
v  1.233848 -8.596905 50.500622
v  -2.556149 -6.407326 50.883076
v  -1.396150 -6.424899 48.713055
v  0.443852 -7.209378 52.712177
v  1.513850 -7.217007 50.592163
v  -4.586157 -6.778760 43.232658
v  -4.306154 -5.408895 43.354191
v  -6.066150 -7.187723 51.242207
v  -5.796148 -5.817825 51.333740
v  0.253873 5.896691 52.914314
v  0.253877 8.787244 52.437664
v  -3.596123 7.213971 55.265846
v  -3.876120 8.852683 56.377747
v  29.939650 -1.789124 56.192974
v  33.319637 -2.080872 55.236359
v  29.840979 -1.870889 53.481743
v  32.847317 -3.040384 54.303410
v  34.282249 -2.859333 52.590424
v  34.326263 -2.224036 52.657959
v  31.794708 -2.837579 52.932175
v  31.811560 -2.083977 52.897530
v  34.505810 -2.262407 53.212837
v  34.504410 -2.922956 53.244026
v  32.814194 -2.138440 54.313461
v  32.847317 -3.040384 54.303410
v  31.811560 -2.083977 52.897530
v  32.814194 -2.138440 54.313461
v  31.811028 0.675227 54.543316
v  33.323063 1.279676 55.233963
v  -2.122162 -0.743680 21.457039
v  -6.434275 3.613540 17.480988
v  -2.931187 -0.746131 18.218239
v  -3.092710 -0.593250 10.464104
v  2.383328 -0.748694 21.489220
v  3.202244 -0.740935 18.251768
v  6.706821 3.609546 17.503872
v  3.038649 -0.362093 10.510069
v  7.024213 -9.195070 0.053414
v  10.284212 -8.595058 0.033619
v  6.274208 -4.960344 0.063547
v  11.154208 -4.960337 0.063543
v  -29.475401 -1.798703 56.163589
v  -29.375685 -1.870903 53.472542
v  -32.834217 -2.080655 55.214355
v  -32.358192 -3.031958 54.325165
v  -35.439121 0.662036 54.328991
v  -35.747898 0.667138 54.710739
v  -35.765465 -1.636781 54.313435
v  -36.116005 -1.631774 54.711174
v  -33.815544 -2.849533 52.591568
v  -31.309687 -2.820325 52.931450
v  -33.828232 -2.211297 52.662231
v  -31.318089 -2.063421 52.901009
v  -34.033955 -2.253489 53.227119
v  -32.325588 -2.130523 54.312870
v  -34.033733 -2.911759 53.236099
v  -32.358192 -3.031958 54.325165
v  -28.992247 -2.698808 54.286022
v  -23.266293 -3.851861 53.168736
v  -28.934072 -0.295085 52.742218
v  -21.991226 -0.538988 52.053204
v  -11.994215 3.503398 53.970459
v  -9.810542 3.463854 53.622726
v  -9.370252 2.506170 57.904591
v  -8.273175 4.528555 52.616238
v  -9.876609 2.569660 -0.033825
v  -10.526605 -0.080331 -0.064740
v  -6.776609 2.709668 -0.043783
v  -5.886605 0.279676 -0.064625
v  -7.256177 2.331428 8.917719
v  -9.631348 -0.185825 8.488066
v  -7.966599 1.658115 4.445856
v  -9.894794 -0.322543 4.640142
v  0.933867 -2.196597 63.046089
v  1.173865 -2.406869 63.836018
v  0.853868 -1.776610 63.086231
v  1.103865 -2.086879 63.866127
v  -0.716129 -0.166679 63.296780
v  -0.226129 -0.376619 63.116711
v  0.063869 -0.306929 64.016731
v  0.923867 -0.976948 64.066505
v  -0.296135 -1.547028 64.308304
v  -0.396136 -1.407234 64.908356
v  -0.076137 -2.337114 64.558037
v  -0.246139 -2.367365 65.288025
v  -0.786136 -0.197591 65.949768
v  -0.566137 -1.067551 65.829468
v  -0.656134 -0.047382 65.339821
v  -0.476136 -0.967351 65.249504
v  -0.556135 -1.167162 64.700432
v  -0.926136 -0.797430 65.480560
v  -0.506137 -1.457396 65.380333
v  -0.916137 -0.997536 65.790489
v  1.283864 -1.287304 65.101395
v  1.193863 -1.427407 65.401352
v  1.773865 -0.807347 65.221565
v  1.713864 -0.967453 65.531509
v  1.083865 -0.207504 65.684769
v  0.533864 -0.187692 66.234772
v  -0.376133 0.232691 65.124916
v  -0.336135 0.112419 65.914871
v  0.973870 -0.356700 63.344715
v  0.953870 -0.806514 62.804562
v  2.083867 -1.096867 63.824463
v  1.973868 -1.346705 63.354378
v  -0.426137 -1.907234 64.907181
v  -0.256138 -1.537547 65.817307
v  0.163862 -2.367342 65.217018
v  0.323860 -1.977634 66.067154
v  -0.706135 -0.667367 65.297600
v  -0.636133 0.472553 65.527992
v  -0.426136 -0.367647 66.107704
v  -0.516135 0.452298 66.267990
v  1.613867 -0.637085 64.462624
v  1.683865 -1.207264 64.982430
v  1.143866 -0.577287 65.052643
v  1.473863 -1.387415 65.422363
v  0.293863 -1.337502 65.683380
v  -0.336133 0.322599 65.393951
v  0.283866 0.172580 65.443901
v  0.283869 1.062693 65.114204
v  0.293863 -1.337502 65.683380
v  0.283866 0.172580 65.443901
v  0.883867 0.312599 65.383949
v  0.283869 1.062693 65.114204
v  8.763856 -4.271113 51.002514
v  6.366183 -3.876560 56.804115
v  9.415611 -3.280828 56.499691
v  0.243851 -6.850380 50.379532
v  -7.996145 -4.321204 51.102474
v  0.243858 -5.286340 55.521351
v  -2.014174 6.334866 40.249920
v  -4.266140 5.219602 41.737274
v  -5.620361 5.197454 39.602917
v  6.593849 -5.230927 45.154381
v  6.213848 -3.990973 42.247276
v  1.633843 -6.050054 41.405048
v  4.913862 5.229577 41.747276
v  2.230613 6.480828 39.965302
v  5.916948 5.320892 39.413857
v  3.251890 -5.368897 35.875931
v  7.253469 -0.149396 36.758415
v  6.700369 -5.505399 28.447130
v  6.666981 3.553228 57.387436
v  3.893870 0.212974 58.873867
v  3.453875 3.413250 58.637577
v  7.793872 5.628743 51.133995
v  8.653861 -0.099458 49.577351
v  8.736737 4.606949 52.767361
v  0.253888 10.938132 60.300163
v  4.453881 8.852509 56.517738
v  5.383884 7.997917 60.476749
v  6.608096 5.867831 32.478661
v  5.916948 5.320892 39.413857
v  3.470481 7.526121 32.806004
v  -2.753194 -5.358114 35.880779
v  -6.396639 -5.490750 28.286518
v  -6.899271 -0.094083 36.597321
v  -2.926126 3.433283 58.617607
v  -6.140092 3.563210 57.401562
v  0.253876 4.774344 57.699158
v  -4.586157 -6.778760 43.232658
v  -2.316155 -5.788843 43.303764
v  -4.306154 -5.408895 43.354191
v  0.253877 8.787244 52.437664
v  0.253883 10.814473 54.830017
v  -3.876120 8.852683 56.377747
v  0.253880 6.869863 58.805447
v  -1.956114 9.407045 61.238388
v  2.493887 9.407051 61.228386
v  -9.249498 -3.339937 56.526711
v  -9.540594 -0.078204 58.360767
v  -7.822504 0.052902 58.246147
v  22.459389 -0.549450 52.072884
v  17.733078 -0.585471 51.846813
v  20.111164 -3.228513 52.525124
v  34.577843 1.023218 55.201618
v  33.372681 1.242381 56.878971
v  33.323063 1.279676 55.233963
v  35.109394 -2.108136 56.016090
v  33.392483 -2.119127 56.944290
v  33.372681 1.242381 56.878971
v  29.409180 -0.387558 56.586060
v  29.458591 -2.708364 54.275036
v  23.842869 -3.552973 56.646145
v  36.575821 -1.652043 54.731659
v  36.239990 -1.646780 54.320576
v  35.109394 -2.108136 56.016090
v  35.927773 0.652080 54.336754
v  36.221836 0.646913 54.731846
v  34.577843 1.023218 55.201618
v  10.279528 3.453568 53.652576
v  8.736737 4.606949 52.767361
v  12.462404 -0.405472 51.005791
v  12.462404 -0.405472 51.005791
v  8.736737 4.606949 52.767361
v  8.653861 -0.099458 49.577351
v  -6.434275 3.613540 17.480988
v  -8.983125 -0.750068 19.058672
v  -11.288029 -0.559943 11.142879
v  -3.092710 -0.593250 10.464104
v  -5.135960 -0.407630 8.213487
v  -7.445314 -2.978805 8.611032
v  6.706821 3.609546 17.503872
v  11.029727 -0.888821 11.136667
v  9.234380 -0.744872 19.089397
v  8.144202 1.668099 4.575838
v  6.934197 2.699646 0.096195
v  10.044198 2.569654 0.086148
v  10.058223 -0.318772 4.772486
v  10.574209 -4.541206 2.573689
v  8.304208 -2.312105 5.164461
v  8.144202 1.668099 4.575838
v  7.479146 2.341953 9.005665
v  5.349031 -0.397120 8.300046
v  2.713870 0.283601 58.333950
v  1.263863 -3.275698 57.729824
v  1.263865 -2.886800 58.680275
v  1.263863 -3.275698 57.729824
v  3.863868 -1.947860 59.591362
v  2.143863 -4.006012 57.998978
v  -34.030373 -2.097436 55.192085
v  -32.834217 -2.080655 55.214355
v  -34.102100 1.023394 55.183365
v  -28.934072 -0.295085 52.742218
v  -29.117565 1.761040 54.809311
v  -29.378864 1.022177 53.825493
v  -31.318089 -2.063421 52.901009
v  -31.344397 0.675318 54.533440
v  -32.325588 -2.130523 54.312870
v  -11.984410 -0.388889 50.996689
v  -8.236141 -0.149432 49.577309
v  -8.273175 4.528555 52.616238
v  -7.966599 1.658115 4.445856
v  -5.135960 -0.407630 8.213487
v  -7.256177 2.331428 8.917719
v  -0.096137 -2.197189 64.774078
v  0.143862 -2.137289 65.064102
v  0.323864 -2.047073 64.434128
v  -0.106134 -2.176783 63.594086
v  -0.586134 -2.276775 63.574051
v  -0.316135 -2.196896 63.924076
v  -0.156136 -2.277037 64.334053
v  0.093865 -2.066969 64.134125
v  -0.116136 -2.226986 64.184067
v  1.123863 -0.637718 66.305626
v  1.123864 -0.737446 65.515587
v  1.003861 -1.797587 65.925224
v  1.293862 -0.377794 66.525711
v  1.323863 -0.107842 66.665810
v  1.413863 -0.077853 66.695816
v  1.303864 -1.917127 64.586182
v  1.483863 -1.437420 65.436348
v  1.113866 -1.406958 64.096359
v  1.033865 -0.737354 65.246590
v  0.203867 -0.057283 65.046822
v  0.093868 -0.217101 64.516769
v  0.313864 -2.776806 63.657887
v  0.503867 -2.406583 63.008015
v  0.203867 -2.006716 63.398151
v  0.373867 -2.056607 63.078133
v  0.753868 -1.936494 62.748177
v  0.583869 -1.626538 62.878281
v  0.333869 0.682901 64.509071
v  0.483871 0.193300 63.348907
v  0.613872 0.653262 63.459064
v  1.223870 -0.696595 63.039604
v  0.643870 -0.166704 63.359783
v  1.243870 -0.766636 63.159576
v  -0.476132 -0.796901 63.940563
v  -0.556135 -1.167162 64.700432
v  -0.386134 -1.277056 64.390396
v  0.363863 -1.737354 65.251244
v  0.813864 -1.597245 64.931290
v  -0.246137 -1.847263 64.991203
v  -0.436136 -1.977149 64.661156
v  -0.276134 -1.806909 63.961216
v  -0.206135 -2.086847 63.781120
v  -1.216138 -1.577591 65.951294
v  -0.496139 -1.797582 65.921219
v  -1.246138 -1.697515 65.731255
v  1.993869 -0.286948 64.061745
v  1.363869 -0.906634 63.151531
v  1.753867 -0.926951 64.071526
v  0.123870 -1.356411 62.511372
v  -0.186130 -1.516411 62.511314
v  -0.136131 -1.506507 62.791321
v  -1.046132 -1.606611 63.101284
v  -0.866133 -2.046619 63.121132
v  -1.006132 -1.636588 63.031273
v  -0.456131 -1.606413 62.521286
v  -0.736130 -1.516420 62.541313
v  -0.476131 -1.626513 62.811279
v  0.353871 -1.096370 62.391460
v  0.123870 -1.356411 62.511372
v  0.203869 -1.296518 62.821392
v  -0.276133 -2.146572 62.981098
v  -0.466132 -1.936537 62.881172
v  -0.456133 -2.226558 62.941071
v  -0.676134 -2.266646 63.201057
v  -0.476134 -2.386726 63.431015
v  -0.466134 -2.426678 63.291004
v  -0.676136 -1.987145 64.651154
v  -0.586137 -1.917248 64.951180
v  -0.576136 -2.037142 64.641136
v  0.953871 -0.396493 62.742702
v  0.953868 -1.416637 63.162354
v  1.173870 -0.286768 63.542740
v  0.683867 -2.126657 63.222107
v  0.863867 -1.826764 63.532211
v  0.953868 -1.416637 63.162354
v  0.543861 -1.477702 66.262329
v  0.763862 -1.867430 65.472198
v  0.143861 -2.267515 65.722061
v  1.253863 -1.787270 65.003227
v  1.043861 -1.587648 66.103294
v  1.103863 -0.727580 65.903587
v  0.443872 -0.026547 62.903828
v  0.983869 -0.346833 63.733719
v  0.533871 0.253298 63.353924
v  0.973870 -0.356700 63.344715
v  -0.396131 0.213049 64.084908
v  -0.366129 -0.086628 63.144806
v  -1.196136 -0.217664 66.164757
v  -0.376133 0.232691 65.124916
v  -0.336135 0.112419 65.914871
v  -0.746134 -1.846775 63.575199
v  -0.516131 -1.266611 63.095398
v  -0.836135 -1.796947 64.075218
v  -1.036130 0.293087 63.976933
v  -0.826131 0.243022 64.166916
v  -1.136131 0.242964 64.336914
v  -0.546130 0.163097 63.946888
v  -0.516128 0.063392 63.086857
v  -0.276129 -0.036643 63.186821
v  -0.986133 -0.617074 64.446617
v  -0.856133 -0.607047 64.366623
v  -0.806133 -0.926954 64.096512
v  -0.516135 -2.096828 63.726112
v  -0.566131 -1.056645 63.196472
v  -0.806133 -0.926954 64.096512
v  0.953861 -2.177543 65.798088
v  0.973861 -2.187423 65.448082
v  0.193861 -1.987507 65.698151
v  0.073863 -1.857311 65.128197
v  0.363863 -2.037157 64.678131
v  -0.346136 -1.747121 64.578232
v  0.243861 -1.667641 66.088264
v  0.963860 -2.047615 66.008133
v  0.213861 -1.837576 65.898201
v  0.833869 -1.496453 62.628323
v  0.573869 -1.486470 62.678326
v  1.003868 -1.726570 62.968243
v  -0.346137 -0.777592 65.949570
v  0.313863 -1.257466 65.579407
v  -0.386137 -1.567434 65.489304
v  -0.496140 -1.897678 66.201187
v  -0.706137 -0.657654 66.131615
v  -0.086137 -0.577614 66.011642
v  -1.166136 -0.827406 65.413551
v  -0.496139 -2.417394 65.373009
v  -1.206138 -2.117334 65.203110
v  0.943860 -3.077276 65.022781
v  0.283861 -2.647392 65.362930
v  1.043861 -2.407397 65.373016
v  0.803866 -0.497315 65.134666
v  1.003862 -1.427494 65.654350
v  0.103863 -1.387426 65.464363
v  0.693870 0.173174 63.714901
v  -0.656132 -0.586964 64.124634
v  0.193871 0.093360 63.174870
v  -0.906137 -1.997238 64.924149
v  -0.766135 -1.187146 64.654427
v  -0.556136 -1.377308 65.124367
v  -0.056132 -1.396712 63.386356
v  -0.596131 -0.906631 63.156525
v  -0.506132 -0.496910 63.966663

vt  0.316406 -0.314851 0.000000
vt  0.326172 -0.314851 0.000000
vt  0.320313 -0.308911 0.000000
vt  0.330078 -0.312871 0.000000
vt  0.324219 -0.306931 0.000000
vt  0.328125 -0.308911 0.000000
vt  0.324219 -0.304951 0.000000
vt  0.328125 -0.306931 0.000000
vt  0.324219 -0.302970 0.000000
vt  0.328125 -0.314851 0.000000
vt  0.320313 -0.308911 0.000000
vt  0.324219 -0.322772 0.000000
vt  0.316406 -0.314851 0.000000
vt  0.324219 -0.338614 0.000000
vt  0.314453 -0.334653 0.000000
vt  0.328125 -0.362376 0.000000
vt  0.318359 -0.360396 0.000000
vt  0.324219 -0.366337 0.000000
vt  0.328125 -0.362376 0.000000
vt  0.333984 -0.366337 0.000000
vt  0.335938 -0.360396 0.000000
vt  0.335938 -0.360396 0.000000
vt  0.337891 -0.340594 0.000000
vt  0.335938 -0.340594 0.000000
vt  0.333984 -0.320792 0.000000
vt  0.333984 -0.324752 0.000000
vt  0.333984 -0.314851 0.000000
vt  0.332031 -0.320792 0.000000
vt  0.332031 -0.312871 0.000000
vt  0.328125 -0.306931 0.000000
vt  0.328125 -0.308911 0.000000
vt  0.224609 -0.362376 0.000000
vt  0.218750 -0.354455 0.000000
vt  0.226563 -0.354455 0.000000
vt  0.222656 -0.348515 0.000000
vt  0.228516 -0.354455 0.000000
vt  0.224609 -0.348515 0.000000
vt  0.230469 -0.354455 0.000000
vt  0.226563 -0.348515 0.000000
vt  0.238281 -0.346535 0.000000
vt  0.230469 -0.336634 0.000000
vt  0.244141 -0.328713 0.000000
vt  0.234375 -0.322772 0.000000
vt  0.240234 -0.318812 0.000000
vt  0.234375 -0.312871 0.000000
vt  0.244141 -0.308911 0.000000
vt  0.224609 -0.304951 0.000000
vt  0.242188 -0.300990 0.000000
vt  0.222656 -0.299010 0.000000
vt  0.238281 -0.295050 0.000000
vt  0.222656 -0.291089 0.000000
vt  0.238281 -0.291089 0.000000
vt  0.222656 -0.287129 0.000000
vt  0.238281 -0.285149 0.000000
vt  0.236328 -0.277228 0.000000
vt  0.250000 -0.277228 0.000000
vt  0.822266 -0.998020 0.000000
vt  0.757813 -0.990099 0.000000
vt  0.822266 -0.960396 0.000000
vt  0.753906 -0.964356 0.000000
vt  0.769531 -0.819802 0.000000
vt  0.734375 -0.815842 0.000000
vt  0.773438 -0.780198 0.000000
vt  0.728516 -0.780198 0.000000
vt  0.785156 -0.675248 0.000000
vt  0.712891 -0.677228 0.000000
vt  0.728516 -0.540594 0.000000
vt  0.681641 -0.580198 0.000000
vt  0.632813 -0.540594 0.000000
vt  0.654297 -0.677228 0.000000
vt  0.583984 -0.673267 0.000000
vt  0.630859 -0.776238 0.000000
vt  0.585938 -0.774257 0.000000
vt  0.625000 -0.811881 0.000000
vt  0.591797 -0.813861 0.000000
vt  0.603516 -0.962376 0.000000
vt  0.533203 -0.958416 0.000000
vt  0.603516 -0.990099 0.000000
vt  0.533203 -0.994059 0.000000
vt  0.433594 -0.423762 0.000000
vt  0.492188 -0.415842 0.000000
vt  0.476563 -0.514852 0.000000
vt  0.546875 -0.415842 0.000000
vt  0.562500 -0.514852 0.000000
vt  0.609375 -0.423762 0.000000
vt  0.607422 -0.518812 0.000000
vt  0.656250 -0.473267 0.000000
vt  0.687500 -0.528713 0.000000
vt  0.718750 -0.475248 0.000000
vt  0.767578 -0.526733 0.000000
vt  0.767578 -0.415842 0.000000
vt  0.845703 -0.423762 0.000000
vt  0.845703 -0.396040 0.000000
vt  0.884766 -0.398020 0.000000
vt  0.865234 -0.336634 0.000000
vt  0.949219 -0.346535 0.000000
vt  0.865234 -0.277228 0.000000
vt  0.968750 -0.271287 0.000000
vt  0.865234 -0.207921 0.000000
vt  0.947266 -0.192079 0.000000
vt  0.900391 -0.182178 0.000000
vt  0.914063 -0.134653 0.000000
vt  0.328125 -0.306931 0.000000
vt  0.332031 -0.320792 0.000000
vt  0.328125 -0.314851 0.000000
vt  0.333984 -0.328713 0.000000
vt  0.324219 -0.322772 0.000000
vt  0.333984 -0.342574 0.000000
vt  0.324219 -0.338614 0.000000
vt  0.333984 -0.358416 0.000000
vt  0.328125 -0.362376 0.000000
vt  0.332031 -0.364356 0.000000
vt  0.324219 -0.366337 0.000000
vt  0.328125 -0.368317 0.000000
vt  0.333984 -0.366337 0.000000
vt  0.332031 -0.364356 0.000000
vt  0.335938 -0.360396 0.000000
vt  0.333984 -0.358416 0.000000
vt  0.335938 -0.340594 0.000000
vt  0.333984 -0.342574 0.000000
vt  0.333984 -0.324752 0.000000
vt  0.333984 -0.328713 0.000000
vt  0.332031 -0.320792 0.000000
vt  0.210938 -0.384158 0.000000
vt  0.210938 -0.394059 0.000000
vt  0.201172 -0.386139 0.000000
vt  0.201172 -0.392079 0.000000
vt  0.195313 -0.388119 0.000000
vt  0.189453 -0.394059 0.000000
vt  0.181641 -0.392079 0.000000
vt  0.183594 -0.398020 0.000000
vt  0.177734 -0.396040 0.000000
vt  0.179688 -0.401980 0.000000
vt  0.166016 -0.405941 0.000000
vt  0.175781 -0.407921 0.000000
vt  0.177734 -0.415842 0.000000
vt  0.185547 -0.413861 0.000000
vt  0.175781 -0.417822 0.000000
vt  0.193359 -0.423762 0.000000
vt  0.183594 -0.427723 0.000000
vt  0.208984 -0.431683 0.000000
vt  0.185547 -0.435644 0.000000
vt  0.208984 -0.435644 0.000000
vt  0.183594 -0.437624 0.000000
vt  0.105469 -0.342574 0.000000
vt  0.095703 -0.340594 0.000000
vt  0.103516 -0.316832 0.000000
vt  0.095703 -0.322772 0.000000
vt  0.099609 -0.306931 0.000000
vt  0.091797 -0.312871 0.000000
vt  0.095703 -0.300990 0.000000
vt  0.091797 -0.304951 0.000000
vt  0.095703 -0.300990 0.000000
vt  0.089844 -0.306931 0.000000
vt  0.093750 -0.304951 0.000000
vt  0.087891 -0.310891 0.000000
vt  0.099609 -0.308911 0.000000
vt  0.093750 -0.318812 0.000000
vt  0.103516 -0.316832 0.000000
vt  0.093750 -0.304951 0.000000
vt  0.109375 -0.297030 0.000000
vt  0.097656 -0.285149 0.000000
vt  0.111328 -0.283168 0.000000
vt  0.091797 -0.265347 0.000000
vt  0.109375 -0.265347 0.000000
vt  0.220703 -0.382178 0.000000
vt  0.228516 -0.384158 0.000000
vt  0.222656 -0.386139 0.000000
vt  0.232422 -0.388119 0.000000
vt  0.232422 -0.394059 0.000000
vt  0.238281 -0.392079 0.000000
vt  0.242188 -0.398020 0.000000
vt  0.253906 -0.400000 0.000000
vt  0.253906 -0.403960 0.000000
vt  0.246094 -0.415842 0.000000
vt  0.238281 -0.413861 0.000000
vt  0.250000 -0.417822 0.000000
vt  0.240234 -0.415842 0.000000
vt  0.251953 -0.419802 0.000000
vt  0.236328 -0.427723 0.000000
vt  0.263672 -0.425743 0.000000
vt  0.240234 -0.435644 0.000000
vt  0.277344 -0.429703 0.000000
vt  0.242188 -0.437624 0.000000
vt  0.130859 -0.411881 0.000000
vt  0.121094 -0.411881 0.000000
vt  0.119141 -0.403960 0.000000
vt  0.107422 -0.396040 0.000000
vt  0.107422 -0.388119 0.000000
vt  0.095703 -0.396040 0.000000
vt  0.107422 -0.376238 0.000000
vt  0.095703 -0.388119 0.000000
vt  0.107422 -0.358416 0.000000
vt  0.078125 -0.382178 0.000000
vt  0.095703 -0.354455 0.000000
vt  0.070313 -0.378218 0.000000
vt  0.083984 -0.354455 0.000000
vt  0.082031 -0.344554 0.000000
vt  0.083984 -0.354455 0.000000
vt  0.083984 -0.342574 0.000000
vt  0.085938 -0.354455 0.000000
vt  0.085938 -0.344554 0.000000
vt  0.097656 -0.340594 0.000000
vt  0.185547 -0.435644 0.000000
vt  0.158203 -0.425743 0.000000
vt  0.183594 -0.427723 0.000000
vt  0.166016 -0.419802 0.000000
vt  0.175781 -0.417822 0.000000
vt  0.167969 -0.417822 0.000000
vt  0.177734 -0.415842 0.000000
vt  0.169922 -0.415842 0.000000
vt  0.166016 -0.405941 0.000000
vt  0.160156 -0.401980 0.000000
vt  0.177734 -0.396040 0.000000
vt  0.177734 -0.392079 0.000000
vt  0.181641 -0.392079 0.000000
vt  0.185547 -0.386139 0.000000
vt  0.195313 -0.388119 0.000000
vt  0.187500 -0.384158 0.000000
vt  0.195313 -0.382178 0.000000
vt  0.193359 -0.376238 0.000000
vt  0.224609 -0.304951 0.000000
vt  0.214844 -0.310891 0.000000
vt  0.207031 -0.304951 0.000000
vt  0.207031 -0.310891 0.000000
vt  0.205078 -0.310891 0.000000
vt  0.208984 -0.316832 0.000000
vt  0.207031 -0.316832 0.000000
vt  0.207031 -0.324752 0.000000
vt  0.203125 -0.316832 0.000000
vt  0.205078 -0.324752 0.000000
vt  0.201172 -0.316832 0.000000
vt  0.199219 -0.328713 0.000000
vt  0.195313 -0.326733 0.000000
vt  0.197266 -0.342574 0.000000
vt  0.193359 -0.340594 0.000000
vt  0.191406 -0.346535 0.000000
vt  0.183594 -0.332673 0.000000
vt  0.175781 -0.338614 0.000000
vt  0.242188 -0.437624 0.000000
vt  0.214844 -0.437624 0.000000
vt  0.240234 -0.435644 0.000000
vt  0.212891 -0.431683 0.000000
vt  0.236328 -0.427723 0.000000
vt  0.224609 -0.423762 0.000000
vt  0.240234 -0.415842 0.000000
vt  0.230469 -0.413861 0.000000
vt  0.238281 -0.413861 0.000000
vt  0.242188 -0.405941 0.000000
vt  0.253906 -0.403960 0.000000
vt  0.240234 -0.401980 0.000000
vt  0.242188 -0.398020 0.000000
vt  0.234375 -0.398020 0.000000
vt  0.232422 -0.394059 0.000000
vt  0.226563 -0.394059 0.000000
vt  0.222656 -0.386139 0.000000
vt  0.214844 -0.310891 0.000000
vt  0.234375 -0.312871 0.000000
vt  0.226563 -0.316832 0.000000
vt  0.234375 -0.322772 0.000000
vt  0.222656 -0.330693 0.000000
vt  0.230469 -0.336634 0.000000
vt  0.220703 -0.342574 0.000000
vt  0.226563 -0.348515 0.000000
vt  0.220703 -0.342574 0.000000
vt  0.224609 -0.348515 0.000000
vt  0.218750 -0.342574 0.000000
vt  0.222656 -0.348515 0.000000
vt  0.214844 -0.348515 0.000000
vt  0.218750 -0.354455 0.000000
vt  0.208984 -0.352475 0.000000
vt  0.216797 -0.358416 0.000000
vt  0.208984 -0.358416 0.000000
vt  0.095703 -0.340594 0.000000
vt  0.085938 -0.344554 0.000000
vt  0.095703 -0.322772 0.000000
vt  0.085938 -0.328713 0.000000
vt  0.091797 -0.312871 0.000000
vt  0.085938 -0.318812 0.000000
vt  0.091797 -0.304951 0.000000
vt  0.087891 -0.310891 0.000000
vt  0.089844 -0.306931 0.000000
vt  0.085938 -0.314851 0.000000
vt  0.087891 -0.310891 0.000000
vt  0.083984 -0.320792 0.000000
vt  0.093750 -0.318812 0.000000
vt  0.083984 -0.306931 0.000000
vt  0.093750 -0.304951 0.000000
vt  0.083984 -0.293069 0.000000
vt  0.097656 -0.285149 0.000000
vt  0.054688 -0.738614 0.000000
vt  0.066406 -0.617822 0.000000
vt  0.097656 -0.776238 0.000000
vt  0.109375 -0.609901 0.000000
vt  0.132813 -0.720792 0.000000
vt  0.173828 -0.617822 0.000000
vt  0.175781 -0.748515 0.000000
vt  0.208984 -0.716832 0.000000
vt  0.208984 -0.788119 0.000000
vt  0.291016 -0.782178 0.000000
vt  0.283203 -0.849505 0.000000
vt  0.306641 -0.825743 0.000000
vt  0.296875 -0.932673 0.000000
vt  0.326172 -0.922772 0.000000
vt  0.306641 -0.978218 0.000000
vt  0.357422 -0.990099 0.000000
vt  0.160156 -0.378218 0.000000
vt  0.144531 -0.358416 0.000000
vt  0.154297 -0.354455 0.000000
vt  0.136719 -0.334653 0.000000
vt  0.150391 -0.332673 0.000000
vt  0.148438 -0.322772 0.000000
vt  0.164063 -0.320792 0.000000
vt  0.156250 -0.308911 0.000000
vt  0.171875 -0.306931 0.000000
vt  0.154297 -0.302970 0.000000
vt  0.173828 -0.300990 0.000000
vt  0.158203 -0.295050 0.000000
vt  0.175781 -0.295050 0.000000
vt  0.173828 -0.289109 0.000000
vt  0.191406 -0.293069 0.000000
vt  0.189453 -0.287129 0.000000
vt  0.066406 -0.617822 0.000000
vt  0.091797 -0.776238 0.000000
vt  0.109375 -0.609901 0.000000
vt  0.132813 -0.720792 0.000000
vt  0.173828 -0.617822 0.000000
vt  0.175781 -0.748515 0.000000
vt  0.208984 -0.716832 0.000000
vt  0.208984 -0.788119 0.000000
vt  0.291016 -0.782178 0.000000
vt  0.283203 -0.849505 0.000000
vt  0.306641 -0.825743 0.000000
vt  0.296875 -0.932673 0.000000
vt  0.326172 -0.922772 0.000000
vt  0.306641 -0.978218 0.000000
vt  0.357422 -0.990099 0.000000
vt  0.289063 -0.417822 0.000000
vt  0.289063 -0.409901 0.000000
vt  0.300781 -0.409901 0.000000
vt  0.302734 -0.401980 0.000000
vt  0.310547 -0.394059 0.000000
vt  0.314453 -0.386139 0.000000
vt  0.322266 -0.392079 0.000000
vt  0.316406 -0.376238 0.000000
vt  0.326172 -0.384158 0.000000
vt  0.318359 -0.360396 0.000000
vt  0.335938 -0.378218 0.000000
vt  0.328125 -0.360396 0.000000
vt  0.343750 -0.376238 0.000000
vt  0.335938 -0.360396 0.000000
vt  0.335938 -0.338614 0.000000
vt  0.210938 -0.384158 0.000000
vt  0.218750 -0.384158 0.000000
vt  0.210938 -0.394059 0.000000
vt  0.222656 -0.394059 0.000000
vt  0.210938 -0.398020 0.000000
vt  0.224609 -0.398020 0.000000
vt  0.208984 -0.401980 0.000000
vt  0.220703 -0.401980 0.000000
vt  0.208984 -0.407921 0.000000
vt  0.222656 -0.407921 0.000000
vt  0.207031 -0.415842 0.000000
vt  0.218750 -0.413861 0.000000
vt  0.208984 -0.421782 0.000000
vt  0.220703 -0.423762 0.000000
vt  0.208984 -0.431683 0.000000
vt  0.664063 -0.114851 0.000000
vt  0.605469 -0.104950 0.000000
vt  0.664063 -0.077228 0.000000
vt  0.611328 -0.055446 0.000000
vt  0.640625 -0.045545 0.000000
vt  0.662109 -0.025743 0.000000
vt  0.685547 -0.045545 0.000000
vt  0.714844 -0.053465 0.000000
vt  0.664063 -0.077228 0.000000
vt  0.718750 -0.104950 0.000000
vt  0.664063 -0.114851 0.000000
vt  0.662109 -0.134653 0.000000
vt  0.605469 -0.104950 0.000000
vt  0.623047 -0.152475 0.000000
vt  0.007813 -0.552475 0.000000
vt  0.019531 -0.552475 0.000000
vt  0.023438 -0.588119 0.000000
vt  0.064453 -0.552475 0.000000
vt  0.076172 -0.588119 0.000000
vt  0.083984 -0.526733 0.000000
vt  0.099609 -0.586139 0.000000
vt  0.101563 -0.528713 0.000000
vt  0.169922 -0.586139 0.000000
vt  0.171875 -0.528713 0.000000
vt  0.193359 -0.530693 0.000000
vt  0.169922 -0.499010 0.000000
vt  0.185547 -0.504951 0.000000
vt  0.183594 -0.473267 0.000000
vt  0.277344 -0.429703 0.000000
vt  0.263672 -0.425743 0.000000
vt  0.283203 -0.419802 0.000000
vt  0.271484 -0.413861 0.000000
vt  0.285156 -0.411881 0.000000
vt  0.269531 -0.411881 0.000000
vt  0.285156 -0.398020 0.000000
vt  0.271484 -0.398020 0.000000
vt  0.277344 -0.380198 0.000000
vt  0.263672 -0.382178 0.000000
vt  0.279297 -0.360396 0.000000
vt  0.265625 -0.358416 0.000000
vt  0.277344 -0.344554 0.000000
vt  0.269531 -0.340594 0.000000
vt  0.185547 -0.504951 0.000000
vt  0.169922 -0.499010 0.000000
vt  0.193359 -0.530693 0.000000
vt  0.171875 -0.528713 0.000000
vt  0.169922 -0.586139 0.000000
vt  0.101563 -0.528713 0.000000
vt  0.099609 -0.586139 0.000000
vt  0.083984 -0.526733 0.000000
vt  0.076172 -0.588119 0.000000
vt  0.064453 -0.552475 0.000000
vt  0.023438 -0.588119 0.000000
vt  0.019531 -0.552475 0.000000
vt  0.007813 -0.552475 0.000000
vt  0.546875 -0.415842 0.000000
vt  0.492188 -0.415842 0.000000
vt  0.599609 -0.396040 0.000000
vt  0.439453 -0.396040 0.000000
vt  0.599609 -0.366337 0.000000
vt  0.439453 -0.366337 0.000000
vt  0.603516 -0.332673 0.000000
vt  0.429688 -0.330693 0.000000
vt  0.517578 -0.255446 0.000000
vt  0.417969 -0.269307 0.000000
vt  0.433594 -0.186139 0.000000
vt  0.406250 -0.247525 0.000000
vt  0.390625 -0.178218 0.000000
vt  0.263672 -0.425743 0.000000
vt  0.251953 -0.419802 0.000000
vt  0.271484 -0.413861 0.000000
vt  0.250000 -0.417822 0.000000
vt  0.269531 -0.411881 0.000000
vt  0.246094 -0.415842 0.000000
vt  0.271484 -0.398020 0.000000
vt  0.261719 -0.396040 0.000000
vt  0.263672 -0.382178 0.000000
vt  0.257813 -0.378218 0.000000
vt  0.265625 -0.358416 0.000000
vt  0.257813 -0.354455 0.000000
vt  0.269531 -0.340594 0.000000
vt  0.121094 -0.411881 0.000000
vt  0.107422 -0.411881 0.000000
vt  0.107422 -0.396040 0.000000
vt  0.095703 -0.407921 0.000000
vt  0.095703 -0.396040 0.000000
vt  0.085938 -0.401980 0.000000
vt  0.095703 -0.388119 0.000000
vt  0.074219 -0.398020 0.000000
vt  0.078125 -0.382178 0.000000
vt  0.062500 -0.392079 0.000000
vt  0.070313 -0.378218 0.000000
vt  0.072266 -0.356436 0.000000
vt  0.082031 -0.344554 0.000000
vt  0.179688 -0.437624 0.000000
vt  0.140625 -0.435644 0.000000
vt  0.154297 -0.427723 0.000000
vt  0.134766 -0.421782 0.000000
vt  0.146484 -0.419802 0.000000
vt  0.132813 -0.413861 0.000000
vt  0.148438 -0.417822 0.000000
vt  0.128906 -0.398020 0.000000
vt  0.144531 -0.400000 0.000000
vt  0.130859 -0.380198 0.000000
vt  0.150391 -0.382178 0.000000
vt  0.126953 -0.362376 0.000000
vt  0.142578 -0.362376 0.000000
vt  0.208984 -0.431683 0.000000
vt  0.193359 -0.423762 0.000000
vt  0.208984 -0.421782 0.000000
vt  0.197266 -0.415842 0.000000
vt  0.207031 -0.415842 0.000000
vt  0.193359 -0.407921 0.000000
vt  0.208984 -0.407921 0.000000
vt  0.195313 -0.401980 0.000000
vt  0.208984 -0.401980 0.000000
vt  0.201172 -0.398020 0.000000
vt  0.210938 -0.398020 0.000000
vt  0.201172 -0.392079 0.000000
vt  0.210938 -0.394059 0.000000
vt  0.208984 -0.316832 0.000000
vt  0.208984 -0.324752 0.000000
vt  0.207031 -0.324752 0.000000
vt  0.208984 -0.332673 0.000000
vt  0.205078 -0.324752 0.000000
vt  0.203125 -0.338614 0.000000
vt  0.199219 -0.328713 0.000000
vt  0.199219 -0.342574 0.000000
vt  0.197266 -0.342574 0.000000
vt  0.195313 -0.346535 0.000000
vt  0.191406 -0.346535 0.000000
vt  0.187500 -0.350495 0.000000
vt  0.175781 -0.338614 0.000000
vt  0.267578 -0.261386 0.000000
vt  0.287109 -0.269307 0.000000
vt  0.269531 -0.281188 0.000000
vt  0.287109 -0.293069 0.000000
vt  0.273438 -0.299010 0.000000
vt  0.292969 -0.310891 0.000000
vt  0.271484 -0.306931 0.000000
vt  0.292969 -0.320792 0.000000
vt  0.269531 -0.314851 0.000000
vt  0.279297 -0.324752 0.000000
vt  0.263672 -0.322772 0.000000
vt  0.271484 -0.332673 0.000000
vt  0.261719 -0.328713 0.000000
vt  0.156250 -0.291089 0.000000
vt  0.156250 -0.297030 0.000000
vt  0.140625 -0.299010 0.000000
vt  0.156250 -0.304951 0.000000
vt  0.142578 -0.304951 0.000000
vt  0.158203 -0.310891 0.000000
vt  0.144531 -0.312871 0.000000
vt  0.150391 -0.322772 0.000000
vt  0.134766 -0.326733 0.000000
vt  0.138672 -0.334653 0.000000
vt  0.126953 -0.338614 0.000000
vt  0.142578 -0.354455 0.000000
vt  0.126953 -0.356436 0.000000
vt  0.455078 -0.132673 0.000000
vt  0.492188 -0.132673 0.000000
vt  0.474609 -0.164356 0.000000
vt  0.500000 -0.136634 0.000000
vt  0.519531 -0.138614 0.000000
vt  0.523438 -0.093069 0.000000
vt  0.541016 -0.075248 0.000000
vt  0.523438 -0.031683 0.000000
vt  0.533203 -0.023762 0.000000
vt  0.472656 -0.015842 0.000000
vt  0.474609 -0.003960 0.000000
vt  0.416016 -0.023762 0.000000
vt  0.861328 -0.047525 0.000000
vt  0.902344 -0.083168 0.000000
vt  0.880859 -0.095050 0.000000
vt  0.839844 -0.095050 0.000000
vt  0.822266 -0.083168 0.000000
vt  0.804688 -0.047525 0.000000
vt  0.818359 -0.013861 0.000000
vt  0.849609 -0.003960 0.000000
vt  0.873047 -0.003960 0.000000
vt  0.904297 -0.013861 0.000000
vt  0.916016 -0.047525 0.000000
vt  0.902344 -0.083168 0.000000
vt  0.939453 -0.538614 0.000000
vt  0.984375 -0.582178 0.000000
vt  0.958984 -0.586139 0.000000
vt  0.955078 -0.683168 0.000000
vt  0.890625 -0.679208 0.000000
vt  0.941406 -0.774257 0.000000
vt  0.884766 -0.760396 0.000000
vt  0.880859 -0.849505 0.000000
vt  0.818359 -0.776238 0.000000
vt  0.818359 -0.829703 0.000000
vt  0.769531 -0.819802 0.000000
vt  0.822266 -0.960396 0.000000
vt  0.351563 -0.174257 0.000000
vt  0.292969 -0.172277 0.000000
vt  0.296875 -0.132673 0.000000
vt  0.265625 -0.136634 0.000000
vt  0.289063 -0.099010 0.000000
vt  0.296875 -0.043564 0.000000
vt  0.320313 -0.067327 0.000000
vt  0.322266 -0.003960 0.000000
vt  0.347656 -0.043564 0.000000
vt  0.345703 -0.003960 0.000000
vt  0.373047 -0.025743 0.000000
vt  0.363281 -0.003960 0.000000
vt  0.066406 -0.617822 0.000000
vt  0.054688 -0.738614 0.000000
vt  0.091797 -0.776238 0.000000
vt  0.078125 -0.800000 0.000000
vt  0.113281 -0.801980 0.000000
vt  0.095703 -0.863366 0.000000
vt  0.177734 -0.831683 0.000000
vt  0.177734 -0.920792 0.000000
vt  0.222656 -0.853465 0.000000
vt  0.226563 -0.974257 0.000000
vt  0.296875 -0.932673 0.000000
vt  0.306641 -0.978218 0.000000
vt  0.265625 -0.136634 0.000000
vt  0.292969 -0.172277 0.000000
vt  0.296875 -0.132673 0.000000
vt  0.351563 -0.174257 0.000000
vt  0.341797 -0.134653 0.000000
vt  0.382813 -0.126733 0.000000
vt  0.353516 -0.102970 0.000000
vt  0.396484 -0.087129 0.000000
vt  0.347656 -0.043564 0.000000
vt  0.402344 -0.065347 0.000000
vt  0.373047 -0.025743 0.000000
vt  0.402344 -0.027723 0.000000
vt  0.287109 -0.427723 0.000000
vt  0.289063 -0.417822 0.000000
vt  0.302734 -0.421782 0.000000
vt  0.300781 -0.409901 0.000000
vt  0.310547 -0.409901 0.000000
vt  0.310547 -0.394059 0.000000
vt  0.322266 -0.403960 0.000000
vt  0.322266 -0.392079 0.000000
vt  0.330078 -0.398020 0.000000
vt  0.326172 -0.384158 0.000000
vt  0.341797 -0.394059 0.000000
vt  0.335938 -0.378218 0.000000
vt  0.107422 -0.358416 0.000000
vt  0.095703 -0.354455 0.000000
vt  0.101563 -0.360396 0.000000
vt  0.087891 -0.358416 0.000000
vt  0.095703 -0.362376 0.000000
vt  0.089844 -0.360396 0.000000
vt  0.101563 -0.360396 0.000000
vt  0.095703 -0.356436 0.000000
vt  0.107422 -0.358416 0.000000
vt  0.105469 -0.338614 0.000000
vt  0.117188 -0.358416 0.000000
vt  0.113281 -0.334653 0.000000
vt  0.228516 -0.354455 0.000000
vt  0.230469 -0.354455 0.000000
vt  0.240234 -0.374257 0.000000
vt  0.238281 -0.346535 0.000000
vt  0.251953 -0.352475 0.000000
vt  0.244141 -0.328713 0.000000
vt  0.251953 -0.330693 0.000000
vt  0.240234 -0.318812 0.000000
vt  0.250000 -0.320792 0.000000
vt  0.244141 -0.308911 0.000000
vt  0.255859 -0.312871 0.000000
vt  0.257813 -0.304951 0.000000
vt  0.287109 -0.265347 0.000000
vt  0.267578 -0.259406 0.000000
vt  0.287109 -0.251485 0.000000
vt  0.269531 -0.249505 0.000000
vt  0.289063 -0.241584 0.000000
vt  0.269531 -0.239604 0.000000
vt  0.306641 -0.231683 0.000000
vt  0.271484 -0.229703 0.000000
vt  0.314453 -0.219802 0.000000
vt  0.271484 -0.215842 0.000000
vt  0.316406 -0.213861 0.000000
vt  0.246094 -0.217822 0.000000
vt  0.052734 -0.215842 0.000000
vt  0.093750 -0.209901 0.000000
vt  0.062500 -0.225743 0.000000
vt  0.097656 -0.217822 0.000000
vt  0.070313 -0.231683 0.000000
vt  0.111328 -0.231683 0.000000
vt  0.089844 -0.237624 0.000000
vt  0.128906 -0.239604 0.000000
vt  0.111328 -0.247525 0.000000
vt  0.130859 -0.249505 0.000000
vt  0.111328 -0.261386 0.000000
vt  0.128906 -0.265347 0.000000
vt  0.171875 -0.281188 0.000000
vt  0.160156 -0.273267 0.000000
vt  0.173828 -0.273267 0.000000
vt  0.166016 -0.263366 0.000000
vt  0.181641 -0.263366 0.000000
vt  0.162109 -0.249505 0.000000
vt  0.179688 -0.247525 0.000000
vt  0.160156 -0.233663 0.000000
vt  0.175781 -0.233663 0.000000
vt  0.162109 -0.225743 0.000000
vt  0.185547 -0.223762 0.000000
vt  0.171875 -0.217822 0.000000
vt  0.345703 -0.572277 0.000000
vt  0.380859 -0.580198 0.000000
vt  0.390625 -0.687129 0.000000
vt  0.462891 -0.683168 0.000000
vt  0.404297 -0.770297 0.000000
vt  0.462891 -0.754455 0.000000
vt  0.464844 -0.843564 0.000000
vt  0.535156 -0.770297 0.000000
vt  0.535156 -0.825743 0.000000
vt  0.591797 -0.813861 0.000000
vt  0.533203 -0.958416 0.000000
vt  0.345703 -0.572277 0.000000
vt  0.406250 -0.538614 0.000000
vt  0.380859 -0.580198 0.000000
vt  0.460938 -0.540594 0.000000
vt  0.464844 -0.572277 0.000000
vt  0.539063 -0.538614 0.000000
vt  0.535156 -0.675248 0.000000
vt  0.583984 -0.673267 0.000000
vt  0.535156 -0.770297 0.000000
vt  0.585938 -0.774257 0.000000
vt  0.591797 -0.813861 0.000000
vt  0.054688 -0.738614 0.000000
vt  0.097656 -0.776238 0.000000
vt  0.083984 -0.803960 0.000000
vt  0.126953 -0.800000 0.000000
vt  0.111328 -0.861386 0.000000
vt  0.177734 -0.831683 0.000000
vt  0.177734 -0.920792 0.000000
vt  0.222656 -0.853465 0.000000
vt  0.226563 -0.974257 0.000000
vt  0.296875 -0.932673 0.000000
vt  0.306641 -0.978218 0.000000
vt  0.517578 -0.182178 0.000000
vt  0.601563 -0.186139 0.000000
vt  0.517578 -0.255446 0.000000
vt  0.617188 -0.269307 0.000000
vt  0.603516 -0.332673 0.000000
vt  0.693359 -0.346535 0.000000
vt  0.691406 -0.376238 0.000000
vt  0.769531 -0.346535 0.000000
vt  0.765625 -0.388119 0.000000
vt  0.845703 -0.396040 0.000000
vt  0.767578 -0.415842 0.000000
vt  0.687500 -0.528713 0.000000
vt  0.767578 -0.526733 0.000000
vt  0.718750 -0.475248 0.000000
vt  0.767578 -0.415842 0.000000
vt  0.691406 -0.403960 0.000000
vt  0.765625 -0.388119 0.000000
vt  0.691406 -0.376238 0.000000
vt  0.769531 -0.346535 0.000000
vt  0.693359 -0.346535 0.000000
vt  0.748047 -0.255446 0.000000
vt  0.691406 -0.289109 0.000000
vt  0.193359 -0.423762 0.000000
vt  0.185547 -0.413861 0.000000
vt  0.197266 -0.415842 0.000000
vt  0.175781 -0.407921 0.000000
vt  0.193359 -0.407921 0.000000
vt  0.179688 -0.401980 0.000000
vt  0.195313 -0.401980 0.000000
vt  0.183594 -0.398020 0.000000
vt  0.201172 -0.398020 0.000000
vt  0.189453 -0.394059 0.000000
vt  0.201172 -0.392079 0.000000
vt  0.208984 -0.336634 0.000000
vt  0.208984 -0.340594 0.000000
vt  0.203125 -0.340594 0.000000
vt  0.203125 -0.344554 0.000000
vt  0.199219 -0.342574 0.000000
vt  0.203125 -0.346535 0.000000
vt  0.195313 -0.348515 0.000000
vt  0.199219 -0.352475 0.000000
vt  0.189453 -0.352475 0.000000
vt  0.193359 -0.358416 0.000000
vt  0.187500 -0.376238 0.000000
vt  0.208984 -0.344554 0.000000
vt  0.208984 -0.340594 0.000000
vt  0.214844 -0.344554 0.000000
vt  0.214844 -0.340594 0.000000
vt  0.218750 -0.342574 0.000000
vt  0.214844 -0.338614 0.000000
vt  0.216797 -0.330693 0.000000
vt  0.208984 -0.324752 0.000000
vt  0.210938 -0.316832 0.000000
vt  0.208984 -0.316832 0.000000
vt  0.207031 -0.310891 0.000000
vt  0.281250 -0.338614 0.000000
vt  0.279297 -0.324752 0.000000
vt  0.300781 -0.330693 0.000000
vt  0.292969 -0.320792 0.000000
vt  0.312500 -0.312871 0.000000
vt  0.292969 -0.310891 0.000000
vt  0.306641 -0.297030 0.000000
vt  0.287109 -0.293069 0.000000
vt  0.304688 -0.285149 0.000000
vt  0.287109 -0.269307 0.000000
vt  0.302734 -0.265347 0.000000
vt  0.175781 -0.295050 0.000000
vt  0.191406 -0.300990 0.000000
vt  0.173828 -0.300990 0.000000
vt  0.191406 -0.306931 0.000000
vt  0.171875 -0.306931 0.000000
vt  0.183594 -0.312871 0.000000
vt  0.179688 -0.316832 0.000000
vt  0.185547 -0.322772 0.000000
vt  0.173828 -0.328713 0.000000
vt  0.187500 -0.332673 0.000000
vt  0.177734 -0.338614 0.000000
vt  0.207031 -0.229703 0.000000
vt  0.207031 -0.241584 0.000000
vt  0.193359 -0.237624 0.000000
vt  0.207031 -0.251485 0.000000
vt  0.193359 -0.249505 0.000000
vt  0.208984 -0.265347 0.000000
vt  0.195313 -0.261386 0.000000
vt  0.207031 -0.277228 0.000000
vt  0.193359 -0.273267 0.000000
vt  0.207031 -0.285149 0.000000
vt  0.191406 -0.281188 0.000000
vt  0.238281 -0.273267 0.000000
vt  0.222656 -0.277228 0.000000
vt  0.238281 -0.263366 0.000000
vt  0.222656 -0.265347 0.000000
vt  0.240234 -0.249505 0.000000
vt  0.222656 -0.249505 0.000000
vt  0.240234 -0.235644 0.000000
vt  0.222656 -0.237624 0.000000
vt  0.228516 -0.225743 0.000000
vt  0.207031 -0.229703 0.000000
vt  0.208984 -0.219802 0.000000
vt  0.246094 -0.217822 0.000000
vt  0.271484 -0.215842 0.000000
vt  0.253906 -0.227723 0.000000
vt  0.271484 -0.229703 0.000000
vt  0.255859 -0.237624 0.000000
vt  0.269531 -0.239604 0.000000
vt  0.253906 -0.249505 0.000000
vt  0.269531 -0.249505 0.000000
vt  0.253906 -0.259406 0.000000
vt  0.267578 -0.259406 0.000000
vt  0.253906 -0.267327 0.000000
vt  0.347656 -0.283168 0.000000
vt  0.339844 -0.273267 0.000000
vt  0.351563 -0.263366 0.000000
vt  0.345703 -0.251485 0.000000
vt  0.359375 -0.251485 0.000000
vt  0.345703 -0.241584 0.000000
vt  0.359375 -0.241584 0.000000
vt  0.345703 -0.231683 0.000000
vt  0.353516 -0.225743 0.000000
vt  0.320313 -0.219802 0.000000
vt  0.324219 -0.213861 0.000000
vt  0.160156 -0.273267 0.000000
vt  0.148438 -0.259406 0.000000
vt  0.166016 -0.263366 0.000000
vt  0.144531 -0.247525 0.000000
vt  0.162109 -0.249505 0.000000
vt  0.144531 -0.235644 0.000000
vt  0.160156 -0.233663 0.000000
vt  0.146484 -0.227723 0.000000
vt  0.162109 -0.225743 0.000000
vt  0.146484 -0.215842 0.000000
vt  0.171875 -0.217822 0.000000
vt  0.185547 -0.223762 0.000000
vt  0.191406 -0.237624 0.000000
vt  0.175781 -0.233663 0.000000
vt  0.195313 -0.249505 0.000000
vt  0.179688 -0.247525 0.000000
vt  0.195313 -0.261386 0.000000
vt  0.181641 -0.263366 0.000000
vt  0.189453 -0.273267 0.000000
vt  0.173828 -0.273267 0.000000
vt  0.187500 -0.281188 0.000000
vt  0.171875 -0.281188 0.000000
vt  0.939453 -0.538614 0.000000
vt  0.958984 -0.586139 0.000000
vt  0.882813 -0.540594 0.000000
vt  0.878906 -0.576238 0.000000
vt  0.812500 -0.538614 0.000000
vt  0.820313 -0.683168 0.000000
vt  0.785156 -0.675248 0.000000
vt  0.818359 -0.776238 0.000000
vt  0.773438 -0.780198 0.000000
vt  0.769531 -0.819802 0.000000
vt  0.025391 -0.469307 0.000000
vt  0.085938 -0.471287 0.000000
vt  0.025391 -0.475248 0.000000
vt  0.085938 -0.479208 0.000000
vt  0.019531 -0.506931 0.000000
vt  0.083984 -0.504951 0.000000
vt  0.017578 -0.526733 0.000000
vt  0.083984 -0.526733 0.000000
vt  0.007813 -0.536634 0.000000
vt  0.017578 -0.538614 0.000000
vt  0.259766 -0.598020 0.000000
vt  0.281250 -0.615842 0.000000
vt  0.265625 -0.598020 0.000000
vt  0.251953 -0.615842 0.000000
vt  0.212891 -0.596040 0.000000
vt  0.173828 -0.617822 0.000000
vt  0.156250 -0.594059 0.000000
vt  0.109375 -0.609901 0.000000
vt  0.087891 -0.598020 0.000000
vt  0.066406 -0.617822 0.000000
vt  0.185547 -0.504951 0.000000
vt  0.183594 -0.473267 0.000000
vt  0.169922 -0.499010 0.000000
vt  0.169922 -0.475248 0.000000
vt  0.101563 -0.499010 0.000000
vt  0.099609 -0.479208 0.000000
vt  0.083984 -0.504951 0.000000
vt  0.085938 -0.479208 0.000000
vt  0.019531 -0.506931 0.000000
vt  0.025391 -0.475248 0.000000
vt  0.296875 -0.043564 0.000000
vt  0.265625 -0.136634 0.000000
vt  0.289063 -0.099010 0.000000
vt  0.320313 -0.067327 0.000000
vt  0.322266 -0.003960 0.000000
vt  0.304688 -0.003960 0.000000
vt  0.273438 -0.029703 0.000000
vt  0.244141 -0.041584 0.000000
vt  0.246094 -0.093069 0.000000
vt  0.265625 -0.136634 0.000000
vt  0.035156 -0.380198 0.000000
vt  0.017578 -0.380198 0.000000
vt  0.042969 -0.364356 0.000000
vt  0.021484 -0.374257 0.000000
vt  0.042969 -0.352475 0.000000
vt  0.015625 -0.366337 0.000000
vt  0.042969 -0.344554 0.000000
vt  0.017578 -0.350495 0.000000
vt  0.041016 -0.330693 0.000000
vt  0.023438 -0.336634 0.000000
vt  0.041016 -0.330693 0.000000
vt  0.054688 -0.324752 0.000000
vt  0.042969 -0.344554 0.000000
vt  0.056641 -0.336634 0.000000
vt  0.042969 -0.352475 0.000000
vt  0.058594 -0.348515 0.000000
vt  0.042969 -0.364356 0.000000
vt  0.052734 -0.364356 0.000000
vt  0.035156 -0.380198 0.000000
vt  0.044922 -0.382178 0.000000
vt  0.089844 -0.263366 0.000000
vt  0.093750 -0.291089 0.000000
vt  0.078125 -0.271287 0.000000
vt  0.083984 -0.293069 0.000000
vt  0.070313 -0.285149 0.000000
vt  0.068359 -0.312871 0.000000
vt  0.058594 -0.297030 0.000000
vt  0.058594 -0.320792 0.000000
vt  0.041016 -0.306931 0.000000
vt  0.042969 -0.326733 0.000000
vt  0.392578 -0.235644 0.000000
vt  0.394531 -0.249505 0.000000
vt  0.378906 -0.241584 0.000000
vt  0.382813 -0.257426 0.000000
vt  0.373047 -0.251485 0.000000
vt  0.380859 -0.271287 0.000000
vt  0.365234 -0.261386 0.000000
vt  0.373047 -0.281188 0.000000
vt  0.359375 -0.271287 0.000000
vt  0.359375 -0.285149 0.000000
vt  0.865234 -0.277228 0.000000
vt  0.769531 -0.346535 0.000000
vt  0.748047 -0.255446 0.000000
vt  0.693359 -0.346535 0.000000
vt  0.691406 -0.289109 0.000000
vt  0.617188 -0.269307 0.000000
vt  0.630859 -0.251485 0.000000
vt  0.601563 -0.186139 0.000000
vt  0.644531 -0.178218 0.000000
vt  0.691406 -0.403960 0.000000
vt  0.765625 -0.388119 0.000000
vt  0.767578 -0.415842 0.000000
vt  0.718750 -0.475248 0.000000
vt  0.656250 -0.473267 0.000000
vt  0.609375 -0.423762 0.000000
vt  0.599609 -0.396040 0.000000
vt  0.691406 -0.376238 0.000000
vt  0.765625 -0.388119 0.000000
vt  0.421875 -0.093069 0.000000
vt  0.441406 -0.091089 0.000000
vt  0.455078 -0.132673 0.000000
vt  0.445313 -0.134653 0.000000
vt  0.429688 -0.136634 0.000000
vt  0.406250 -0.077228 0.000000
vt  0.427734 -0.031683 0.000000
vt  0.447266 -0.039604 0.000000
vt  0.441406 -0.091089 0.000000
vt  0.097656 -0.776238 0.000000
vt  0.132813 -0.720792 0.000000
vt  0.126953 -0.800000 0.000000
vt  0.175781 -0.748515 0.000000
vt  0.177734 -0.831683 0.000000
vt  0.208984 -0.788119 0.000000
vt  0.222656 -0.853465 0.000000
vt  0.283203 -0.849505 0.000000
vt  0.296875 -0.932673 0.000000
vt  0.054688 -0.738614 0.000000
vt  0.083984 -0.803960 0.000000
vt  0.046875 -0.825743 0.000000
vt  0.111328 -0.861386 0.000000
vt  0.029297 -0.924753 0.000000
vt  0.083984 -0.926733 0.000000
vt  0.056641 -0.966337 0.000000
vt  0.158203 -0.976238 0.000000
vt  0.060547 -0.994059 0.000000
vt  0.246094 -0.465347 0.000000
vt  0.261719 -0.465347 0.000000
vt  0.238281 -0.495050 0.000000
vt  0.250000 -0.497030 0.000000
vt  0.234375 -0.504951 0.000000
vt  0.246094 -0.506931 0.000000
vt  0.208984 -0.538614 0.000000
vt  0.240234 -0.552475 0.000000
vt  0.230469 -0.586139 0.000000
vt  0.373047 -0.025743 0.000000
vt  0.402344 -0.065347 0.000000
vt  0.347656 -0.043564 0.000000
vt  0.396484 -0.087129 0.000000
vt  0.353516 -0.102970 0.000000
vt  0.382813 -0.126733 0.000000
vt  0.341797 -0.134653 0.000000
vt  0.351563 -0.174257 0.000000
vt  0.296875 -0.132673 0.000000
vt  0.087891 -0.598020 0.000000
vt  0.109375 -0.609901 0.000000
vt  0.156250 -0.594059 0.000000
vt  0.173828 -0.617822 0.000000
vt  0.212891 -0.596040 0.000000
vt  0.251953 -0.615842 0.000000
vt  0.265625 -0.598020 0.000000
vt  0.281250 -0.615842 0.000000
vt  0.259766 -0.598020 0.000000
vt  0.230469 -0.586139 0.000000
vt  0.240234 -0.552475 0.000000
vt  0.208984 -0.538614 0.000000
vt  0.246094 -0.506931 0.000000
vt  0.234375 -0.504951 0.000000
vt  0.250000 -0.497030 0.000000
vt  0.238281 -0.495050 0.000000
vt  0.261719 -0.465347 0.000000
vt  0.246094 -0.465347 0.000000
vt  0.000000 -0.994059 0.000000
vt  0.078125 -0.966337 0.000000
vt  0.029297 -0.924753 0.000000
vt  0.083984 -0.926733 0.000000
vt  0.095703 -0.863366 0.000000
vt  0.158203 -0.976238 0.000000
vt  0.177734 -0.920792 0.000000
vt  0.179688 -0.976238 0.000000
vt  0.226563 -0.974257 0.000000
vt  0.296875 -0.932673 0.000000
vt  0.283203 -0.849505 0.000000
vt  0.222656 -0.853465 0.000000
vt  0.208984 -0.788119 0.000000
vt  0.177734 -0.831683 0.000000
vt  0.175781 -0.748515 0.000000
vt  0.113281 -0.801980 0.000000
vt  0.132813 -0.720792 0.000000
vt  0.091797 -0.776238 0.000000
vt  0.691406 -0.289109 0.000000
vt  0.617188 -0.269307 0.000000
vt  0.693359 -0.346535 0.000000
vt  0.603516 -0.332673 0.000000
vt  0.691406 -0.376238 0.000000
vt  0.599609 -0.366337 0.000000
vt  0.691406 -0.403960 0.000000
vt  0.599609 -0.396040 0.000000
vt  0.609375 -0.423762 0.000000
vt  0.007813 -0.796040 0.000000
vt  0.007813 -0.744554 0.000000
vt  0.035156 -0.744554 0.000000
vt  0.007813 -0.710891 0.000000
vt  0.039063 -0.710891 0.000000
vt  0.007813 -0.683168 0.000000
vt  0.039063 -0.685149 0.000000
vt  0.007813 -0.615842 0.000000
vt  0.037109 -0.615842 0.000000
vt  0.220703 -0.382178 0.000000
vt  0.224609 -0.374257 0.000000
vt  0.228516 -0.384158 0.000000
vt  0.232422 -0.378218 0.000000
vt  0.238281 -0.392079 0.000000
vt  0.250000 -0.384158 0.000000
vt  0.253906 -0.400000 0.000000
vt  0.261719 -0.396040 0.000000
vt  0.246094 -0.415842 0.000000
vt  0.220703 -0.398020 0.000000
vt  0.234375 -0.398020 0.000000
vt  0.226563 -0.401980 0.000000
vt  0.240234 -0.401980 0.000000
vt  0.228516 -0.407921 0.000000
vt  0.242188 -0.405941 0.000000
vt  0.220703 -0.413861 0.000000
vt  0.230469 -0.413861 0.000000
vt  0.224609 -0.423762 0.000000
vt  0.302734 -0.330693 0.000000
vt  0.314453 -0.334653 0.000000
vt  0.298828 -0.354455 0.000000
vt  0.318359 -0.360396 0.000000
vt  0.298828 -0.376238 0.000000
vt  0.316406 -0.376238 0.000000
vt  0.296875 -0.388119 0.000000
vt  0.314453 -0.386139 0.000000
vt  0.302734 -0.401980 0.000000
vt  0.283203 -0.340594 0.000000
vt  0.298828 -0.354455 0.000000
vt  0.281250 -0.358416 0.000000
vt  0.298828 -0.376238 0.000000
vt  0.279297 -0.380198 0.000000
vt  0.296875 -0.388119 0.000000
vt  0.285156 -0.398020 0.000000
vt  0.302734 -0.401980 0.000000
vt  0.289063 -0.409901 0.000000
vt  0.384766 -0.366337 0.000000
vt  0.373047 -0.354455 0.000000
vt  0.390625 -0.360396 0.000000
vt  0.373047 -0.342574 0.000000
vt  0.386719 -0.352475 0.000000
vt  0.373047 -0.330693 0.000000
vt  0.386719 -0.336634 0.000000
vt  0.378906 -0.324752 0.000000
vt  0.390625 -0.324752 0.000000
vt  0.095703 -0.354455 0.000000
vt  0.083984 -0.354455 0.000000
vt  0.087891 -0.358416 0.000000
vt  0.083984 -0.354455 0.000000
vt  0.089844 -0.360396 0.000000
vt  0.085938 -0.354455 0.000000
vt  0.095703 -0.356436 0.000000
vt  0.097656 -0.340594 0.000000
vt  0.105469 -0.338614 0.000000
vt  0.150391 -0.382178 0.000000
vt  0.156250 -0.398020 0.000000
vt  0.144531 -0.400000 0.000000
vt  0.169922 -0.415842 0.000000
vt  0.148438 -0.417822 0.000000
vt  0.166016 -0.417822 0.000000
vt  0.146484 -0.419802 0.000000
vt  0.164063 -0.419802 0.000000
vt  0.154297 -0.427723 0.000000
vt  0.205078 -0.310891 0.000000
vt  0.203125 -0.316832 0.000000
vt  0.203125 -0.310891 0.000000
vt  0.201172 -0.316832 0.000000
vt  0.193359 -0.318812 0.000000
vt  0.195313 -0.326733 0.000000
vt  0.189453 -0.326733 0.000000
vt  0.193359 -0.340594 0.000000
vt  0.183594 -0.332673 0.000000
vt  0.207031 -0.304951 0.000000
vt  0.205078 -0.310891 0.000000
vt  0.203125 -0.310891 0.000000
vt  0.195313 -0.310891 0.000000
vt  0.189453 -0.308911 0.000000
vt  0.191406 -0.302970 0.000000
vt  0.207031 -0.297030 0.000000
vt  0.222656 -0.299010 0.000000
vt  0.224609 -0.304951 0.000000
vt  0.208984 -0.340594 0.000000
vt  0.208984 -0.344554 0.000000
vt  0.203125 -0.344554 0.000000
vt  0.208984 -0.348515 0.000000
vt  0.203125 -0.346535 0.000000
vt  0.208984 -0.352475 0.000000
vt  0.199219 -0.352475 0.000000
vt  0.201172 -0.358416 0.000000
vt  0.193359 -0.358416 0.000000
vt  0.333984 -0.293069 0.000000
vt  0.347656 -0.285149 0.000000
vt  0.347656 -0.306931 0.000000
vt  0.343750 -0.316832 0.000000
vt  0.333984 -0.306931 0.000000
vt  0.324219 -0.302970 0.000000
vt  0.320313 -0.285149 0.000000
vt  0.339844 -0.273267 0.000000
vt  0.347656 -0.285149 0.000000
vt  0.041016 -0.306931 0.000000
vt  0.042969 -0.283168 0.000000
vt  0.058594 -0.297030 0.000000
vt  0.058594 -0.273267 0.000000
vt  0.070313 -0.285149 0.000000
vt  0.064453 -0.261386 0.000000
vt  0.078125 -0.271287 0.000000
vt  0.070313 -0.251485 0.000000
vt  0.089844 -0.263366 0.000000
vt  0.132813 -0.269307 0.000000
vt  0.142578 -0.279208 0.000000
vt  0.128906 -0.291089 0.000000
vt  0.140625 -0.299010 0.000000
vt  0.121094 -0.310891 0.000000
vt  0.142578 -0.304951 0.000000
vt  0.123047 -0.318812 0.000000
vt  0.144531 -0.312871 0.000000
vt  0.134766 -0.326733 0.000000
vt  0.164063 -0.320792 0.000000
vt  0.179688 -0.316832 0.000000
vt  0.162109 -0.330693 0.000000
vt  0.173828 -0.328713 0.000000
vt  0.169922 -0.352475 0.000000
vt  0.177734 -0.338614 0.000000
vt  0.171875 -0.364356 0.000000
vt  0.185547 -0.350495 0.000000
vt  0.187500 -0.352475 0.000000
vt  0.207031 -0.241584 0.000000
vt  0.222656 -0.237624 0.000000
vt  0.207031 -0.251485 0.000000
vt  0.222656 -0.249505 0.000000
vt  0.208984 -0.265347 0.000000
vt  0.222656 -0.265347 0.000000
vt  0.207031 -0.277228 0.000000
vt  0.222656 -0.277228 0.000000
vt  0.207031 -0.285149 0.000000
vt  0.339844 -0.273267 0.000000
vt  0.324219 -0.265347 0.000000
vt  0.345703 -0.251485 0.000000
vt  0.326172 -0.247525 0.000000
vt  0.345703 -0.241584 0.000000
vt  0.324219 -0.237624 0.000000
vt  0.345703 -0.231683 0.000000
vt  0.308594 -0.231683 0.000000
vt  0.320313 -0.219802 0.000000
vt  0.042969 -0.251485 0.000000
vt  0.058594 -0.249505 0.000000
vt  0.050781 -0.261386 0.000000
vt  0.033203 -0.269307 0.000000
vt  0.033203 -0.257426 0.000000
vt  0.033203 -0.241584 0.000000
vt  0.044922 -0.229703 0.000000
vt  0.056641 -0.239604 0.000000
vt  0.058594 -0.249505 0.000000
vt  0.970703 -0.136634 0.000000
vt  0.988281 -0.104950 0.000000
vt  0.988281 -0.138614 0.000000
vt  0.992188 -0.190099 0.000000
vt  0.947266 -0.192079 0.000000
vt  0.914063 -0.134653 0.000000
vt  0.949219 -0.091089 0.000000
vt  0.988281 -0.104950 0.000000
vt  0.884766 -0.425743 0.000000
vt  0.884766 -0.398020 0.000000
vt  0.945313 -0.386139 0.000000
vt  0.943359 -0.413861 0.000000
vt  0.955078 -0.524752 0.000000
vt  0.890625 -0.520792 0.000000
vt  0.845703 -0.423762 0.000000
vt  0.884766 -0.398020 0.000000
vt  0.662109 -0.000000 0.000000
vt  0.726563 -0.029703 0.000000
vt  0.662109 -0.007921 0.000000
vt  0.662109 -0.025743 0.000000
vt  0.595703 -0.029703 0.000000
vt  0.611328 -0.055446 0.000000
vt  0.574219 -0.077228 0.000000
vt  0.605469 -0.104950 0.000000
vt  0.783203 -0.192079 0.000000
vt  0.865234 -0.207921 0.000000
vt  0.748047 -0.255446 0.000000
vt  0.734375 -0.194059 0.000000
vt  0.757813 -0.138614 0.000000
vt  0.816406 -0.136634 0.000000
vt  0.830078 -0.182178 0.000000
vt  0.865234 -0.207921 0.000000
vt  0.460938 -0.946535 0.000000
vt  0.464844 -0.843564 0.000000
vt  0.533203 -0.958416 0.000000
vt  0.533203 -0.994059 0.000000
vt  0.458984 -0.982178 0.000000
vt  0.404297 -0.990099 0.000000
vt  0.396484 -0.950495 0.000000
vt  0.464844 -0.843564 0.000000
vt  0.900391 -0.950495 0.000000
vt  0.822266 -0.960396 0.000000
vt  0.880859 -0.849505 0.000000
vt  0.955078 -0.952475 0.000000
vt  0.949219 -0.994059 0.000000
vt  0.888672 -0.988119 0.000000
vt  0.822266 -0.998020 0.000000
vt  0.822266 -0.960396 0.000000
vt  0.296875 -0.132673 0.000000
vt  0.341797 -0.134653 0.000000
vt  0.318359 -0.097030 0.000000
vt  0.353516 -0.102970 0.000000
vt  0.320313 -0.067327 0.000000
vt  0.347656 -0.043564 0.000000
vt  0.322266 -0.003960 0.000000
vt  0.345703 -0.003960 0.000000
vt  0.355469 -0.340594 0.000000
vt  0.361328 -0.336634 0.000000
vt  0.373047 -0.342574 0.000000
vt  0.373047 -0.354455 0.000000
vt  0.361328 -0.364356 0.000000
vt  0.353516 -0.366337 0.000000
vt  0.347656 -0.332673 0.000000
vt  0.347656 -0.322772 0.000000
vt  0.378906 -0.370297 0.000000
vt  0.369141 -0.366337 0.000000
vt  0.361328 -0.364356 0.000000
vt  0.361328 -0.384158 0.000000
vt  0.353516 -0.366337 0.000000
vt  0.353516 -0.388119 0.000000
vt  0.343750 -0.358416 0.000000
vt  0.343750 -0.376238 0.000000
vt  0.119141 -0.388119 0.000000
vt  0.130859 -0.400000 0.000000
vt  0.119141 -0.403960 0.000000
vt  0.107422 -0.388119 0.000000
vt  0.107422 -0.376238 0.000000
vt  0.117188 -0.378218 0.000000
vt  0.128906 -0.382178 0.000000
vt  0.130859 -0.400000 0.000000
vt  0.169922 -0.386139 0.000000
vt  0.160156 -0.382178 0.000000
vt  0.177734 -0.376238 0.000000
vt  0.185547 -0.380198 0.000000
vt  0.177734 -0.392079 0.000000
vt  0.160156 -0.401980 0.000000
vt  0.154297 -0.396040 0.000000
vt  0.160156 -0.382178 0.000000
vt  0.216797 -0.316832 0.000000
vt  0.214844 -0.328713 0.000000
vt  0.210938 -0.316832 0.000000
vt  0.207031 -0.310891 0.000000
vt  0.214844 -0.310891 0.000000
vt  0.226563 -0.316832 0.000000
vt  0.222656 -0.330693 0.000000
vt  0.214844 -0.328713 0.000000
vt  0.373047 -0.300990 0.000000
vt  0.394531 -0.295050 0.000000
vt  0.394531 -0.306931 0.000000
vt  0.375000 -0.316832 0.000000
vt  0.361328 -0.314851 0.000000
vt  0.359375 -0.291089 0.000000
vt  0.375000 -0.283168 0.000000
vt  0.394531 -0.295050 0.000000
vt  0.085938 -0.324752 0.000000
vt  0.083984 -0.320792 0.000000
vt  0.085938 -0.314851 0.000000
vt  0.085938 -0.318812 0.000000
vt  0.085938 -0.328713 0.000000
vt  0.085938 -0.344554 0.000000
vt  0.083984 -0.342574 0.000000
vt  0.083984 -0.320792 0.000000
vt  0.240234 -0.235644 0.000000
vt  0.253906 -0.235644 0.000000
vt  0.240234 -0.249505 0.000000
vt  0.251953 -0.249505 0.000000
vt  0.238281 -0.263366 0.000000
vt  0.251953 -0.259406 0.000000
vt  0.238281 -0.273267 0.000000
vt  0.251953 -0.271287 0.000000
vt  0.371094 -0.231683 0.000000
vt  0.378906 -0.241584 0.000000
vt  0.373047 -0.251485 0.000000
vt  0.361328 -0.241584 0.000000
vt  0.355469 -0.227723 0.000000
vt  0.369141 -0.217822 0.000000
vt  0.380859 -0.225743 0.000000
vt  0.378906 -0.241584 0.000000
vt  0.097656 -0.198020 0.000000
vt  0.136719 -0.190099 0.000000
vt  0.212891 -0.201980 0.000000
vt  0.208984 -0.215842 0.000000
vt  0.171875 -0.213861 0.000000
vt  0.093750 -0.211881 0.000000
vt  0.048828 -0.213861 0.000000
vt  0.041016 -0.211881 0.000000
vt  0.314453 -0.200000 0.000000
vt  0.322266 -0.211881 0.000000
vt  0.244141 -0.213861 0.000000
vt  0.208984 -0.215842 0.000000
vt  0.326172 -0.188119 0.000000
vt  0.369141 -0.213861 0.000000
vt  0.367188 -0.215842 0.000000
vt  0.322266 -0.211881 0.000000
vt  0.087891 -0.247525 0.000000
vt  0.111328 -0.247525 0.000000
vt  0.111328 -0.261386 0.000000
vt  0.091797 -0.263366 0.000000
vt  0.072266 -0.249505 0.000000
vt  0.070313 -0.239604 0.000000
vt  0.089844 -0.237624 0.000000
vt  0.111328 -0.247525 0.000000
vt  0.656250 -0.473267 0.000000
vt  0.718750 -0.475248 0.000000
vt  0.691406 -0.403960 0.000000
vt  0.609375 -0.423762 0.000000
vt  0.607422 -0.518812 0.000000
vt  0.687500 -0.528713 0.000000
vt  0.718750 -0.475248 0.000000
vt  0.322266 -0.603960 0.000000
vt  0.287109 -0.600000 0.000000
vt  0.287109 -0.459406 0.000000
vt  0.328125 -0.459406 0.000000
vt  0.341797 -0.477228 0.000000
vt  0.355469 -0.516832 0.000000
vt  0.355469 -0.544554 0.000000
vt  0.322266 -0.603960 0.000000
vt  0.355469 -0.544554 0.000000
vt  0.355469 -0.516832 0.000000
vt  0.341797 -0.477228 0.000000
vt  0.328125 -0.459406 0.000000
vt  0.287109 -0.459406 0.000000
vt  0.287109 -0.600000 0.000000
vt  0.984375 -0.364356 0.000000
vt  0.984375 -0.425743 0.000000
vt  0.957031 -0.425743 0.000000
vt  0.984375 -0.449505 0.000000
vt  0.957031 -0.449505 0.000000
vt  0.984375 -0.497030 0.000000
vt  0.957031 -0.497030 0.000000
vt  0.101563 -0.499010 0.000000
vt  0.101563 -0.528713 0.000000
vt  0.083984 -0.504951 0.000000
vt  0.099609 -0.479208 0.000000
vt  0.169922 -0.475248 0.000000
vt  0.169922 -0.499010 0.000000
vt  0.101563 -0.528713 0.000000
vt  0.275391 -0.714851 0.000000
vt  0.208984 -0.716832 0.000000
vt  0.251953 -0.615842 0.000000
vt  0.281250 -0.615842 0.000000
vt  0.296875 -0.738614 0.000000
vt  0.291016 -0.782178 0.000000
vt  0.208984 -0.716832 0.000000
vt  0.318359 -0.097030 0.000000
vt  0.320313 -0.067327 0.000000
vt  0.353516 -0.102970 0.000000
vt  0.341797 -0.134653 0.000000
vt  0.296875 -0.132673 0.000000
vt  0.289063 -0.099010 0.000000
vt  0.320313 -0.067327 0.000000
vt  0.296875 -0.043564 0.000000
vt  0.265625 -0.136634 0.000000
vt  0.246094 -0.093069 0.000000
vt  0.244141 -0.041584 0.000000
vt  0.273438 -0.029703 0.000000
vt  0.304688 -0.003960 0.000000
vt  0.322266 -0.003960 0.000000
vt  0.306641 -0.825743 0.000000
vt  0.296875 -0.738614 0.000000
vt  0.291016 -0.782178 0.000000
vt  0.275391 -0.714851 0.000000
vt  0.208984 -0.716832 0.000000
vt  0.251953 -0.615842 0.000000
vt  0.173828 -0.617822 0.000000
vt  0.083984 -0.526733 0.000000
vt  0.101563 -0.528713 0.000000
vt  0.083984 -0.504951 0.000000
vt  0.017578 -0.526733 0.000000
vt  0.007813 -0.536634 0.000000
vt  0.017578 -0.538614 0.000000
vt  0.064453 -0.552475 0.000000
vt  0.257813 -0.378218 0.000000
vt  0.261719 -0.396040 0.000000
vt  0.250000 -0.384158 0.000000
vt  0.240234 -0.368317 0.000000
vt  0.242188 -0.366337 0.000000
vt  0.251953 -0.352475 0.000000
vt  0.257813 -0.354455 0.000000
vt  0.343750 -0.376238 0.000000
vt  0.335938 -0.338614 0.000000
vt  0.343750 -0.354455 0.000000
vt  0.333984 -0.320792 0.000000
vt  0.345703 -0.332673 0.000000
vt  0.333984 -0.308911 0.000000
vt  0.343750 -0.320792 0.000000
vt  0.060547 -0.336634 0.000000
vt  0.072266 -0.326733 0.000000
vt  0.060547 -0.348515 0.000000
vt  0.070313 -0.338614 0.000000
vt  0.060547 -0.366337 0.000000
vt  0.072266 -0.356436 0.000000
vt  0.062500 -0.392079 0.000000
vt  0.255859 -0.312871 0.000000
vt  0.261719 -0.324752 0.000000
vt  0.250000 -0.320792 0.000000
vt  0.259766 -0.332673 0.000000
vt  0.251953 -0.330693 0.000000
vt  0.257813 -0.354455 0.000000
vt  0.251953 -0.352475 0.000000
vt  0.208984 -0.340594 0.000000
vt  0.208984 -0.336634 0.000000
vt  0.214844 -0.340594 0.000000
vt  0.208984 -0.334653 0.000000
vt  0.214844 -0.338614 0.000000
vt  0.208984 -0.332673 0.000000
vt  0.208984 -0.324752 0.000000
vt  0.242188 -0.300990 0.000000
vt  0.238281 -0.295050 0.000000
vt  0.253906 -0.299010 0.000000
vt  0.238281 -0.291089 0.000000
vt  0.255859 -0.293069 0.000000
vt  0.238281 -0.285149 0.000000
vt  0.250000 -0.277228 0.000000
vt  0.183594 -0.332673 0.000000
vt  0.179688 -0.322772 0.000000
vt  0.189453 -0.326733 0.000000
vt  0.185547 -0.318812 0.000000
vt  0.193359 -0.318812 0.000000
vt  0.195313 -0.310891 0.000000
vt  0.203125 -0.310891 0.000000
vt  0.257813 -0.297030 0.000000
vt  0.273438 -0.299010 0.000000
vt  0.259766 -0.304951 0.000000
vt  0.271484 -0.306931 0.000000
vt  0.257813 -0.310891 0.000000
vt  0.269531 -0.314851 0.000000
vt  0.263672 -0.322772 0.000000
vt  0.308594 -0.265347 0.000000
vt  0.326172 -0.265347 0.000000
vt  0.308594 -0.285149 0.000000
vt  0.320313 -0.285149 0.000000
vt  0.310547 -0.295050 0.000000
vt  0.324219 -0.302970 0.000000
vt  0.316406 -0.312871 0.000000
vt  0.031250 -0.273267 0.000000
vt  0.039063 -0.285149 0.000000
vt  0.021484 -0.295050 0.000000
vt  0.039063 -0.308911 0.000000
vt  0.021484 -0.314851 0.000000
vt  0.039063 -0.328713 0.000000
vt  0.021484 -0.334653 0.000000
vt  0.111328 -0.283168 0.000000
vt  0.126953 -0.295050 0.000000
vt  0.109375 -0.297030 0.000000
vt  0.121094 -0.310891 0.000000
vt  0.103516 -0.316832 0.000000
vt  0.121094 -0.320792 0.000000
vt  0.113281 -0.332673 0.000000
vt  0.171875 -0.364356 0.000000
vt  0.160156 -0.378218 0.000000
vt  0.169922 -0.352475 0.000000
vt  0.154297 -0.354455 0.000000
vt  0.162109 -0.330693 0.000000
vt  0.150391 -0.332673 0.000000
vt  0.164063 -0.320792 0.000000
vt  0.324219 -0.265347 0.000000
vt  0.306641 -0.263366 0.000000
vt  0.326172 -0.247525 0.000000
vt  0.306641 -0.245545 0.000000
vt  0.324219 -0.237624 0.000000
vt  0.291016 -0.239604 0.000000
vt  0.308594 -0.231683 0.000000
vt  0.025391 -0.221782 0.000000
vt  0.042969 -0.215842 0.000000
vt  0.033203 -0.225743 0.000000
vt  0.048828 -0.217822 0.000000
vt  0.044922 -0.229703 0.000000
vt  0.060547 -0.225743 0.000000
vt  0.056641 -0.239604 0.000000
vt  0.068359 -0.239604 0.000000
vt  0.070313 -0.247525 0.000000
vt  0.058594 -0.249505 0.000000
vt  0.062500 -0.259406 0.000000
vt  0.050781 -0.261386 0.000000
vt  0.056641 -0.271287 0.000000
vt  0.041016 -0.279208 0.000000
vt  0.093750 -0.209901 0.000000
vt  0.140625 -0.215842 0.000000
vt  0.097656 -0.217822 0.000000
vt  0.144531 -0.227723 0.000000
vt  0.111328 -0.231683 0.000000
vt  0.144531 -0.235644 0.000000
vt  0.128906 -0.239604 0.000000
vt  0.144531 -0.277228 0.000000
vt  0.132813 -0.265347 0.000000
vt  0.148438 -0.259406 0.000000
vt  0.130859 -0.249505 0.000000
vt  0.144531 -0.247525 0.000000
vt  0.128906 -0.237624 0.000000
vt  0.144531 -0.235644 0.000000
vt  0.492188 -0.132673 0.000000
vt  0.507813 -0.091089 0.000000
vt  0.523438 -0.093069 0.000000
vt  0.500000 -0.037624 0.000000
vt  0.523438 -0.031683 0.000000
vt  0.472656 -0.015842 0.000000
vt  0.500000 -0.037624 0.000000
vt  0.447266 -0.039604 0.000000
vt  0.472656 -0.015842 0.000000
vt  0.427734 -0.031683 0.000000
vt  0.416016 -0.023762 0.000000
vt  0.406250 -0.077228 0.000000
vt  0.750000 -0.073267 0.000000
vt  0.718750 -0.104950 0.000000
vt  0.714844 -0.053465 0.000000
vt  0.726563 -0.029703 0.000000
vt  0.781250 -0.053465 0.000000
vt  0.777344 -0.083168 0.000000
vt  0.681641 -0.580198 0.000000
vt  0.681641 -0.693069 0.000000
vt  0.654297 -0.677228 0.000000
vt  0.664063 -0.776238 0.000000
vt  0.630859 -0.776238 0.000000
vt  0.625000 -0.811881 0.000000
vt  0.462891 -0.683168 0.000000
vt  0.380859 -0.580198 0.000000
vt  0.464844 -0.572277 0.000000
vt  0.535156 -0.675248 0.000000
vt  0.535156 -0.770297 0.000000
vt  0.462891 -0.754455 0.000000
vt  0.822266 -0.093069 0.000000
vt  0.816406 -0.136634 0.000000
vt  0.781250 -0.091089 0.000000
vt  0.757813 -0.138614 0.000000
vt  0.736328 -0.104950 0.000000
vt  0.734375 -0.140594 0.000000
vt  0.083984 -0.926733 0.000000
vt  0.111328 -0.861386 0.000000
vt  0.158203 -0.976238 0.000000
vt  0.177734 -0.920792 0.000000
vt  0.179688 -0.976238 0.000000
vt  0.226563 -0.974257 0.000000
vt  0.664063 -0.776238 0.000000
vt  0.662109 -0.829703 0.000000
vt  0.625000 -0.811881 0.000000
vt  0.667969 -0.956436 0.000000
vt  0.603516 -0.962376 0.000000
vt  0.603516 -0.990099 0.000000
vt  0.687500 -0.954455 0.000000
vt  0.693359 -0.833663 0.000000
vt  0.734375 -0.815842 0.000000
vt  0.695313 -0.780198 0.000000
vt  0.728516 -0.780198 0.000000
vt  0.712891 -0.677228 0.000000
vt  0.890625 -0.679208 0.000000
vt  0.884766 -0.760396 0.000000
vt  0.818359 -0.776238 0.000000
vt  0.820313 -0.683168 0.000000
vt  0.878906 -0.576238 0.000000
vt  0.958984 -0.586139 0.000000
vt  0.375000 -0.805941 0.000000
vt  0.367188 -0.841584 0.000000
vt  0.324219 -0.843564 0.000000
vt  0.312500 -0.811881 0.000000
vt  0.316406 -0.740594 0.000000
vt  0.382813 -0.740594 0.000000
vt  0.316406 -0.740594 0.000000
vt  0.312500 -0.811881 0.000000
vt  0.375000 -0.805941 0.000000
vt  0.382813 -0.740594 0.000000
vt  0.371094 -0.693069 0.000000
vt  0.326172 -0.685149 0.000000
vt  0.332031 -0.312871 0.000000
vt  0.328125 -0.308911 0.000000
vt  0.333984 -0.314851 0.000000
vt  0.330078 -0.312871 0.000000
vt  0.333984 -0.320792 0.000000
vt  0.326172 -0.314851 0.000000
vt  0.207031 -0.297030 0.000000
vt  0.191406 -0.302970 0.000000
vt  0.191406 -0.293069 0.000000
vt  0.207031 -0.291089 0.000000
vt  0.222656 -0.291089 0.000000
vt  0.222656 -0.299010 0.000000
vt  0.218750 -0.342574 0.000000
vt  0.216797 -0.330693 0.000000
vt  0.220703 -0.342574 0.000000
vt  0.214844 -0.328713 0.000000
vt  0.220703 -0.342574 0.000000
vt  0.222656 -0.330693 0.000000
vt  0.347656 -0.306931 0.000000
vt  0.347656 -0.285149 0.000000
vt  0.355469 -0.291089 0.000000
vt  0.357422 -0.314851 0.000000
vt  0.357422 -0.326733 0.000000
vt  0.343750 -0.316832 0.000000
vt  0.083984 -0.342574 0.000000
vt  0.074219 -0.356436 0.000000
vt  0.083984 -0.320792 0.000000
vt  0.072266 -0.336634 0.000000
vt  0.083984 -0.306931 0.000000
vt  0.072266 -0.322772 0.000000
vt  0.126953 -0.356436 0.000000
vt  0.119141 -0.356436 0.000000
vt  0.126953 -0.338614 0.000000
vt  0.115234 -0.330693 0.000000
vt  0.134766 -0.326733 0.000000
vt  0.123047 -0.318812 0.000000
vt  0.359375 -0.251485 0.000000
vt  0.365234 -0.261386 0.000000
vt  0.351563 -0.263366 0.000000
vt  0.357422 -0.273267 0.000000
vt  0.347656 -0.283168 0.000000
vt  0.355469 -0.287129 0.000000
vt  0.380859 -0.225743 0.000000
vt  0.369141 -0.217822 0.000000
vt  0.371094 -0.215842 0.000000
vt  0.390625 -0.221782 0.000000
vt  0.392578 -0.235644 0.000000
vt  0.378906 -0.241584 0.000000
vt  0.033203 -0.257426 0.000000
vt  0.033203 -0.269307 0.000000
vt  0.023438 -0.275248 0.000000
vt  0.021484 -0.261386 0.000000
vt  0.021484 -0.249505 0.000000
vt  0.033203 -0.241584 0.000000
vt  0.228516 -0.445545 0.000000
vt  0.228516 -0.461386 0.000000
vt  0.177734 -0.443564 0.000000
vt  0.175781 -0.461386 0.000000
vt  0.085938 -0.447525 0.000000
vt  0.718750 -0.104950 0.000000
vt  0.703125 -0.154455 0.000000
vt  0.662109 -0.134653 0.000000
vt  0.662109 -0.172277 0.000000
vt  0.623047 -0.152475 0.000000
vt  0.734375 -0.815842 0.000000
vt  0.753906 -0.964356 0.000000
vt  0.687500 -0.954455 0.000000
vt  0.757813 -0.990099 0.000000
vt  0.693359 -0.990099 0.000000
vt  0.171875 -0.528713 0.000000
vt  0.169922 -0.499010 0.000000
vt  0.101563 -0.528713 0.000000
vt  0.101563 -0.499010 0.000000
vt  0.083984 -0.504951 0.000000
vt  0.029297 -0.924753 0.000000
vt  0.095703 -0.863366 0.000000
vt  0.046875 -0.825743 0.000000
vt  0.078125 -0.800000 0.000000
vt  0.054688 -0.738614 0.000000
vt  0.265625 -0.136634 0.000000
vt  0.296875 -0.132673 0.000000
vt  0.289063 -0.099010 0.000000
vt  0.318359 -0.097030 0.000000
vt  0.320313 -0.067327 0.000000
vt  0.957031 -0.425743 0.000000
vt  0.957031 -0.364356 0.000000
vt  0.984375 -0.364356 0.000000
vt  0.957031 -0.334653 0.000000
vt  0.988281 -0.334653 0.000000
vt  0.324219 -0.306931 0.000000
vt  0.324219 -0.304951 0.000000
vt  0.320313 -0.308911 0.000000
vt  0.320313 -0.308911 0.000000
vt  0.316406 -0.314851 0.000000
vt  0.316406 -0.314851 0.000000
vt  0.326172 -0.304951 0.000000
vt  0.326172 -0.316832 0.000000
vt  0.333984 -0.308911 0.000000
vt  0.333984 -0.320792 0.000000
vt  0.058594 -0.348515 0.000000
vt  0.058594 -0.366337 0.000000
vt  0.052734 -0.364356 0.000000
vt  0.052734 -0.386139 0.000000
vt  0.044922 -0.382178 0.000000
vt  0.140625 -0.435644 0.000000
vt  0.121094 -0.423762 0.000000
vt  0.134766 -0.421782 0.000000
vt  0.121094 -0.411881 0.000000
vt  0.132813 -0.413861 0.000000
vt  0.195313 -0.388119 0.000000
vt  0.195313 -0.382178 0.000000
vt  0.201172 -0.386139 0.000000
vt  0.201172 -0.382178 0.000000
vt  0.210938 -0.384158 0.000000
vt  0.185547 -0.386139 0.000000
vt  0.177734 -0.392079 0.000000
vt  0.187500 -0.384158 0.000000
vt  0.185547 -0.380198 0.000000
vt  0.193359 -0.376238 0.000000
vt  0.208984 -0.352475 0.000000
vt  0.208984 -0.348515 0.000000
vt  0.214844 -0.348515 0.000000
vt  0.214844 -0.344554 0.000000
vt  0.218750 -0.342574 0.000000
vt  0.208984 -0.332673 0.000000
vt  0.208984 -0.334653 0.000000
vt  0.203125 -0.338614 0.000000
vt  0.203125 -0.340594 0.000000
vt  0.199219 -0.342574 0.000000
vt  0.187500 -0.350495 0.000000
vt  0.195313 -0.346535 0.000000
vt  0.187500 -0.352475 0.000000
vt  0.195313 -0.348515 0.000000
vt  0.189453 -0.352475 0.000000
vt  0.222656 -0.291089 0.000000
vt  0.207031 -0.291089 0.000000
vt  0.222656 -0.287129 0.000000
vt  0.220703 -0.279208 0.000000
vt  0.236328 -0.277228 0.000000
vt  0.232422 -0.378218 0.000000
vt  0.226563 -0.354455 0.000000
vt  0.238281 -0.374257 0.000000
vt  0.228516 -0.354455 0.000000
vt  0.240234 -0.374257 0.000000
vt  0.253906 -0.273267 0.000000
vt  0.269531 -0.281188 0.000000
vt  0.257813 -0.291089 0.000000
vt  0.273438 -0.299010 0.000000
vt  0.257813 -0.297030 0.000000
vt  0.083984 -0.293069 0.000000
vt  0.072266 -0.322772 0.000000
vt  0.068359 -0.312871 0.000000
vt  0.058594 -0.332673 0.000000
vt  0.058594 -0.320792 0.000000
vt  0.093750 -0.304951 0.000000
vt  0.099609 -0.308911 0.000000
vt  0.095703 -0.300990 0.000000
vt  0.099609 -0.306931 0.000000
vt  0.095703 -0.300990 0.000000
vt  0.160156 -0.275248 0.000000
vt  0.173828 -0.285149 0.000000
vt  0.156250 -0.291089 0.000000
vt  0.173828 -0.289109 0.000000
vt  0.158203 -0.295050 0.000000
vt  0.191406 -0.306931 0.000000
vt  0.199219 -0.310891 0.000000
vt  0.183594 -0.312871 0.000000
vt  0.191406 -0.316832 0.000000
vt  0.185547 -0.322772 0.000000
vt  0.179688 -0.217822 0.000000
vt  0.208984 -0.219802 0.000000
vt  0.187500 -0.225743 0.000000
vt  0.207031 -0.229703 0.000000
vt  0.193359 -0.237624 0.000000
vt  0.255859 -0.237624 0.000000
vt  0.242188 -0.235644 0.000000
vt  0.253906 -0.227723 0.000000
vt  0.232422 -0.223762 0.000000
vt  0.246094 -0.217822 0.000000
vt  0.289063 -0.241584 0.000000
vt  0.304688 -0.243564 0.000000
vt  0.287109 -0.251485 0.000000
vt  0.302734 -0.259406 0.000000
vt  0.287109 -0.265347 0.000000
vt  0.021484 -0.221782 0.000000
vt  0.029297 -0.225743 0.000000
vt  0.019531 -0.235644 0.000000
vt  0.031250 -0.241584 0.000000
vt  0.019531 -0.249505 0.000000
vt  0.394531 -0.249505 0.000000
vt  0.392578 -0.263366 0.000000
vt  0.382813 -0.257426 0.000000
vt  0.392578 -0.277228 0.000000
vt  0.380859 -0.271287 0.000000
vt  0.089844 -0.237624 0.000000
vt  0.070313 -0.239604 0.000000
vt  0.070313 -0.231683 0.000000
vt  0.056641 -0.239604 0.000000
vt  0.062500 -0.225743 0.000000
vt  0.603516 -0.332673 0.000000
vt  0.691406 -0.376238 0.000000
vt  0.599609 -0.366337 0.000000
vt  0.599609 -0.396040 0.000000
vt  0.517578 -0.255446 0.000000
vt  0.433594 -0.186139 0.000000
vt  0.517578 -0.182178 0.000000
vt  0.474609 -0.170297 0.000000
vt  0.865234 -0.277228 0.000000
vt  0.865234 -0.336634 0.000000
vt  0.769531 -0.346535 0.000000
vt  0.845703 -0.396040 0.000000
vt  0.890625 -0.520792 0.000000
vt  0.841797 -0.520792 0.000000
vt  0.845703 -0.423762 0.000000
vt  0.767578 -0.526733 0.000000
vt  0.681641 -0.580198 0.000000
vt  0.712891 -0.677228 0.000000
vt  0.685547 -0.691089 0.000000
vt  0.695313 -0.780198 0.000000
vt  0.429688 -0.136634 0.000000
vt  0.445313 -0.134653 0.000000
vt  0.474609 -0.164356 0.000000
vt  0.455078 -0.132673 0.000000
vt  0.341797 -0.477228 0.000000
vt  0.386719 -0.457426 0.000000
vt  0.355469 -0.516832 0.000000
vt  0.400391 -0.497030 0.000000
vt  0.341797 -0.477228 0.000000
vt  0.355469 -0.516832 0.000000
vt  0.386719 -0.457426 0.000000
vt  0.400391 -0.497030 0.000000
vt  0.267578 -0.598020 0.000000
vt  0.287109 -0.600000 0.000000
vt  0.267578 -0.461386 0.000000
vt  0.287109 -0.459406 0.000000
vt  0.548828 -0.089109 0.000000
vt  0.544922 -0.059406 0.000000
vt  0.574219 -0.077228 0.000000
vt  0.595703 -0.029703 0.000000
vt  0.169922 -0.586139 0.000000
vt  0.193359 -0.530693 0.000000
vt  0.230469 -0.586139 0.000000
vt  0.208984 -0.538614 0.000000
vt  0.246094 -0.506931 0.000000
vt  0.257813 -0.508911 0.000000
vt  0.240234 -0.552475 0.000000
vt  0.251953 -0.552475 0.000000
vt  0.224609 -0.497030 0.000000
vt  0.234375 -0.504951 0.000000
vt  0.199219 -0.526733 0.000000
vt  0.208984 -0.538614 0.000000
vt  0.019531 -0.552475 0.000000
vt  0.017578 -0.538614 0.000000
vt  0.064453 -0.552475 0.000000
vt  0.083984 -0.526733 0.000000
vt  0.404297 -0.770297 0.000000
vt  0.464844 -0.843564 0.000000
vt  0.410156 -0.823762 0.000000
vt  0.396484 -0.950495 0.000000
vt  0.941406 -0.774257 0.000000
vt  0.935547 -0.829703 0.000000
vt  0.880859 -0.849505 0.000000
vt  0.955078 -0.952475 0.000000
vt  0.326172 -0.685149 0.000000
vt  0.371094 -0.693069 0.000000
vt  0.316406 -0.740594 0.000000
vt  0.382813 -0.740594 0.000000
vt  0.169922 -0.586139 0.000000
vt  0.230469 -0.586139 0.000000
vt  0.193359 -0.530693 0.000000
vt  0.208984 -0.538614 0.000000
vt  0.085938 -0.479208 0.000000
vt  0.085938 -0.471287 0.000000
vt  0.025391 -0.475248 0.000000
vt  0.025391 -0.469307 0.000000
vt  0.246094 -0.506931 0.000000
vt  0.240234 -0.552475 0.000000
vt  0.257813 -0.508911 0.000000
vt  0.251953 -0.552475 0.000000
vt  0.224609 -0.497030 0.000000
vt  0.199219 -0.526733 0.000000
vt  0.234375 -0.504951 0.000000
vt  0.208984 -0.538614 0.000000
vt  0.251953 -0.615842 0.000000
vt  0.275391 -0.714851 0.000000
vt  0.281250 -0.615842 0.000000
vt  0.296875 -0.738614 0.000000
vt  0.083984 -0.926733 0.000000
vt  0.078125 -0.966337 0.000000
vt  0.158203 -0.976238 0.000000
vt  0.060547 -0.994059 0.000000
vt  0.367188 -0.841584 0.000000
vt  0.375000 -0.805941 0.000000
vt  0.324219 -0.843564 0.000000
vt  0.312500 -0.811881 0.000000
vt  0.363281 -0.003960 0.000000
vt  0.345703 -0.003960 0.000000
vt  0.373047 -0.025743 0.000000
vt  0.347656 -0.043564 0.000000
vt  0.345703 -0.392079 0.000000
vt  0.337891 -0.378218 0.000000
vt  0.353516 -0.388119 0.000000
vt  0.343750 -0.376238 0.000000
vt  0.384766 -0.366337 0.000000
vt  0.378906 -0.370297 0.000000
vt  0.373047 -0.354455 0.000000
vt  0.361328 -0.364356 0.000000
vt  0.107422 -0.376238 0.000000
vt  0.107422 -0.358416 0.000000
vt  0.117188 -0.378218 0.000000
vt  0.117188 -0.358416 0.000000
vt  0.119141 -0.366337 0.000000
vt  0.126953 -0.362376 0.000000
vt  0.115234 -0.382178 0.000000
vt  0.130859 -0.380198 0.000000
vt  0.154297 -0.396040 0.000000
vt  0.148438 -0.386139 0.000000
vt  0.160156 -0.382178 0.000000
vt  0.152344 -0.378218 0.000000
vt  0.244141 -0.308911 0.000000
vt  0.242188 -0.300990 0.000000
vt  0.257813 -0.304951 0.000000
vt  0.253906 -0.299010 0.000000
vt  0.375000 -0.283168 0.000000
vt  0.382813 -0.273267 0.000000
vt  0.394531 -0.295050 0.000000
vt  0.394531 -0.281188 0.000000
vt  0.375000 -0.316832 0.000000
vt  0.373047 -0.330693 0.000000
vt  0.361328 -0.314851 0.000000
vt  0.359375 -0.326733 0.000000
vt  0.140625 -0.299010 0.000000
vt  0.142578 -0.279208 0.000000
vt  0.156250 -0.291089 0.000000
vt  0.158203 -0.273267 0.000000
vt  0.128906 -0.291089 0.000000
vt  0.115234 -0.283168 0.000000
vt  0.132813 -0.269307 0.000000
vt  0.115234 -0.265347 0.000000
vt  0.365234 -0.261386 0.000000
vt  0.359375 -0.249505 0.000000
vt  0.373047 -0.251485 0.000000
vt  0.361328 -0.241584 0.000000
vt  0.072266 -0.192079 0.000000
vt  0.041016 -0.211881 0.000000
vt  0.027344 -0.207921 0.000000
vt  0.023438 -0.217822 0.000000
vt  0.326172 -0.188119 0.000000
vt  0.390625 -0.207921 0.000000
vt  0.369141 -0.213861 0.000000
vt  0.392578 -0.219802 0.000000
vt  0.968750 -0.271287 0.000000
vt  0.947266 -0.192079 0.000000
vt  0.992188 -0.190099 0.000000
vt  0.865234 -0.277228 0.000000
vt  0.748047 -0.255446 0.000000
vt  0.865234 -0.207921 0.000000
vt  0.546875 -0.415842 0.000000
vt  0.599609 -0.396040 0.000000
vt  0.609375 -0.423762 0.000000
vt  0.949219 -0.346535 0.000000
vt  0.945313 -0.386139 0.000000
vt  0.884766 -0.398020 0.000000
vt  0.439453 -0.396040 0.000000
vt  0.492188 -0.415842 0.000000
vt  0.433594 -0.423762 0.000000
vt  0.728516 -0.540594 0.000000
vt  0.812500 -0.538614 0.000000
vt  0.785156 -0.675248 0.000000
vt  0.949219 -0.091089 0.000000
vt  0.914063 -0.134653 0.000000
vt  0.908203 -0.093069 0.000000
vt  0.617188 -0.269307 0.000000
vt  0.691406 -0.289109 0.000000
vt  0.630859 -0.251485 0.000000
vt  0.662109 -0.025743 0.000000
vt  0.726563 -0.029703 0.000000
vt  0.714844 -0.053465 0.000000
vt  0.423828 -0.518812 0.000000
vt  0.433594 -0.423762 0.000000
vt  0.476563 -0.514852 0.000000
vt  0.632813 -0.540594 0.000000
vt  0.583984 -0.673267 0.000000
vt  0.539063 -0.538614 0.000000
vt  0.558594 -0.170297 0.000000
vt  0.601563 -0.186139 0.000000
vt  0.517578 -0.182178 0.000000
vt  0.007813 -0.796040 0.000000
vt  0.035156 -0.744554 0.000000
vt  0.037109 -0.796040 0.000000
vt  0.662109 -0.000000 0.000000
vt  0.662109 -0.007921 0.000000
vt  0.595703 -0.029703 0.000000
vt  0.664063 -0.077228 0.000000
vt  0.640625 -0.045545 0.000000
vt  0.685547 -0.045545 0.000000
vt  0.734375 -0.194059 0.000000
vt  0.734375 -0.140594 0.000000
vt  0.757813 -0.138614 0.000000
vt  0.296875 -0.738614 0.000000
vt  0.306641 -0.825743 0.000000
vt  0.291016 -0.782178 0.000000
vt  0.083984 -0.504951 0.000000
vt  0.101563 -0.528713 0.000000
vt  0.083984 -0.526733 0.000000
vt  0.169922 -0.499010 0.000000
vt  0.171875 -0.528713 0.000000
vt  0.101563 -0.528713 0.000000
vt  0.173828 -0.617822 0.000000
vt  0.251953 -0.615842 0.000000
vt  0.208984 -0.716832 0.000000
vt  0.169922 -0.475248 0.000000
vt  0.183594 -0.473267 0.000000
vt  0.169922 -0.499010 0.000000
vt  0.085938 -0.479208 0.000000
vt  0.099609 -0.479208 0.000000
vt  0.083984 -0.504951 0.000000
vt  0.056641 -0.966337 0.000000
vt  0.000000 -0.994059 0.000000
vt  0.029297 -0.924753 0.000000
vt  0.056641 -0.966337 0.000000
vt  0.060547 -0.994059 0.000000
vt  0.000000 -0.994059 0.000000
vt  0.464844 -0.843564 0.000000
vt  0.535156 -0.825743 0.000000
vt  0.533203 -0.958416 0.000000
vt  0.667969 -0.956436 0.000000
vt  0.662109 -0.994059 0.000000
vt  0.603516 -0.990099 0.000000
vt  0.880859 -0.849505 0.000000
vt  0.822266 -0.960396 0.000000
vt  0.818359 -0.829703 0.000000
vt  0.373047 -0.025743 0.000000
vt  0.402344 -0.027723 0.000000
vt  0.402344 -0.065347 0.000000
vt  0.347656 -0.043564 0.000000
vt  0.353516 -0.102970 0.000000
vt  0.320313 -0.067327 0.000000
vt  0.273438 -0.029703 0.000000
vt  0.281250 -0.000000 0.000000
vt  0.304688 -0.003960 0.000000
vt  0.326172 -0.445545 0.000000
vt  0.228516 -0.461386 0.000000
vt  0.228516 -0.445545 0.000000
vt  0.492188 -0.132673 0.000000
vt  0.523438 -0.093069 0.000000
vt  0.500000 -0.136634 0.000000
vt  0.019531 -0.506931 0.000000
vt  0.017578 -0.526733 0.000000
vt  0.083984 -0.504951 0.000000
vt  0.066406 -0.617822 0.000000
vt  0.109375 -0.609901 0.000000
vt  0.087891 -0.598020 0.000000
vt  0.019531 -0.552475 0.000000
vt  0.064453 -0.552475 0.000000
vt  0.017578 -0.538614 0.000000
vt  0.078125 -0.966337 0.000000
vt  0.000000 -0.994059 0.000000
vt  0.060547 -0.994059 0.000000
vt  0.273438 -0.029703 0.000000
vt  0.304688 -0.003960 0.000000
vt  0.281250 -0.000000 0.000000
vt  0.232422 -0.378218 0.000000
vt  0.240234 -0.368317 0.000000
vt  0.250000 -0.384158 0.000000
vt  0.234375 -0.398020 0.000000
vt  0.220703 -0.398020 0.000000
vt  0.226563 -0.394059 0.000000
vt  0.228516 -0.384158 0.000000
vt  0.238281 -0.392079 0.000000
vt  0.232422 -0.388119 0.000000
vt  0.316406 -0.314851 0.000000
vt  0.314453 -0.334653 0.000000
vt  0.302734 -0.330693 0.000000
vt  0.320313 -0.308911 0.000000
vt  0.324219 -0.304951 0.000000
vt  0.324219 -0.302970 0.000000
vt  0.343750 -0.358416 0.000000
vt  0.347656 -0.332673 0.000000
vt  0.353516 -0.366337 0.000000
vt  0.361328 -0.336634 0.000000
vt  0.373047 -0.330693 0.000000
vt  0.373047 -0.342574 0.000000
vt  0.130859 -0.400000 0.000000
vt  0.130859 -0.411881 0.000000
vt  0.119141 -0.403960 0.000000
vt  0.121094 -0.411881 0.000000
vt  0.117188 -0.421782 0.000000
vt  0.107422 -0.411881 0.000000
vt  0.060547 -0.366337 0.000000
vt  0.062500 -0.392079 0.000000
vt  0.054688 -0.386139 0.000000
vt  0.177734 -0.439604 0.000000
vt  0.140625 -0.435644 0.000000
vt  0.179688 -0.437624 0.000000
vt  0.169922 -0.415842 0.000000
vt  0.154297 -0.396040 0.000000
vt  0.160156 -0.401980 0.000000
vt  0.224609 -0.304951 0.000000
vt  0.234375 -0.312871 0.000000
vt  0.214844 -0.310891 0.000000
vt  0.210938 -0.316832 0.000000
vt  0.214844 -0.328713 0.000000
vt  0.216797 -0.330693 0.000000
vt  0.191406 -0.289109 0.000000
vt  0.207031 -0.291089 0.000000
vt  0.191406 -0.293069 0.000000
vt  0.269531 -0.334653 0.000000
vt  0.257813 -0.354455 0.000000
vt  0.259766 -0.332673 0.000000
vt  0.224609 -0.362376 0.000000
vt  0.216797 -0.358416 0.000000
vt  0.218750 -0.354455 0.000000
vt  0.195313 -0.346535 0.000000
vt  0.199219 -0.342574 0.000000
vt  0.195313 -0.348515 0.000000
vt  0.208984 -0.358416 0.000000
vt  0.201172 -0.358416 0.000000
vt  0.208984 -0.352475 0.000000
vt  0.232422 -0.378218 0.000000
vt  0.224609 -0.362376 0.000000
vt  0.226563 -0.354455 0.000000
vt  0.214844 -0.344554 0.000000
vt  0.208984 -0.348515 0.000000
vt  0.208984 -0.344554 0.000000
vt  0.203125 -0.340594 0.000000
vt  0.208984 -0.334653 0.000000
vt  0.208984 -0.336634 0.000000
vt  0.203125 -0.316832 0.000000
vt  0.205078 -0.310891 0.000000
vt  0.207031 -0.316832 0.000000
vt  0.298828 -0.354455 0.000000
vt  0.281250 -0.338614 0.000000
vt  0.300781 -0.330693 0.000000
vt  0.271484 -0.332673 0.000000
vt  0.279297 -0.324752 0.000000
vt  0.281250 -0.338614 0.000000
vt  0.267578 -0.261386 0.000000
vt  0.269531 -0.281188 0.000000
vt  0.253906 -0.273267 0.000000
vt  0.320313 -0.285149 0.000000
vt  0.326172 -0.265347 0.000000
vt  0.339844 -0.273267 0.000000
vt  0.355469 -0.338614 0.000000
vt  0.343750 -0.316832 0.000000
vt  0.357422 -0.326733 0.000000
vt  0.375000 -0.316832 0.000000
vt  0.394531 -0.306931 0.000000
vt  0.394531 -0.320792 0.000000
vt  0.031250 -0.273267 0.000000
vt  0.021484 -0.295050 0.000000
vt  0.021484 -0.279208 0.000000
vt  0.083984 -0.306931 0.000000
vt  0.072266 -0.322772 0.000000
vt  0.083984 -0.293069 0.000000
vt  0.085938 -0.318812 0.000000
vt  0.085938 -0.314851 0.000000
vt  0.087891 -0.310891 0.000000
vt  0.083984 -0.320792 0.000000
vt  0.083984 -0.342574 0.000000
vt  0.083984 -0.342574 0.000000
vt  0.099609 -0.306931 0.000000
vt  0.099609 -0.308911 0.000000
vt  0.103516 -0.316832 0.000000
vt  0.113281 -0.332673 0.000000
vt  0.105469 -0.342574 0.000000
vt  0.103516 -0.316832 0.000000
vt  0.191406 -0.293069 0.000000
vt  0.191406 -0.300990 0.000000
vt  0.175781 -0.295050 0.000000
vt  0.171875 -0.306931 0.000000
vt  0.179688 -0.316832 0.000000
vt  0.164063 -0.320792 0.000000
vt  0.173828 -0.285149 0.000000
vt  0.189453 -0.287129 0.000000
vt  0.173828 -0.289109 0.000000
vt  0.183594 -0.374257 0.000000
vt  0.171875 -0.364356 0.000000
vt  0.187500 -0.352475 0.000000
vt  0.207031 -0.229703 0.000000
vt  0.222656 -0.237624 0.000000
vt  0.207031 -0.241584 0.000000
vt  0.324219 -0.213861 0.000000
vt  0.365234 -0.217822 0.000000
vt  0.353516 -0.225743 0.000000
vt  0.093750 -0.211881 0.000000
vt  0.171875 -0.213861 0.000000
vt  0.142578 -0.213861 0.000000
vt  0.230469 -0.221782 0.000000
vt  0.208984 -0.215842 0.000000
vt  0.244141 -0.213861 0.000000
vt  0.033203 -0.241584 0.000000
vt  0.033203 -0.225743 0.000000
vt  0.044922 -0.229703 0.000000
vt  0.033203 -0.269307 0.000000
vt  0.050781 -0.261386 0.000000
vt  0.041016 -0.279208 0.000000
vt  0.068359 -0.239604 0.000000
vt  0.058594 -0.249505 0.000000
vt  0.056641 -0.239604 0.000000
vt  0.160156 -0.273267 0.000000
vt  0.144531 -0.277228 0.000000
vt  0.148438 -0.259406 0.000000

vn  0.832051 -0.496957 0.246426
vn  -0.961639 -0.105066 0.253400
vn  -0.690810 -0.276853 0.667932
vn  -0.784737 0.249252 0.567504
vn  -0.615325 0.124140 0.778437
vn  -0.356050 0.529962 0.769655
vn  -0.388346 0.032552 0.920938
vn  0.580955 0.370422 0.724761
vn  0.550209 -0.252415 0.795962
vn  0.990756 -0.135611 0.003511
vn  0.473800 -0.637104 0.607958
vn  0.952151 -0.283394 -0.114438
vn  0.832051 -0.496957 0.246426
vn  0.956028 -0.233288 -0.177729
vn  0.975188 -0.208470 -0.074485
vn  0.894401 -0.094096 -0.437256
vn  0.928769 -0.021868 -0.370014
vn  -0.166826 -0.548658 -0.819234
vn  -0.902110 -0.429556 -0.040978
vn  -0.850258 0.083958 -0.519627
vn  -0.037242 0.866072 -0.498531
vn  -0.302501 0.840784 -0.448971
vn  -0.259795 0.962396 -0.079379
vn  -0.172711 0.980887 -0.089619
vn  0.297166 0.954111 0.036947
vn  -0.240709 0.970211 0.027390
vn  -0.338550 0.837800 0.428340
vn  0.618645 0.783922 0.052386
vn  0.128759 0.793163 0.595243
vn  0.580955 0.370422 0.724761
vn  -0.356050 0.529962 0.769655
vn  0.579080 -0.814892 -0.024855
vn  0.406178 -0.766108 -0.498094
vn  0.586831 -0.752966 -0.297778
vn  0.544517 -0.469853 -0.694794
vn  0.648873 -0.710909 -0.271243
vn  0.888968 -0.455876 -0.043726
vn  0.591859 -0.790950 -0.155244
vn  0.670345 -0.740320 0.050636
vn  0.274510 -0.888488 -0.367742
vn  0.242779 -0.903812 -0.352395
vn  0.361542 -0.891553 -0.272803
vn  0.268758 -0.955627 -0.120605
vn  0.517149 -0.855230 0.033735
vn  0.356326 -0.922771 0.146717
vn  0.612937 -0.789074 0.040875
vn  0.365208 -0.928954 -0.060563
vn  0.541932 -0.826555 -0.152042
vn  0.365208 -0.928954 -0.060563
vn  0.501029 -0.836348 0.222467
vn  0.290347 -0.844497 0.450027
vn  0.505405 -0.633909 0.585427
vn  0.314727 -0.809907 0.494972
vn  0.578054 -0.642331 0.503254
vn  0.564897 -0.740062 0.364964
vn  0.695002 -0.592335 0.407568
vn  0.881351 0.341251 -0.326755
vn  0.075871 -0.726460 -0.683007
vn  0.989100 -0.093986 -0.113345
vn  0.030177 -0.961001 -0.274894
vn  0.602512 -0.797979 -0.014436
vn  -0.504234 -0.844121 -0.182231
vn  0.405849 -0.892330 -0.197571
vn  -0.351349 -0.884813 -0.306038
vn  0.569620 -0.820528 0.047621
vn  -0.581496 -0.791316 -0.188896
vn  0.097318 -0.995192 -0.011077
vn  -0.004188 -0.969479 -0.245139
vn  -0.100572 -0.994872 -0.010681
vn  0.569342 -0.796375 -0.204049
vn  -0.560708 -0.826677 0.047023
vn  0.343016 -0.885870 -0.312369
vn  -0.401522 -0.895728 -0.190924
vn  0.503540 -0.844710 -0.181420
vn  -0.597557 -0.801825 -0.001214
vn  -0.024403 -0.964260 -0.263833
vn  -0.988054 -0.097866 -0.119044
vn  -0.066827 -0.735852 -0.673837
vn  -0.801112 0.304517 -0.515257
vn  0.371462 0.914282 0.161569
vn  0.129751 0.926931 0.352084
vn  0.196569 0.967975 0.156155
vn  -0.136959 0.953400 0.268831
vn  -0.290989 0.944244 0.154043
vn  -0.667517 0.698594 0.257656
vn  -0.761853 0.646540 0.039569
vn  -0.939694 0.298084 0.167694
vn  -0.998690 0.043735 0.026546
vn  -0.950408 -0.248789 0.186626
vn  -0.651894 -0.752442 0.094157
vn  -0.689780 -0.715210 0.112599
vn  -0.168899 -0.983028 0.071616
vn  -0.249262 -0.962414 -0.107833
vn  0.183811 -0.975096 -0.124106
vn  0.000612 -0.997084 -0.076308
vn  0.303620 -0.945734 -0.115766
vn  0.000612 -0.993459 0.114188
vn  0.237477 -0.958568 0.157327
vn  0.001317 -0.917079 0.398704
vn  0.153236 -0.707703 0.689692
vn  0.070318 -0.559283 0.825989
vn  0.193806 -0.092882 0.976633
vn  0.580955 0.370422 0.724761
vn  0.618645 0.783922 0.052386
vn  0.990756 -0.135611 0.003511
vn  0.784299 0.586487 -0.202256
vn  0.952151 -0.283394 -0.114438
vn  0.644591 0.709835 -0.283966
vn  0.956028 -0.233288 -0.177729
vn  0.551895 0.633132 -0.542730
vn  0.894401 -0.094096 -0.437256
vn  0.274961 0.351474 -0.894909
vn  -0.166826 -0.548658 -0.819234
vn  -0.291232 -0.019881 -0.956446
vn  -0.850258 0.083958 -0.519627
vn  0.274961 0.351474 -0.894909
vn  -0.302501 0.840784 -0.448971
vn  0.551895 0.633132 -0.542730
vn  -0.172711 0.980887 -0.089619
vn  0.644591 0.709835 -0.283966
vn  -0.240709 0.970211 0.027390
vn  0.784299 0.586487 -0.202256
vn  0.618645 0.783922 0.052386
vn  0.083021 -0.937984 -0.336592
vn  -0.008619 -0.968318 -0.249570
vn  -0.176861 -0.917192 -0.357042
vn  -0.151340 -0.973668 -0.170489
vn  -0.406020 -0.875320 -0.262607
vn  -0.275383 -0.959203 -0.063979
vn  -0.417673 -0.905066 -0.080035
vn  -0.279191 -0.955348 0.096762
vn  -0.636840 -0.768743 0.058893
vn  -0.550366 -0.825207 -0.127005
vn  -0.881270 -0.441275 -0.169232
vn  -0.629021 -0.644810 -0.434227
vn  -0.878024 -0.400871 -0.261490
vn  -0.590812 -0.353457 -0.725265
vn  -0.715394 -0.177644 -0.675762
vn  -0.161440 0.101727 -0.981626
vn  -0.261741 0.318407 -0.911103
vn  -0.189722 0.188424 -0.963588
vn  -0.495077 -0.016213 -0.868698
vn  -0.645737 -0.514749 -0.563966
vn  -0.564675 -0.767217 -0.304171
vn  -0.931935 -0.277661 -0.233243
vn  -0.931935 -0.277661 -0.233243
vn  -0.945199 -0.322246 -0.052505
vn  -0.950759 -0.210910 -0.227101
vn  -0.439432 -0.706782 0.554400
vn  -0.993078 -0.052849 -0.104895
vn  -0.567738 -0.257311 0.781962
vn  -0.597037 0.435061 0.673995
vn  0.535341 -0.039592 0.843707
vn  0.489096 0.491490 0.720571
vn  0.777120 0.045200 0.627727
vn  0.848707 0.133918 0.511627
vn  0.783773 -0.317299 0.533874
vn  -0.169043 0.427357 0.888139
vn  -0.945199 -0.322246 -0.052505
vn  -0.988988 0.143155 -0.037543
vn  -0.989957 -0.104242 0.095492
vn  -0.985517 -0.010593 0.169243
vn  -0.967007 -0.116209 0.226700
vn  -0.967007 -0.116209 0.226700
vn  -0.967007 -0.116209 0.226700
vn  0.545642 -0.829515 -0.119080
vn  0.580361 -0.811160 -0.072120
vn  0.413367 -0.858299 -0.304057
vn  0.480578 -0.835273 -0.267139
vn  0.364356 -0.917472 -0.159657
vn  0.545642 -0.829515 -0.119080
vn  0.647264 -0.761471 0.034814
vn  0.751319 -0.626863 -0.206305
vn  0.882617 -0.443945 -0.154597
vn  0.876018 -0.418609 -0.239497
vn  0.857924 -0.431279 -0.279222
vn  0.906676 -0.386507 -0.168969
vn  0.665979 -0.234493 -0.708156
vn  0.655810 -0.012481 -0.754823
vn  0.246140 0.209249 -0.946377
vn  0.331437 0.269546 -0.904154
vn  0.526445 -0.151885 -0.836532
vn  0.597741 -0.147477 -0.788008
vn  0.654370 -0.698266 -0.290216
vn  -0.862819 -0.253936 -0.437104
vn  -0.793757 -0.107504 -0.598659
vn  -0.880483 -0.254877 -0.399734
vn  -0.827598 -0.073120 -0.556538
vn  -0.917710 -0.118239 -0.379247
vn  -0.899560 0.073104 -0.430636
vn  -0.959265 -0.062465 -0.275514
vn  -0.928319 0.177263 -0.326806
vn  -0.961206 -0.119773 -0.248469
vn  -0.913051 0.286504 -0.290265
vn  0.081254 0.227742 -0.970325
vn  -0.886979 0.389634 -0.247897
vn  0.125331 0.612916 -0.780145
vn  -0.418162 0.831104 -0.366615
vn  0.385187 0.746899 -0.542008
vn  0.046381 0.974814 -0.218145
vn  -0.586963 0.641359 -0.494098
vn  -0.618669 0.692064 -0.371881
vn  -0.969659 -0.152274 -0.191242
vn  -0.495077 -0.016213 -0.868698
vn  -0.366721 0.441576 -0.818857
vn  -0.261741 0.318407 -0.911103
vn  -0.656579 0.098381 -0.747814
vn  -0.715394 -0.177644 -0.675762
vn  -0.901868 -0.397631 -0.168890
vn  -0.878024 -0.400871 -0.261490
vn  -0.909472 -0.363781 -0.201308
vn  -0.881270 -0.441275 -0.169232
vn  -0.819867 -0.557849 -0.128932
vn  -0.636840 -0.768743 0.058893
vn  -0.622687 -0.782467 -0.002444
vn  -0.417673 -0.905066 -0.080035
vn  -0.550366 -0.825207 -0.127005
vn  -0.406020 -0.875320 -0.262607
vn  -0.622687 -0.782467 -0.002444
vn  -0.483049 -0.858812 -0.170603
vn  -0.661113 -0.743629 0.099730
vn  0.096771 -0.995278 0.007512
vn  0.112224 -0.967714 0.225689
vn  -0.107272 -0.989467 0.097200
vn  0.201138 -0.932604 0.299656
vn  -0.120619 -0.927832 0.352957
vn  0.264941 -0.910174 0.318417
vn  -0.122392 -0.940850 0.315946
vn  -0.066446 -0.966070 0.249586
vn  -0.510587 -0.819586 0.259962
vn  -0.569778 -0.807335 0.153501
vn  -0.680780 -0.712932 0.168128
vn  -0.846519 -0.525778 0.083450
vn  -0.831719 -0.552940 -0.050011
vn  -0.938934 -0.310172 0.148984
vn  -0.727412 -0.681389 -0.081125
vn  -0.725499 -0.688194 0.006345
vn  -0.461272 -0.855000 -0.237070
vn  -0.461272 -0.855000 -0.237070
vn  0.654370 -0.698266 -0.290216
vn  0.652309 -0.501944 -0.567931
vn  0.526445 -0.151885 -0.836532
vn  0.275621 0.105517 -0.955458
vn  0.246140 0.209249 -0.946377
vn  0.239909 0.042429 -0.969868
vn  0.665979 -0.234493 -0.708156
vn  0.602717 -0.356768 -0.713756
vn  0.857924 -0.431279 -0.279222
vn  0.644463 -0.617256 -0.451289
vn  0.882617 -0.443945 -0.154597
vn  0.551643 -0.818081 -0.162582
vn  0.647264 -0.761471 0.034814
vn  0.258714 -0.961502 0.092636
vn  0.364356 -0.917472 -0.159657
vn  0.273324 -0.958631 -0.079508
vn  0.413367 -0.858299 -0.304057
vn  0.186311 -0.974832 0.122433
vn  0.356326 -0.922771 0.146717
vn  0.166836 -0.985136 0.040897
vn  0.268758 -0.955627 -0.120605
vn  0.204831 -0.944126 -0.258205
vn  0.242779 -0.903812 -0.352395
vn  0.624675 -0.778607 -0.059599
vn  0.670345 -0.740320 0.050636
vn  0.928264 -0.178974 0.326027
vn  0.888968 -0.455876 -0.043726
vn  0.831755 -0.490943 -0.259150
vn  0.544517 -0.469853 -0.694794
vn  0.336967 -0.300660 -0.892220
vn  0.406178 -0.766108 -0.498094
vn  0.316028 -0.754733 -0.574895
vn  0.365208 -0.928954 -0.060563
vn  0.304940 -0.951304 -0.045078
vn  -0.931935 -0.277661 -0.233243
vn  -0.570050 0.715985 -0.402999
vn  -0.950759 -0.210910 -0.227101
vn  -0.711776 0.614089 -0.340983
vn  -0.993078 -0.052849 -0.104895
vn  -0.600730 0.793041 -0.101045
vn  -0.597037 0.435061 0.673995
vn  -0.111786 0.847408 0.519041
vn  0.489096 0.491490 0.720571
vn  0.423631 0.822242 0.380072
vn  0.848707 0.133918 0.511627
vn  -0.233287 0.970110 -0.066817
vn  -0.169043 0.427357 0.888139
vn  -0.936846 0.291237 -0.193652
vn  -0.988988 0.143155 -0.037543
vn  -0.975377 0.218631 0.028975
vn  -0.985517 -0.010593 0.169243
vn  0.125170 0.521042 -0.844303
vn  -0.091107 0.659299 -0.746340
vn  0.052019 0.907815 -0.416132
vn  0.070830 0.996351 -0.047628
vn  0.075539 0.800316 0.594801
vn  0.003238 0.032852 0.999455
vn  0.007349 0.149034 0.988805
vn  0.086318 -0.831635 0.548573
vn  0.015928 -0.789523 0.613514
vn  -0.004233 -0.808910 -0.587918
vn  0.108836 -0.905423 -0.410321
vn  0.057241 -0.335758 -0.940207
vn  0.132745 -0.877874 -0.460126
vn  0.285944 -0.359236 -0.888361
vn  0.262073 -0.706371 -0.657539
vn  0.314955 -0.298063 -0.901089
vn  -0.506491 -0.746820 -0.430960
vn  -0.816264 -0.394272 -0.422211
vn  -0.669177 -0.621162 -0.407872
vn  -0.874001 -0.360358 -0.325982
vn  -0.776966 -0.591087 -0.216656
vn  -0.864155 -0.503193 0.005690
vn  -0.626573 -0.775231 0.080149
vn  -0.707842 -0.689419 0.153823
vn  -0.460786 -0.884696 0.070639
vn  -0.646376 -0.758183 -0.085774
vn  -0.465294 -0.875840 -0.128084
vn  -0.628044 -0.727731 0.275623
vn  -0.416487 -0.879446 0.230464
vn  -0.421563 -0.675042 0.605478
vn  -0.277045 -0.878687 0.388786
vn  -0.288867 -0.745399 0.600780
vn  0.079597 0.654700 -0.751687
vn  -0.050574 0.905873 -0.420518
vn  -0.081649 0.994735 -0.061935
vn  -0.071327 0.806885 0.586386
vn  -0.025673 0.034350 0.999080
vn  -0.003481 0.150619 0.988586
vn  -0.086795 -0.834956 0.543430
vn  -0.015565 -0.790705 0.612000
vn  0.005211 -0.805656 -0.592361
vn  -0.105301 -0.904334 -0.413633
vn  -0.054361 -0.331425 -0.941914
vn  -0.125348 -0.875571 -0.466543
vn  -0.265890 -0.372216 -0.889246
vn  -0.248537 -0.717597 -0.650603
vn  -0.311666 -0.341308 -0.886777
vn  0.421192 -0.167262 -0.891415
vn  0.727184 -0.146570 -0.670612
vn  0.660401 -0.095260 -0.744847
vn  0.879442 -0.214623 -0.424875
vn  0.836675 -0.022425 -0.547241
vn  0.894401 -0.094096 -0.437256
vn  0.873012 0.179407 -0.453502
vn  0.914301 0.054423 -0.401362
vn  0.881719 0.298150 -0.365621
vn  0.928769 -0.021868 -0.370014
vn  0.873038 0.341116 -0.348490
vn  0.862679 0.424413 -0.275060
vn  0.862679 0.424413 -0.275060
vn  -0.037242 0.866072 -0.498531
vn  0.884801 0.389040 -0.256466
vn  0.379775 -0.874613 -0.301368
vn  0.309369 -0.912331 -0.268222
vn  0.278722 -0.945187 -0.170105
vn  0.195678 -0.980271 -0.027920
vn  0.161465 -0.982480 0.093067
vn  0.161465 -0.982480 0.093067
vn  0.216409 -0.974697 -0.055969
vn  0.278213 -0.935719 -0.216860
vn  0.313965 -0.846595 -0.429772
vn  0.300561 -0.810725 -0.502383
vn  0.290077 -0.573728 -0.765958
vn  0.291907 -0.299806 -0.908244
vn  0.267533 0.064224 -0.961406
vn  0.286378 0.123363 -0.950142
vn  0.254941 0.203176 -0.945370
vn  -0.003278 -0.951271 0.308338
vn  -0.628280 -0.771417 0.100895
vn  0.003550 -0.448201 0.893926
vn  -0.828549 0.286735 0.480925
vn  -0.140207 0.014967 0.990009
vn  -0.002405 0.970158 0.242461
vn  0.140864 0.014346 0.989925
vn  0.828892 0.296105 0.474617
vn  0.003550 -0.448201 0.893926
vn  0.637037 -0.766585 0.080812
vn  -0.003278 -0.951271 0.308338
vn  -0.001856 -0.774915 -0.632063
vn  -0.628280 -0.771417 0.100895
vn  -0.362430 -0.806580 -0.466984
vn  -0.286769 -0.035950 -0.957325
vn  0.117900 0.318531 -0.940552
vn  -0.045615 0.207283 -0.977217
vn  0.354114 0.275655 -0.893654
vn  0.275918 0.541483 -0.794144
vn  0.431342 0.595423 -0.677802
vn  -0.163889 0.880148 0.445512
vn  0.148765 0.623093 0.767870
vn  -0.204767 -0.690510 0.693733
vn  0.063727 -0.731700 0.678641
vn  -0.127769 -0.978888 0.159541
vn  0.388802 -0.803472 0.450850
vn  0.083032 -0.993751 -0.074596
vn  0.174549 -0.973391 -0.148471
vn  0.597741 -0.147477 -0.788008
vn  0.331437 0.269546 -0.904154
vn  0.394748 0.289684 -0.871927
vn  0.744703 0.040071 -0.666192
vn  0.838194 -0.000223 -0.545372
vn  0.929478 -0.242643 -0.277840
vn  0.925453 -0.161855 -0.342548
vn  0.905810 -0.284331 -0.314108
vn  0.939633 -0.247013 -0.236802
vn  0.883776 -0.389183 -0.259762
vn  0.920787 -0.284317 -0.267049
vn  0.883776 -0.389183 -0.259762
vn  0.920787 -0.284317 -0.267049
vn  0.876018 -0.418609 -0.239497
vn  -0.086459 -0.994030 -0.066556
vn  -0.393254 -0.799229 0.454515
vn  0.128688 -0.977501 0.167129
vn  -0.066458 -0.729328 0.680929
vn  0.205590 -0.689377 0.694616
vn  -0.154030 0.625286 0.765044
vn  0.165770 0.878904 0.447267
vn  -0.434979 0.589611 -0.680553
vn  -0.273622 0.537412 -0.797696
vn  -0.351119 0.270635 -0.896366
vn  0.046407 0.209446 -0.976718
vn  -0.118020 0.317944 -0.940735
vn  0.286267 -0.033722 -0.957556
vn  -0.136959 0.953400 0.268831
vn  0.129751 0.926931 0.352084
vn  -0.504741 0.815857 0.282160
vn  0.083263 0.986531 0.140795
vn  -0.396147 0.899678 -0.183433
vn  -0.000666 0.992486 -0.122353
vn  -0.442157 0.865669 -0.234765
vn  0.041213 0.995101 -0.089866
vn  -0.000075 0.986387 0.164439
vn  0.212442 0.949286 0.231785
vn  0.223827 0.899588 0.375025
vn  0.289647 0.897099 0.333643
vn  0.237276 0.918886 0.315195
vn  0.331437 0.269546 -0.904154
vn  0.655810 -0.012481 -0.754823
vn  0.744703 0.040071 -0.666192
vn  0.906676 -0.386507 -0.168969
vn  0.929478 -0.242643 -0.277840
vn  0.876018 -0.418609 -0.239497
vn  0.905810 -0.284331 -0.314108
vn  0.720231 -0.604328 -0.340668
vn  0.883776 -0.389183 -0.259762
vn  0.551643 -0.818081 -0.162582
vn  0.883776 -0.389183 -0.259762
vn  0.751319 -0.626863 -0.206305
vn  0.876018 -0.418609 -0.239497
vn  -0.793757 -0.107504 -0.598659
vn  -0.712129 -0.068355 -0.698713
vn  -0.827598 -0.073120 -0.556538
vn  -0.827598 -0.073120 -0.556538
vn  -0.899560 0.073104 -0.430636
vn  -0.899560 0.073104 -0.430636
vn  -0.928319 0.177263 -0.326806
vn  -0.904165 0.246673 -0.348766
vn  -0.913051 0.286504 -0.290265
vn  -0.907834 0.325729 -0.264081
vn  -0.886979 0.389634 -0.247897
vn  -0.907834 0.325729 -0.264081
vn  -0.418162 0.831104 -0.366615
vn  -0.572049 -0.317011 -0.756481
vn  -0.534157 -0.181878 -0.825589
vn  -0.266284 0.209943 -0.940753
vn  -0.421569 0.099231 -0.901351
vn  -0.718795 0.003856 -0.695212
vn  -0.707183 0.068043 -0.703748
vn  -0.909203 -0.305511 -0.282867
vn  -0.897024 -0.266295 -0.352753
vn  -0.860502 -0.403152 -0.311456
vn  -0.934716 -0.290960 -0.204079
vn  -0.895611 -0.376024 -0.237671
vn  -0.942858 -0.251005 -0.219125
vn  -0.934716 -0.290960 -0.204079
vn  -0.189722 0.188424 -0.963588
vn  -0.161440 0.101727 -0.981626
vn  -0.009028 0.055443 -0.998421
vn  -0.200232 -0.430147 -0.880273
vn  -0.053467 -0.587228 -0.807654
vn  -0.215930 -0.843703 -0.491467
vn  -0.086592 -0.887983 -0.451650
vn  -0.182222 -0.973682 -0.136887
vn  -0.029412 -0.998801 -0.039124
vn  -0.094876 -0.990055 0.103877
vn  0.001894 -0.996501 0.083560
vn  -0.151340 -0.973668 -0.170489
vn  -0.008619 -0.968318 -0.249570
vn  0.264941 -0.910174 0.318417
vn  0.428446 -0.867463 0.252868
vn  -0.066446 -0.966070 0.249586
vn  -0.390380 -0.894671 0.217181
vn  -0.569778 -0.807335 0.153501
vn  -0.680780 -0.712932 0.168128
vn  -0.846519 -0.525778 0.083450
vn  -0.828593 -0.491941 -0.267259
vn  -0.938934 -0.310172 0.148984
vn  -0.901618 -0.432470 -0.007448
vn  -0.725499 -0.688194 0.006345
vn  -0.783704 -0.614186 -0.092647
vn  -0.461272 -0.855000 -0.237070
vn  0.777269 -0.448789 0.440955
vn  0.928298 -0.162164 0.334611
vn  0.783927 -0.479392 0.394514
vn  0.965762 -0.140683 0.217972
vn  0.843829 -0.534027 0.052612
vn  0.979392 -0.134680 -0.150505
vn  0.815078 -0.504999 -0.283943
vn  0.953721 -0.190165 -0.232924
vn  0.862522 -0.496264 -0.098881
vn  0.936410 -0.339269 -0.089627
vn  0.847399 -0.529361 -0.041140
vn  0.880956 -0.455111 -0.129579
vn  0.839163 -0.527066 -0.134190
vn  -0.672093 -0.606573 0.424689
vn  -0.736580 -0.653092 0.175841
vn  -0.852894 -0.509523 0.113833
vn  -0.709704 -0.694835 -0.116296
vn  -0.837314 -0.495140 -0.231823
vn  -0.709704 -0.694835 -0.116296
vn  -0.863763 -0.491589 -0.110697
vn  -0.839554 -0.540279 -0.056985
vn  -0.940408 -0.303507 -0.153352
vn  -0.899264 -0.350741 -0.261353
vn  -0.926608 -0.220661 -0.304477
vn  -0.872624 -0.288784 -0.393867
vn  -0.892269 -0.227431 -0.390041
vn  0.476366 -0.338242 0.811583
vn  -0.460819 -0.358395 0.811911
vn  0.012571 -0.862580 0.505765
vn  0.139429 -0.814403 0.563300
vn  0.828537 -0.538410 -0.153756
vn  -0.065445 -0.529242 0.845943
vn  0.998780 0.034182 0.035645
vn  0.527452 0.055148 0.847793
vn  0.705816 0.695123 0.136482
vn  0.001094 0.587157 0.809472
vn  0.000256 0.995754 -0.092055
vn  -0.704961 0.695767 0.137616
vn  -0.000154 0.038954 -0.999241
vn  -0.523117 -0.368202 -0.768619
vn  -0.185630 -0.620439 -0.761969
vn  0.208846 -0.609025 -0.765161
vn  0.524975 -0.383047 -0.760050
vn  0.644227 0.014878 -0.764690
vn  0.486891 0.457217 -0.744237
vn  0.167361 0.669177 -0.724012
vn  -0.160907 0.670549 -0.724205
vn  -0.499873 0.436213 -0.748228
vn  -0.664555 0.022385 -0.746904
vn  -0.523117 -0.368202 -0.768619
vn  -0.914037 0.369147 0.168126
vn  -0.994815 -0.074759 0.068946
vn  -0.823208 0.542466 -0.167507
vn  -0.868540 0.403964 -0.287143
vn  -0.058408 0.956788 -0.284859
vn  -0.704699 0.676141 -0.215017
vn  0.032248 0.994698 -0.097656
vn  0.010926 0.998020 0.061936
vn  0.995852 0.090975 -0.001300
vn  0.996061 -0.020304 0.086314
vn  0.602512 -0.797979 -0.014436
vn  0.989100 -0.093986 -0.113345
vn  0.523477 -0.829252 0.195737
vn  -0.567787 -0.818077 0.091476
vn  -0.385399 -0.699038 0.602340
vn  -0.986290 -0.125005 0.107732
vn  -0.659545 -0.337345 0.671713
vn  -0.990487 -0.071474 0.117588
vn  0.076143 -0.741438 0.666688
vn  0.061195 -0.988440 -0.138716
vn  0.961516 0.003146 0.274731
vn  0.946008 0.322291 0.034594
vn  0.568509 0.805089 0.169204
vn  0.727323 0.686281 0.004484
vn  0.079597 0.654700 -0.751687
vn  -0.129270 0.519512 -0.844628
vn  -0.050574 0.905873 -0.420518
vn  0.008005 0.807941 -0.589209
vn  0.104898 0.879346 0.464485
vn  -0.121130 0.992213 0.028981
vn  0.034304 0.213876 0.976258
vn  -0.148111 0.009430 0.988926
vn  -0.033598 -0.786673 0.616455
vn  0.007117 -0.795326 0.606141
vn  -0.125348 -0.875571 -0.466543
vn  -0.248537 -0.717597 -0.650603
vn  0.986109 -0.125979 0.108251
vn  0.567725 -0.818120 0.091475
vn  0.384161 -0.698550 0.603696
vn  -0.523200 -0.828654 0.198984
vn  -0.645181 -0.461819 0.608658
vn  -0.957590 -0.125590 0.259323
vn  -0.784273 -0.227993 0.577006
vn  -0.978120 0.127389 0.164479
vn  -0.959964 0.006812 0.280042
vn  -0.631287 0.717810 0.293641
vn  -0.566853 0.804913 0.175477
vn  -0.042520 0.975335 0.216594
vn  0.445687 -0.284385 -0.848816
vn  0.421192 -0.167262 -0.891415
vn  0.501765 -0.206341 -0.840033
vn  0.660401 -0.095260 -0.744847
vn  0.676819 -0.053079 -0.734233
vn  0.836675 -0.022425 -0.547241
vn  0.836675 -0.022425 -0.547241
vn  0.873012 0.179407 -0.453502
vn  0.924844 0.120747 -0.360672
vn  0.881719 0.298150 -0.365621
vn  0.925175 0.234097 -0.298748
vn  0.873038 0.341116 -0.348490
vn  -0.961206 -0.119773 -0.248469
vn  0.081254 0.227742 -0.970325
vn  0.094599 -0.505741 -0.857483
vn  0.845162 0.017804 -0.534214
vn  0.378052 -0.078714 -0.922432
vn  -0.284893 0.230680 -0.930388
vn  0.094599 -0.505741 -0.857483
vn  -0.943233 -0.199248 -0.265728
vn  -0.961206 -0.119773 -0.248469
vn  -0.949811 -0.290644 -0.115697
vn  -0.967277 -0.199812 -0.156369
vn  -0.975789 -0.179423 -0.125073
vn  0.648873 -0.710909 -0.271243
vn  0.591859 -0.790950 -0.155244
vn  0.411915 -0.888831 -0.200763
vn  0.274510 -0.888488 -0.367742
vn  0.359954 -0.861912 -0.357129
vn  0.361542 -0.891553 -0.272803
vn  0.557501 -0.806434 -0.197119
vn  0.517149 -0.855230 0.033735
vn  0.732564 -0.676765 0.073064
vn  0.612937 -0.789074 0.040875
vn  0.787056 -0.611509 0.081243
vn  0.706196 -0.689841 -0.159391
vn  0.967918 -0.241696 0.068693
vn  0.904114 -0.426718 0.022142
vn  0.976011 -0.207568 0.065714
vn  0.899572 -0.427349 0.090242
vn  0.961935 -0.197086 0.189307
vn  0.829449 -0.386941 0.402853
vn  0.792240 -0.134455 0.595213
vn  0.621772 -0.270094 0.735152
vn  0.547566 -0.057031 0.834817
vn  0.354664 -0.155446 0.921981
vn  0.262877 -0.015673 0.964702
vn  0.181214 -0.252827 0.950389
vn  -0.215383 0.150702 0.964831
vn  -0.253297 0.043352 0.966417
vn  -0.348719 0.230282 0.908496
vn  -0.473854 -0.055669 0.878842
vn  -0.651253 0.245089 0.718193
vn  -0.778993 -0.177132 0.601493
vn  -0.917287 0.009775 0.398106
vn  -0.926238 -0.256784 0.275943
vn  -0.968556 -0.193629 0.156230
vn  -0.952806 -0.290703 0.087480
vn  -0.981981 -0.176391 0.067817
vn  -0.962391 -0.247508 0.111999
vn  -0.598185 -0.776993 0.196102
vn  -0.785056 -0.605775 0.129320
vn  -0.595590 -0.791623 0.136403
vn  -0.826093 -0.563051 0.023332
vn  -0.531989 -0.830234 0.166433
vn  -0.762688 -0.560770 0.322248
vn  -0.417939 -0.779947 0.465843
vn  -0.574491 -0.454996 0.680396
vn  -0.390866 -0.608476 0.690638
vn  -0.377664 -0.349042 0.857636
vn  -0.253391 -0.419789 0.871533
vn  -0.247216 -0.290494 0.924390
vn  0.992507 -0.069947 0.100187
vn  0.821036 0.550808 -0.150037
vn  0.854809 0.421394 -0.302868
vn  0.050724 0.948515 -0.312644
vn  0.699821 0.681978 -0.212502
vn  -0.018182 0.989893 -0.140644
vn  -0.007925 0.997479 0.070511
vn  -0.995979 0.080699 -0.038906
vn  -0.993035 -0.013752 0.117013
vn  -0.597557 -0.801825 -0.001214
vn  -0.988054 -0.097866 -0.119044
vn  0.992507 -0.069947 0.100187
vn  0.896497 0.363907 0.252716
vn  0.821036 0.550808 -0.150037
vn  0.112402 0.982088 -0.151224
vn  -0.440313 0.891337 -0.107902
vn  -0.968555 -0.033683 0.246509
vn  -0.972599 0.207422 0.105011
vn  -0.560708 -0.826677 0.047023
vn  -0.995979 0.080699 -0.038906
vn  -0.401522 -0.895728 -0.190924
vn  -0.597557 -0.801825 -0.001214
vn  0.125170 0.521042 -0.844303
vn  0.052019 0.907815 -0.416132
vn  -0.011735 0.807038 -0.590383
vn  -0.103592 0.878617 0.466155
vn  0.123209 0.991951 0.029210
vn  -0.035646 0.211236 0.976785
vn  0.154284 0.004410 0.988017
vn  0.032983 -0.784497 0.619255
vn  -0.015462 -0.798804 0.601393
vn  0.132745 -0.877874 -0.460126
vn  0.262073 -0.706371 -0.657539
vn  0.000364 0.897106 0.441816
vn  -0.238801 0.896955 0.372084
vn  -0.000075 0.986387 0.164439
vn  -0.682591 0.729569 -0.042420
vn  -0.442157 0.865669 -0.234765
vn  -0.965391 0.066490 -0.252190
vn  -0.961253 0.154246 -0.228474
vn  -0.655713 -0.727303 -0.202661
vn  -0.828480 -0.536311 -0.161218
vn  -0.249262 -0.962414 -0.107833
vn  -0.689780 -0.715210 0.112599
vn  0.997958 0.048803 -0.041207
vn  0.869227 -0.494386 0.005147
vn  0.959718 -0.230229 0.161045
vn  0.904659 -0.392550 0.165820
vn  0.983188 0.101997 0.151456
vn  0.970141 -0.214690 -0.112851
vn  0.968494 0.083043 -0.234785
vn  0.938942 -0.212984 -0.270231
vn  0.964376 0.060014 -0.257639
vn  0.961672 -0.126987 -0.243024
vn  0.960869 0.134079 -0.242393
vn  -0.161440 0.101727 -0.981626
vn  -0.590812 -0.353457 -0.725265
vn  -0.200232 -0.430147 -0.880273
vn  -0.629021 -0.644810 -0.434227
vn  -0.215930 -0.843703 -0.491467
vn  -0.550366 -0.825207 -0.127005
vn  -0.182222 -0.973682 -0.136887
vn  -0.279191 -0.955348 0.096762
vn  -0.094876 -0.990055 0.103877
vn  -0.275383 -0.959203 -0.063979
vn  -0.151340 -0.973668 -0.170489
vn  -0.599838 -0.797249 -0.067741
vn  -0.503095 -0.740136 -0.446200
vn  -0.659342 -0.743959 -0.108597
vn  -0.514020 -0.463583 -0.721716
vn  -0.828593 -0.491941 -0.267259
vn  -0.425336 -0.284834 -0.859046
vn  -0.694997 -0.426552 -0.578820
vn  -0.482403 -0.725316 -0.491125
vn  -0.708799 -0.627621 -0.322018
vn  -0.599838 -0.797249 -0.067741
vn  -0.752751 -0.651051 -0.097463
vn  0.373749 -0.471123 -0.798971
vn  0.486754 -0.757214 -0.435542
vn  0.481766 -0.470804 -0.739084
vn  0.674510 -0.736226 -0.054847
vn  0.831755 -0.490943 -0.259150
vn  0.701572 -0.671547 0.238373
vn  0.867974 -0.451044 0.207801
vn  0.501029 -0.836348 0.222467
vn  0.572526 -0.787144 0.229385
vn  0.486345 -0.823999 0.290679
vn  0.313520 -0.905165 0.287022
vn  0.963291 -0.226530 -0.144063
vn  0.936410 -0.339269 -0.089627
vn  0.979392 -0.134680 -0.150505
vn  0.953721 -0.190165 -0.232924
vn  0.987452 0.031629 -0.154721
vn  0.979392 -0.134680 -0.150505
vn  0.994752 0.055807 0.085753
vn  0.965762 -0.140683 0.217972
vn  0.974757 -0.043270 0.219037
vn  0.928298 -0.162164 0.334611
vn  0.973639 -0.159185 0.163363
vn  -0.416487 -0.879446 0.230464
vn  -0.244618 -0.965166 -0.092821
vn  -0.465294 -0.875840 -0.128084
vn  -0.244618 -0.965166 -0.092821
vn  -0.460786 -0.884696 0.070639
vn  -0.178661 -0.981461 0.069389
vn  -0.255794 -0.965832 0.041690
vn  -0.099434 -0.994178 -0.041506
vn  -0.133993 -0.964527 -0.227448
vn  -0.057105 -0.957534 -0.282610
vn  -0.124671 -0.932668 -0.338509
vn  -0.273633 -0.375227 0.885624
vn  -0.369717 -0.650647 0.663301
vn  -0.369717 -0.650647 0.663301
vn  -0.442984 -0.819943 0.362572
vn  -0.397839 -0.854125 0.334954
vn  -0.364407 -0.904080 0.223262
vn  -0.300692 -0.927686 0.221321
vn  -0.293683 -0.946541 0.133458
vn  -0.255742 -0.954509 0.153326
vn  -0.255742 -0.954509 0.153326
vn  -0.212412 -0.960522 0.179664
vn  0.718752 -0.693805 0.045052
vn  0.379908 -0.921721 0.078104
vn  0.673677 -0.725582 0.140324
vn  0.365650 -0.910230 0.194376
vn  0.633124 -0.667710 0.391557
vn  0.370520 -0.829352 0.418199
vn  0.540130 -0.573672 0.615760
vn  0.304386 -0.622662 0.720862
vn  0.251932 -0.331555 0.909176
vn  0.149267 -0.376498 0.914313
vn  0.129260 -0.235484 0.963244
vn  0.181214 -0.252827 0.950389
vn  0.354664 -0.155446 0.921981
vn  0.345928 -0.461643 0.816835
vn  0.621772 -0.270094 0.735152
vn  0.593164 -0.545412 0.592184
vn  0.829449 -0.386941 0.402853
vn  0.775100 -0.596303 0.208908
vn  0.899572 -0.427349 0.090242
vn  0.823675 -0.565360 0.043900
vn  0.904114 -0.426718 0.022142
vn  0.823675 -0.565360 0.043900
vn  0.914418 0.399645 0.064219
vn  0.966337 0.208224 0.151114
vn  0.844101 0.468030 0.261612
vn  0.912563 0.280614 0.297464
vn  0.707470 0.537843 0.458487
vn  0.795698 0.292329 0.530479
vn  0.559982 0.467852 0.683765
vn  0.626592 0.149305 0.764912
vn  0.335114 0.153755 0.929547
vn  0.495356 0.013242 0.868589
vn  0.258091 0.063157 0.964054
vn  -0.785056 -0.605775 0.129320
vn  -0.920788 -0.362880 0.143065
vn  -0.826093 -0.563051 0.023332
vn  -0.952998 -0.267827 0.141643
vn  -0.762688 -0.560770 0.322248
vn  -0.844192 -0.275819 0.459634
vn  -0.574491 -0.454996 0.680396
vn  -0.582498 -0.284773 0.761315
vn  -0.377664 -0.349042 0.857636
vn  -0.385406 -0.250347 0.888138
vn  -0.247216 -0.290494 0.924390
vn  -0.253391 -0.419789 0.871533
vn  -0.393991 -0.645422 0.654371
vn  -0.390866 -0.608476 0.690638
vn  -0.358365 -0.807273 0.468919
vn  -0.417939 -0.779947 0.465843
vn  -0.375335 -0.882888 0.282192
vn  -0.531989 -0.830234 0.166433
vn  -0.446786 -0.879427 0.164286
vn  -0.595590 -0.791623 0.136403
vn  -0.462148 -0.864689 0.196805
vn  -0.598185 -0.776993 0.196102
vn  -0.914037 0.369147 0.168126
vn  -0.823208 0.542466 -0.167507
vn  -0.102967 0.976816 -0.187692
vn  0.444476 0.883758 -0.146334
vn  0.976602 -0.025373 0.213552
vn  0.971500 0.220536 0.086904
vn  0.569620 -0.820528 0.047621
vn  0.995852 0.090975 -0.001300
vn  0.405849 -0.892330 -0.197571
vn  0.602512 -0.797979 -0.014436
vn  0.769747 0.118117 -0.627326
vn  0.769747 0.118117 -0.627326
vn  0.469610 0.072172 -0.879919
vn  0.004280 0.389901 -0.920847
vn  -0.345198 -0.014271 -0.938421
vn  0.015305 0.783175 -0.621613
vn  0.319101 0.000172 -0.947721
vn  0.431342 0.595423 -0.677802
vn  0.858527 0.015845 -0.512524
vn  0.678138 0.193179 -0.709091
vn  0.905079 0.049601 -0.422341
vn  0.235747 -0.382280 -0.893468
vn  0.670754 -0.440415 -0.596761
vn  0.115363 -0.986182 -0.118897
vn  0.435312 -0.525041 0.731324
vn  0.003238 0.032852 0.999455
vn  0.462210 0.503507 0.729961
vn  0.070830 0.996351 -0.047628
vn  0.342367 0.801105 -0.490933
vn  -0.091107 0.659299 -0.746340
vn  -0.086459 -0.994030 -0.066556
vn  -0.182389 -0.972627 -0.143982
vn  -0.393254 -0.799229 0.454515
vn  -0.728119 -0.387740 0.565243
vn  -0.587593 0.571765 0.572554
vn  -0.466410 0.871314 0.152557
vn  -0.014915 0.778255 -0.627771
vn  0.012502 0.381465 -0.924299
vn  0.342300 -0.017701 -0.939424
vn  -0.442456 0.070684 -0.894000
vn  0.990593 -0.074638 0.114693
vn  0.986109 -0.125979 0.108251
vn  0.658989 -0.339350 0.671249
vn  -0.076345 -0.742403 0.665590
vn  -0.066696 -0.988421 -0.136289
vn  0.930521 0.219260 -0.293354
vn  0.768511 0.637487 -0.054779
vn  0.833373 0.502612 0.229937
vn  0.984717 0.150570 0.087523
vn  0.986109 -0.125979 0.108251
vn  -0.474491 0.863851 -0.169172
vn  -0.107764 0.993898 0.023522
vn  -0.429845 0.879573 -0.203923
vn  -0.070586 0.995050 -0.069949
vn  -0.389429 0.879657 -0.273035
vn  -0.075539 0.956343 -0.282316
vn  -0.379963 0.837182 -0.393390
vn  -0.217033 0.805554 -0.551344
vn  -0.354405 0.787011 -0.504986
vn  -0.279078 0.710385 -0.646118
vn  -0.354405 0.787011 -0.504986
vn  -0.595192 0.699255 -0.395966
vn  -0.379963 0.837182 -0.393390
vn  -0.642584 0.678752 -0.355502
vn  -0.389429 0.879657 -0.273035
vn  -0.741071 0.586713 -0.326469
vn  -0.429845 0.879573 -0.203923
vn  -0.768897 0.586848 -0.253785
vn  -0.474491 0.863851 -0.169172
vn  -0.733901 0.657363 -0.171067
vn  -0.966531 -0.088524 0.240794
vn  -0.990834 -0.085784 0.104349
vn  -0.978001 0.000830 0.208598
vn  -0.994273 0.055934 -0.091059
vn  -0.966451 0.238185 0.096128
vn  -0.927326 0.253064 -0.275725
vn  -0.734082 0.676864 -0.054576
vn  -0.708294 0.645233 -0.286346
vn  -0.482398 0.861860 -0.156490
vn  -0.497151 0.841579 -0.211156
vn  -0.013072 0.491581 0.870734
vn  0.035068 0.766164 0.641688
vn  0.190956 0.595788 0.780110
vn  0.227557 0.884182 0.407970
vn  0.523883 0.657811 0.541138
vn  0.403890 0.884290 0.234315
vn  0.566109 0.772612 0.287386
vn  0.565053 0.815502 0.125187
vn  0.607730 0.791299 0.067159
vn  0.619040 0.784813 0.029288
vn  0.000612 -0.993459 0.114188
vn  -0.655713 -0.727303 -0.202661
vn  -0.559301 -0.827517 0.048963
vn  -0.965391 0.066490 -0.252190
vn  -0.966745 0.116654 -0.227588
vn  -0.682591 0.729569 -0.042420
vn  -0.600417 0.793854 0.096414
vn  -0.238801 0.896955 0.372084
vn  -0.254110 0.919447 0.300076
vn  -0.982348 0.044940 0.181583
vn  -0.828480 -0.536311 -0.161218
vn  -0.689780 -0.715210 0.112599
vn  -0.950408 -0.248789 0.186626
vn  -0.939694 0.298084 0.167694
vn  -0.667517 0.698594 0.257656
vn  -0.504741 0.815857 0.282160
vn  -0.961253 0.154246 -0.228474
vn  -0.828480 -0.536311 -0.161218
vn  0.076894 -0.489851 0.868408
vn  0.796629 -0.117423 0.592954
vn  0.476366 -0.338242 0.811583
vn  -0.097275 -0.801246 0.590374
vn  -0.818531 -0.560289 -0.126821
vn  -0.998478 0.026508 0.048354
vn  -0.520345 0.053605 0.852272
vn  0.634638 -0.504026 0.585826
vn  0.796629 -0.117423 0.592954
vn  0.052019 0.907815 -0.416132
vn  0.075539 0.800316 0.594801
vn  -0.103592 0.878617 0.466155
vn  0.007349 0.149034 0.988805
vn  -0.035646 0.211236 0.976785
vn  0.015928 -0.789523 0.613514
vn  0.032983 -0.784497 0.619255
vn  0.108836 -0.905423 -0.410321
vn  0.132745 -0.877874 -0.460126
vn  0.125170 0.521042 -0.844303
vn  -0.011735 0.807038 -0.590383
vn  -0.005059 0.526141 -0.850382
vn  0.123209 0.991951 0.029210
vn  0.294362 0.643045 -0.706997
vn  0.095563 0.939754 -0.328222
vn  0.367324 0.904949 -0.214802
vn  0.262134 0.779565 0.568827
vn  0.492473 0.806133 -0.328054
vn  0.067375 0.997692 -0.008483
vn  0.067375 0.997692 -0.008483
vn  0.475318 0.871826 -0.118289
vn  0.868847 0.421658 -0.259442
vn  0.908432 -0.303644 0.287318
vn  0.308012 -0.742427 -0.594921
vn  -0.075434 -0.909508 0.408784
vn  -0.235485 -0.668651 -0.705303
vn  -0.318691 -0.882898 0.344857
vn  0.568509 0.805089 0.169204
vn  0.633688 0.716748 0.291053
vn  0.961516 0.003146 0.274731
vn  0.979035 0.125628 0.160339
vn  0.785548 -0.226935 0.575687
vn  0.959166 -0.125222 0.253615
vn  0.646040 -0.463239 0.606664
vn  0.523477 -0.829252 0.195737
vn  -0.385399 -0.699038 0.602340
vn  -0.360026 0.791314 -0.494170
vn  -0.081649 0.994735 -0.061935
vn  -0.525550 0.506682 0.683426
vn  -0.025673 0.034350 0.999080
vn  -0.496779 -0.536685 0.682041
vn  -0.113337 -0.986462 -0.118522
vn  -0.661092 -0.446700 -0.602841
vn  -0.232433 -0.375478 -0.897213
vn  -0.901533 0.050720 -0.429727
vn  0.324405 -0.879978 0.346988
vn  0.236555 -0.666029 -0.707423
vn  0.077719 -0.907615 0.412547
vn  -0.313217 -0.734601 -0.601878
vn  -0.913924 -0.290839 0.283118
vn  -0.855929 0.442340 -0.267807
vn  -0.470320 0.873131 -0.128221
vn  -0.066002 0.997486 0.025782
vn  -0.066002 0.997486 0.025782
vn  -0.682160 0.632820 -0.366330
vn  -0.353740 0.911666 -0.209125
vn  -0.292517 0.642056 -0.708659
vn  -0.090102 0.941719 -0.324109
vn  -0.121130 0.992213 0.028981
vn  -0.239842 0.782438 0.574688
vn  -0.148111 0.009430 0.988926
vn  -0.144172 -0.165746 0.975573
vn  0.007117 -0.795326 0.606141
vn  -0.125348 -0.875571 -0.466543
vn  -0.105301 -0.904334 -0.413633
vn  -0.033598 -0.786673 0.616455
vn  -0.015565 -0.790705 0.612000
vn  0.034304 0.213876 0.976258
vn  -0.003481 0.150619 0.988586
vn  0.104898 0.879346 0.464485
vn  -0.071327 0.806885 0.586386
vn  -0.050574 0.905873 -0.420518
vn  0.960869 0.134079 -0.242393
vn  0.925792 0.250383 -0.283229
vn  0.964376 0.060014 -0.257639
vn  0.878707 0.345530 -0.329369
vn  0.968494 0.083043 -0.234785
vn  0.895501 0.405260 -0.183965
vn  0.983188 0.101997 0.151456
vn  0.915079 0.362893 0.175898
vn  0.867383 0.402514 0.292625
vn  -0.010522 0.095624 -0.995362
vn  0.580328 -0.025563 -0.813982
vn  0.580328 -0.025563 -0.813982
vn  0.974905 -0.162711 -0.151939
vn  0.980107 -0.198384 0.005830
vn  0.962160 -0.184787 -0.200255
vn  0.790934 -0.123459 -0.599317
vn  0.531731 -0.046007 -0.845663
vn  0.531731 -0.046007 -0.845663
vn  0.545642 -0.829515 -0.119080
vn  0.647264 -0.761471 0.034814
vn  0.580361 -0.811160 -0.072120
vn  0.484928 -0.874297 -0.021210
vn  0.545642 -0.829515 -0.119080
vn  0.401323 -0.891124 -0.211748
vn  0.751319 -0.626863 -0.206305
vn  0.720231 -0.604328 -0.340668
vn  0.876018 -0.418609 -0.239497
vn  0.199155 -0.970863 0.133274
vn  0.258714 -0.961502 0.092636
vn  0.314395 -0.948902 -0.027206
vn  0.551643 -0.818081 -0.162582
vn  0.389213 -0.788455 -0.476289
vn  0.644463 -0.617256 -0.451289
vn  0.405144 -0.499650 -0.765642
vn  0.602717 -0.356768 -0.713756
vn  0.239909 0.042429 -0.969868
vn  0.991920 -0.122371 -0.033453
vn  0.975188 -0.208470 -0.074485
vn  0.956028 -0.233288 -0.177729
vn  0.928769 -0.021868 -0.370014
vn  0.914309 -0.282570 -0.290160
vn  0.914301 0.054423 -0.401362
vn  0.898482 -0.278043 -0.339738
vn  0.894401 -0.094096 -0.437256
vn  0.879442 -0.214623 -0.424875
vn  0.914309 -0.282570 -0.290160
vn  0.956028 -0.233288 -0.177729
vn  0.914309 -0.282570 -0.290160
vn  0.914309 -0.282570 -0.290160
vn  0.881840 -0.355583 -0.309707
vn  0.898482 -0.278043 -0.339738
vn  0.898482 -0.278043 -0.339738
vn  0.879442 -0.214623 -0.424875
vn  0.727184 -0.146570 -0.670612
vn  0.164176 0.986340 0.013436
vn  0.386516 0.912368 -0.134868
vn  0.071392 0.994888 -0.071415
vn  0.386431 0.884647 -0.260904
vn  0.208930 0.915342 -0.344233
vn  0.375412 0.828594 -0.415329
vn  0.287618 0.849578 -0.442146
vn  0.287618 0.849578 -0.442146
vn  0.234194 0.895486 -0.378495
vn  0.081254 0.227742 -0.970325
vn  0.125331 0.612916 -0.780145
vn  0.845162 0.017804 -0.534214
vn  0.385187 0.746899 -0.542008
vn  -0.284893 0.230680 -0.930388
vn  -0.586963 0.641359 -0.494098
vn  -0.943233 -0.199248 -0.265728
vn  -0.969659 -0.152274 -0.191242
vn  -0.949811 -0.290644 -0.115697
vn  -0.895611 -0.376024 -0.237671
vn  -0.781105 -0.542063 -0.309908
vn  -0.860502 -0.403152 -0.311456
vn  -0.860725 -0.453129 -0.232005
vn  -0.909203 -0.305511 -0.282867
vn  -0.927122 -0.363020 -0.093064
vn  -0.718795 0.003856 -0.695212
vn  -0.724319 -0.046586 -0.687890
vn  -0.266284 0.209943 -0.940753
vn  -0.120619 -0.927832 0.352957
vn  -0.510587 -0.819586 0.259962
vn  -0.510587 -0.819586 0.259962
vn  -0.680780 -0.712932 0.168128
vn  -0.533628 -0.845422 0.022403
vn  -0.831719 -0.552940 -0.050011
vn  -0.479479 -0.858162 -0.183459
vn  -0.727412 -0.681389 -0.081125
vn  -0.461272 -0.855000 -0.237070
vn  -0.107272 -0.989467 0.097200
vn  -0.120619 -0.927832 0.352957
vn  -0.510587 -0.819586 0.259962
vn  -0.422662 -0.892833 0.155582
vn  -0.285510 -0.955066 -0.079577
vn  -0.200623 -0.974696 -0.098581
vn  -0.062990 -0.996969 0.045654
vn  0.063082 -0.997125 -0.041970
vn  0.096771 -0.995278 0.007512
vn  -0.503095 -0.740136 -0.446200
vn  -0.413669 -0.469206 -0.780208
vn  -0.514020 -0.463583 -0.721716
vn  -0.369221 -0.193374 -0.909001
vn  -0.425336 -0.284834 -0.859046
vn  -0.374795 -0.729760 -0.571820
vn  -0.482403 -0.725316 -0.491125
vn  -0.371929 -0.924420 -0.084354
vn  -0.599838 -0.797249 -0.067741
vn  0.990210 0.139555 0.002794
vn  0.952620 0.297092 0.065209
vn  0.908838 0.374410 -0.183931
vn  0.905338 0.315571 -0.284216
vn  0.971208 0.218999 -0.093784
vn  0.996395 -0.084833 -0.000593
vn  0.984649 -0.112020 0.133858
vn  0.982866 0.041376 0.179617
vn  0.952620 0.297092 0.065209
vn  -0.482398 0.861860 -0.156490
vn  -0.489282 0.870472 0.053678
vn  -0.734082 0.676864 -0.054576
vn  -0.802972 0.567420 0.182402
vn  -0.966451 0.238185 0.096128
vn  -0.936008 0.197710 0.291203
vn  -0.978001 0.000830 0.208598
vn  -0.941829 0.025165 0.335148
vn  -0.966531 -0.088524 0.240794
vn  -0.946973 -0.125940 0.295602
vn  -0.803606 -0.456075 0.382378
vn  -0.943920 -0.194516 0.266793
vn  -0.852894 -0.509523 0.113833
vn  -0.951852 -0.258708 -0.164463
vn  -0.837314 -0.495140 -0.231823
vn  -0.945539 -0.240165 -0.219719
vn  -0.863763 -0.491589 -0.110697
vn  -0.940408 -0.303507 -0.153352
vn  -0.626573 -0.775231 0.080149
vn  -0.255794 -0.965832 0.041690
vn  -0.397793 -0.891107 -0.218377
vn  -0.133993 -0.964527 -0.227448
vn  -0.235968 -0.903151 -0.358660
vn  -0.124671 -0.932668 -0.338509
vn  -0.246283 -0.920285 -0.304007
vn  -0.386555 -0.915515 -0.111393
vn  -0.368318 -0.906970 -0.204323
vn  0.216962 -0.700220 0.680161
vn  0.304386 -0.622662 0.720862
vn  0.235487 -0.877137 0.418540
vn  0.370520 -0.829352 0.418199
vn  0.175388 -0.958024 0.226782
vn  0.365650 -0.910230 0.194376
vn  0.206987 -0.971685 0.113948
vn  0.379908 -0.921721 0.078104
vn  0.206987 -0.971685 0.113948
vn  0.966337 0.208224 0.151114
vn  0.991727 0.011690 0.127834
vn  0.912563 0.280614 0.297464
vn  0.962242 -0.062202 0.264991
vn  0.795698 0.292329 0.530479
vn  0.872716 -0.113569 0.474836
vn  0.626592 0.149305 0.764912
vn  0.788528 -0.113045 0.604519
vn  0.495356 0.013242 0.868589
vn  -0.477823 0.698414 0.532826
vn  -0.798188 0.398621 0.451661
vn  -0.648080 0.705057 0.287900
vn  -0.351247 0.909964 0.220433
vn  -0.183494 0.896020 0.404325
vn  -0.200920 0.650407 0.732531
vn  -0.293083 0.397648 0.869470
vn  -0.601403 0.420268 0.679478
vn  -0.798188 0.398621 0.451661
vn  0.022306 -0.103255 0.994405
vn  -0.083014 0.196427 0.976998
vn  -0.107478 -0.160209 0.981214
vn  0.088828 -0.694281 0.714201
vn  0.153236 -0.707703 0.689692
vn  0.193806 -0.092882 0.976633
vn  0.132898 0.215141 0.967498
vn  -0.083014 0.196427 0.976998
vn  0.253960 -0.963986 0.078968
vn  0.183811 -0.975096 -0.124106
vn  0.413434 -0.902934 -0.117397
vn  0.357235 -0.928380 0.102440
vn  0.367576 -0.918704 0.144470
vn  0.126309 -0.980429 0.151013
vn  -0.168899 -0.983028 0.071616
vn  0.183811 -0.975096 -0.124106
vn  0.005286 0.761575 -0.648055
vn  0.705304 0.631103 -0.322886
vn  0.001384 0.937975 -0.346701
vn  -0.002405 0.970158 0.242461
vn  -0.705289 0.631021 -0.323079
vn  -0.828549 0.286735 0.480925
vn  -0.837541 0.121699 -0.532649
vn  -0.628280 -0.771417 0.100895
vn  -0.140803 -0.712539 0.687359
vn  0.001317 -0.917079 0.398704
vn  -0.559301 -0.827517 0.048963
vn  -0.082067 -0.693376 0.715887
vn  -0.029934 -0.109382 0.993549
vn  -0.191676 -0.101195 0.976227
vn  -0.065687 -0.564398 0.822885
vn  0.001317 -0.917079 0.398704
vn  -0.011866 0.912476 -0.408957
vn  -0.007925 0.997479 0.070511
vn  -0.988054 -0.097866 -0.119044
vn  -0.801112 0.304517 -0.515257
vn  -0.005284 0.797656 -0.603089
vn  0.611394 0.602114 -0.513475
vn  0.740522 0.645836 -0.185804
vn  -0.007925 0.997479 0.070511
vn  0.066980 0.928728 -0.364661
vn  0.989100 -0.093986 -0.113345
vn  0.010926 0.998020 0.061936
vn  -0.749898 0.637786 -0.175732
vn  -0.543347 0.561451 -0.624137
vn  0.122408 0.832876 -0.539753
vn  0.881351 0.341251 -0.326755
vn  0.989100 -0.093986 -0.113345
vn  0.384161 -0.698550 0.603696
vn  -0.645181 -0.461819 0.608658
vn  -0.105495 -0.380127 0.918898
vn  -0.784273 -0.227993 0.577006
vn  -0.076345 -0.742403 0.665590
vn  -0.959964 0.006812 0.280042
vn  -0.066696 -0.988421 -0.136289
vn  -0.943955 0.326599 0.047772
vn  0.790364 0.563529 -0.240332
vn  0.626331 0.718200 -0.303147
vn  0.386431 0.884647 -0.260904
vn  0.386516 0.912368 -0.134868
vn  0.750864 0.611957 -0.248418
vn  0.930345 0.237713 -0.279198
vn  0.951440 0.214032 -0.221251
vn  0.925689 0.304154 -0.224923
vn  0.490664 0.851129 -0.186624
vn  0.712538 0.663630 -0.227782
vn  0.750864 0.611957 -0.248418
vn  0.886731 0.345718 -0.306899
vn  0.930345 0.237713 -0.279198
vn  0.951371 0.158850 -0.263930
vn  0.959313 0.079010 -0.271065
vn  0.951371 0.158850 -0.263930
vn  -0.909398 -0.307241 -0.280354
vn  -0.897624 -0.290172 -0.331770
vn  -0.880483 -0.254877 -0.399734
vn  -0.917710 -0.118239 -0.379247
vn  -0.959265 -0.062465 -0.275514
vn  -0.936637 -0.294804 -0.189216
vn  -0.913242 -0.331145 -0.237344
vn  -0.897624 -0.290172 -0.331770
vn  -0.550366 -0.825207 -0.127005
vn  -0.711106 -0.674199 -0.199460
vn  -0.417673 -0.905066 -0.080035
vn  -0.560295 -0.826896 0.048084
vn  -0.622687 -0.782467 -0.002444
vn  -0.819867 -0.557849 -0.128932
vn  -0.770444 -0.598098 -0.220669
vn  -0.711106 -0.674199 -0.199460
vn  0.237551 -0.971000 0.026992
vn  0.811736 -0.583824 0.015269
vn  0.572526 -0.787144 0.229385
vn  0.313520 -0.905165 0.287022
vn  0.186311 -0.974832 0.122433
vn  0.166836 -0.985136 0.040897
vn  0.204831 -0.944126 -0.258205
vn  0.811736 -0.583824 0.015269
vn  0.450953 0.888506 -0.084845
vn  0.239262 0.966223 0.095741
vn  0.233639 0.953917 -0.188294
vn  0.444002 0.830946 -0.335247
vn  0.636559 0.688932 -0.346649
vn  0.645052 0.763609 -0.028437
vn  0.370592 0.921948 0.112572
vn  0.239262 0.966223 0.095741
vn  0.255151 0.962917 -0.087685
vn  -0.233287 0.970110 -0.066817
vn  0.423631 0.822242 0.380072
vn  -0.600730 0.793041 -0.101045
vn  -0.711776 0.614089 -0.340983
vn  -0.570050 0.715985 -0.402999
vn  0.306475 0.942000 -0.136781
vn  -0.233287 0.970110 -0.066817
vn  0.540130 -0.573672 0.615760
vn  0.694248 -0.546124 0.468794
vn  0.633124 -0.667710 0.391557
vn  0.775656 -0.570474 0.270032
vn  0.673677 -0.725582 0.140324
vn  0.810808 -0.581769 0.064302
vn  0.718752 -0.693805 0.045052
vn  0.810808 -0.581769 0.064302
vn  0.336434 0.380501 0.861412
vn  0.190956 0.595788 0.780110
vn  0.523883 0.657811 0.541138
vn  0.526912 0.448049 0.722230
vn  0.364809 0.284444 0.886570
vn  0.186105 0.234490 0.954138
vn  0.071086 0.303828 0.950071
vn  0.190956 0.595788 0.780110
vn  -0.157636 -0.014949 0.987384
vn  0.032397 0.185400 0.982129
vn  -0.037817 -0.026519 0.998933
vn  -0.077371 -0.225160 0.971245
vn  -0.238212 -0.180817 0.954233
vn  -0.309438 -0.054536 0.949354
vn  -0.213437 0.178239 0.960560
vn  -0.070737 0.232794 0.969950
vn  0.166669 -0.013423 0.985922
vn  0.310626 -0.003271 0.950527
vn  0.185797 -0.287261 0.939660
vn  0.109768 -0.307744 0.945116
vn  0.067977 0.033248 0.997133
vn  0.061584 0.217932 0.974019
vn  0.212569 0.174776 0.961389
vn  0.310626 -0.003271 0.950527
vn  -0.982647 0.075088 0.169606
vn  -0.968556 -0.193629 0.156230
vn  -0.981981 -0.176391 0.067817
vn  -0.994817 0.077440 0.065898
vn  -0.956425 0.224392 0.186812
vn  -0.853848 0.280597 0.438416
vn  -0.917287 0.009775 0.398106
vn  -0.968556 -0.193629 0.156230
vn  0.942125 0.296576 0.156341
vn  0.959718 -0.230229 0.161045
vn  0.983188 0.101997 0.151456
vn  0.867383 0.402514 0.292625
vn  0.874403 0.484841 0.018673
vn  0.997958 0.048803 -0.041207
vn  0.959718 -0.230229 0.161045
vn  -0.203379 -0.973447 -0.105060
vn  -0.067869 -0.995674 -0.063457
vn  -0.127072 -0.987845 -0.089525
vn  -0.203379 -0.973447 -0.105060
vn  -0.203379 -0.973447 -0.105060
vn  -0.238947 -0.965348 -0.104914
vn  -0.307004 -0.945655 -0.107165
vn  0.184721 0.979126 0.084795
vn  0.184721 0.979126 0.084795
vn  0.184721 0.979126 0.084795
vn  0.184721 0.979126 0.084795
vn  0.184721 0.979126 0.084795
vn  -0.261809 0.965119 0.000837
vn  -0.776158 0.620438 -0.112407
vn  0.266408 -0.130445 0.954993
vn  0.069929 -0.099079 0.992619
vn  0.069929 -0.099079 0.992619
vn  0.390874 -0.150014 0.908137
vn  0.069929 -0.099079 0.992619
vn  -0.180959 -0.033598 0.982917
vn  -0.180959 -0.033598 0.982917
vn  0.590447 0.567340 0.574018
vn  0.148765 0.623093 0.767870
vn  0.015305 0.783175 -0.621613
vn  0.478871 0.863169 0.160069
vn  0.730797 -0.392180 0.558686
vn  0.388802 -0.803472 0.450850
vn  0.148765 0.623093 0.767870
vn  0.122363 -0.760488 -0.637719
vn  0.086318 -0.831635 0.548573
vn  0.115363 -0.986182 -0.118897
vn  0.235747 -0.382280 -0.893468
vn  0.095161 -0.259723 -0.960983
vn  -0.004233 -0.808910 -0.587918
vn  0.086318 -0.831635 0.548573
vn  0.104316 -0.379131 0.919444
vn  0.076143 -0.741438 0.666688
vn  0.785548 -0.226935 0.575687
vn  0.646040 -0.463239 0.606664
vn  -0.385399 -0.699038 0.602340
vn  -0.659545 -0.337345 0.671713
vn  0.076143 -0.741438 0.666688
vn  -0.990487 -0.071474 0.117588
vn  -0.986290 -0.125005 0.107732
vn  -0.984589 0.151911 0.086643
vn  -0.832797 0.503732 0.229572
vn  -0.766927 0.639895 -0.048547
vn  -0.932823 0.224920 -0.281517
vn  0.061195 -0.988440 -0.138716
vn  -0.054361 -0.331425 -0.941914
vn  -0.098537 -0.248219 -0.963679
vn  0.005211 -0.805656 -0.592361
vn  -0.128768 -0.755158 -0.642772
vn  -0.086795 -0.834956 0.543430
vn  -0.113337 -0.986462 -0.118522
vn  -0.025673 0.034350 0.999080
vn  -0.434979 0.589611 -0.680553
vn  -0.154030 0.625286 0.765044
vn  -0.014915 0.778255 -0.627771
vn  -0.321663 -0.004004 -0.946846
vn  -0.861327 0.006911 -0.508004
vn  -0.682418 0.185154 -0.707124
vn  -0.351119 0.270635 -0.896366
vn  0.551643 -0.818081 -0.162582
vn  0.720231 -0.604328 -0.340668
vn  0.401323 -0.891124 -0.211748
vn  0.314395 -0.948902 -0.027206
vn  0.314395 -0.948902 -0.027206
vn  0.311885 -0.944837 -0.100056
vn  0.751319 -0.626863 -0.206305
vn  0.862679 0.424413 -0.275060
vn  0.884801 0.389040 -0.256466
vn  0.920957 0.279663 -0.271343
vn  0.297166 0.954111 0.036947
vn  0.950169 0.207788 -0.232386
vn  0.965048 0.201875 -0.167122
vn  0.956774 0.163574 -0.240472
vn  -0.913051 0.286504 -0.290265
vn  -0.886979 0.389634 -0.247897
vn  -0.886979 0.389634 -0.247897
vn  -0.886979 0.389634 -0.247897
vn  -0.907834 0.325729 -0.264081
vn  -0.907834 0.325729 -0.264081
vn  -0.907834 0.325729 -0.264081
vn  0.787056 -0.611509 0.081243
vn  0.850930 -0.515123 0.102796
vn  0.732564 -0.676765 0.073064
vn  0.776788 -0.605253 -0.173981
vn  0.557501 -0.806434 -0.197119
vn  0.670786 -0.659676 -0.338930
vn  0.359954 -0.861912 -0.357129
vn  0.486754 -0.757214 -0.435542
vn  0.601943 -0.798537 -0.001610
vn  0.674510 -0.736226 -0.054847
vn  0.696596 -0.652179 0.299025
vn  0.701572 -0.671547 0.238373
vn  0.701572 -0.671547 0.238373
vn  0.501029 -0.836348 0.222467
vn  0.541932 -0.826555 -0.152042
vn  0.501029 -0.836348 0.222467
vn  0.701572 -0.671547 0.238373
vn  0.505405 -0.633909 0.585427
vn  0.631346 -0.541507 0.555133
vn  0.578054 -0.642331 0.503254
vn  0.695002 -0.592335 0.407568
vn  -0.461272 -0.855000 -0.237070
vn  -0.377588 -0.907881 -0.182152
vn  -0.479479 -0.858162 -0.183459
vn  -0.441004 -0.895883 -0.053936
vn  -0.533628 -0.845422 0.022403
vn  -0.422662 -0.892833 0.155582
vn  -0.510587 -0.819586 0.259962
vn  0.743607 -0.655331 0.132625
vn  0.843829 -0.534027 0.052612
vn  0.706222 -0.676693 -0.208176
vn  0.815078 -0.504999 -0.283943
vn  0.728394 -0.670498 -0.140978
vn  0.862522 -0.496264 -0.098881
vn  0.847399 -0.529361 -0.041140
vn  0.984649 -0.112020 0.133858
vn  0.975105 -0.115433 0.189328
vn  0.971024 -0.181527 0.155433
vn  0.984649 -0.112020 0.133858
vn  0.980143 -0.196518 0.026471
vn  0.996395 -0.084833 -0.000593
vn  0.980648 -0.192085 -0.037863
vn  -0.301051 0.937997 0.171846
vn  -0.321024 0.942893 0.088862
vn  -0.321024 0.942893 0.088862
vn  -0.351245 0.934224 -0.062076
vn  -0.342478 0.924352 -0.168172
vn  -0.344540 0.905887 -0.246294
vn  -0.316521 0.901223 -0.295993
vn  -0.967007 -0.116209 0.226700
vn  -0.970532 -0.189887 0.148362
vn  -0.989957 -0.104242 0.095492
vn  -0.976364 -0.189632 -0.103700
vn  -0.945199 -0.322246 -0.052505
vn  -0.950759 -0.210910 -0.227101
vn  -0.967102 -0.188429 -0.170902
vn  -0.246283 -0.920285 -0.304007
vn  -0.506491 -0.746820 -0.430960
vn  -0.235968 -0.903151 -0.358660
vn  -0.669177 -0.621162 -0.407872
vn  -0.397793 -0.891107 -0.218377
vn  -0.776966 -0.591087 -0.216656
vn  -0.626573 -0.775231 0.080149
vn  0.991727 0.011690 0.127834
vn  0.968799 -0.218421 0.117133
vn  0.962242 -0.062202 0.264991
vn  0.930127 -0.245715 0.272925
vn  0.872716 -0.113569 0.474836
vn  0.918044 -0.225687 0.325976
vn  0.788528 -0.113045 0.604519
vn  0.065744 0.180305 0.981411
vn  0.014293 0.183697 0.982879
vn  -0.078904 0.280724 0.956540
vn  -0.157525 0.244931 0.956658
vn  -0.293083 0.397648 0.869470
vn  -0.346420 0.283234 0.894300
vn  -0.601403 0.420268 0.679478
vn  -0.844555 0.293345 0.447969
vn  -0.866834 0.274459 0.416258
vn  -0.798188 0.398621 0.451661
vn  -0.828486 0.412769 0.378461
vn  -0.648080 0.705057 0.287900
vn  -0.712516 0.672337 0.200708
vn  -0.494387 0.852995 0.167278
vn  -0.253297 0.043352 0.966417
vn  -0.417686 -0.208414 0.884365
vn  -0.473854 -0.055669 0.878842
vn  -0.598513 -0.301422 0.742244
vn  -0.778993 -0.177132 0.601493
vn  -0.795119 -0.357152 0.490132
vn  -0.926238 -0.256784 0.275943
vn  -0.856193 -0.420228 0.300569
vn  -0.953580 -0.239713 0.182272
vn  -0.920788 -0.362880 0.143065
vn  -0.967193 -0.218859 0.128988
vn  -0.952998 -0.267827 0.141643
vn  -0.955868 -0.191844 0.222513
vn  -0.844192 -0.275819 0.459634
vn  -0.460819 -0.358395 0.811911
vn  -0.837303 -0.139787 0.528568
vn  -0.065445 -0.529242 0.845943
vn  -0.644652 -0.524522 0.556148
vn  0.527452 0.055148 0.847793
vn  0.001094 0.587157 0.809472
vn  -0.644652 -0.524522 0.556148
vn  0.634638 -0.504026 0.585826
vn  0.001094 0.587157 0.809472
vn  -0.520345 0.053605 0.852272
vn  -0.704961 0.695767 0.137616
vn  -0.998478 0.026508 0.048354
vn  0.836372 0.127758 -0.533066
vn  0.637037 -0.766585 0.080812
vn  0.828892 0.296105 0.474617
vn  0.705304 0.631103 -0.322886
vn  0.628118 0.111430 -0.770099
vn  0.564234 -0.131140 -0.815133
vn  -0.004188 -0.969479 -0.245139
vn  0.897418 -0.345538 -0.274307
vn  0.569342 -0.796375 -0.204049
vn  0.825892 -0.471790 -0.308734
vn  0.343016 -0.885870 -0.312369
vn  0.503540 -0.844710 -0.181420
vn  0.050724 0.948515 -0.312644
vn  0.821036 0.550808 -0.150037
vn  -0.440313 0.891337 -0.107902
vn  -0.972599 0.207422 0.105011
vn  -0.995979 0.080699 -0.038906
vn  -0.018182 0.989893 -0.140644
vn  -0.348888 0.119313 0.929538
vn  -0.191676 -0.101195 0.976227
vn  -0.134713 0.205606 0.969319
vn  -0.029934 -0.109382 0.993549
vn  0.070911 0.181736 0.980787
vn  0.078128 -0.164152 0.983336
vn  0.095563 0.939754 -0.328222
vn  0.123209 0.991951 0.029210
vn  0.262134 0.779565 0.568827
vn  0.154284 0.004410 0.988017
vn  0.160889 -0.174141 0.971488
vn  -0.015462 -0.798804 0.601393
vn  0.825892 -0.471790 -0.308734
vn  0.821590 -0.558677 -0.113446
vn  0.503540 -0.844710 -0.181420
vn  0.699008 -0.628411 -0.341303
vn  -0.024403 -0.964260 -0.263833
vn  -0.066827 -0.735852 -0.673837
vn  -0.706772 -0.613820 -0.351708
vn  -0.825637 -0.554223 -0.105643
vn  -0.504234 -0.844121 -0.182231
vn  -0.831211 -0.467398 -0.301045
vn  -0.351349 -0.884813 -0.306038
vn  -0.581496 -0.791316 -0.188896
vn  -0.058408 0.956788 -0.284859
vn  0.032248 0.994698 -0.097656
vn  0.995852 0.090975 -0.001300
vn  0.971500 0.220536 0.086904
vn  0.444476 0.883758 -0.146334
vn  -0.823208 0.542466 -0.167507
vn  0.000051 0.005600 -0.999984
vn  0.000051 0.005600 -0.999984
vn  0.000051 0.005600 -0.999984
vn  0.000051 0.005600 -0.999984
vn  0.000051 0.005600 -0.999984
vn  0.000051 0.005600 -0.999984
vn  -0.000732 0.002634 -0.999996
vn  -0.000732 0.002634 -0.999996
vn  -0.000732 0.002634 -0.999996
vn  -0.000732 0.002634 -0.999996
vn  0.000639 0.004773 -0.999988
vn  0.000639 0.004773 -0.999988
vn  0.128759 0.793163 0.595243
vn  -0.356050 0.529962 0.769655
vn  -0.338550 0.837800 0.428340
vn  -0.784737 0.249252 0.567504
vn  0.297166 0.954111 0.036947
vn  -0.961639 -0.105066 0.253400
vn  -0.062990 -0.996969 0.045654
vn  -0.200623 -0.974696 -0.098581
vn  -0.188274 -0.960217 0.206244
vn  -0.112926 -0.962093 0.248242
vn  0.046857 -0.995078 0.087321
vn  0.063082 -0.997125 -0.041970
vn  0.831755 -0.490943 -0.259150
vn  0.867974 -0.451044 0.207801
vn  0.928264 -0.178974 0.326027
vn  0.811736 -0.583824 0.015269
vn  0.624675 -0.778607 -0.059599
vn  0.204831 -0.944126 -0.258205
vn  0.908838 0.374410 -0.183931
vn  0.952620 0.297092 0.065209
vn  0.865144 0.498573 -0.054326
vn  0.837418 0.484851 -0.252292
vn  0.840886 0.384251 -0.381132
vn  0.905338 0.315571 -0.284216
vn  -0.371025 0.856013 -0.359975
vn  -0.899551 0.217378 -0.378887
vn  -0.233287 0.970110 -0.066817
vn  -0.912028 0.286177 -0.293781
vn  -0.936846 0.291237 -0.193652
vn  -0.927920 0.241266 -0.284175
vn  -0.892269 -0.227431 -0.390041
vn  -0.939975 -0.140873 -0.310808
vn  -0.926608 -0.220661 -0.304477
vn  -0.965979 -0.141934 -0.216195
vn  -0.940408 -0.303507 -0.153352
vn  -0.945539 -0.240165 -0.219719
vn  0.707470 0.537843 0.458487
vn  0.689418 0.623990 0.367885
vn  0.844101 0.468030 0.261612
vn  0.841915 0.520386 0.142751
vn  0.914418 0.399645 0.064219
vn  0.879457 0.475849 0.011112
vn  0.071086 0.303828 0.950071
vn  0.186105 0.234490 0.954138
vn  0.006279 0.161308 0.986884
vn  -0.070368 0.255551 0.964231
vn  -0.013072 0.491581 0.870734
vn  0.190956 0.595788 0.780110
vn  -0.183494 0.896020 0.404325
vn  -0.351247 0.909964 0.220433
vn  -0.168518 0.964193 0.204777
vn  -0.107554 0.926606 0.360323
vn  -0.055498 0.824231 0.563528
vn  -0.200920 0.650407 0.732531
vn  0.538778 -0.780867 0.316173
vn  0.344625 -0.876873 0.335154
vn  -0.345029 -0.870430 0.351149
vn  -0.528796 -0.787389 0.316849
vn  -0.887212 -0.408961 0.213554
vn  0.637037 -0.766585 0.080812
vn  0.365269 -0.796839 -0.481276
vn  -0.001856 -0.774915 -0.632063
vn  0.001371 -0.956033 -0.293257
vn  -0.362430 -0.806580 -0.466984
vn  -0.504234 -0.844121 -0.182231
vn  0.030177 -0.961001 -0.274894
vn  -0.706772 -0.613820 -0.351708
vn  0.075871 -0.726460 -0.683007
vn  -0.566057 -0.583313 -0.582517
vn  -0.066458 -0.729328 0.680929
vn  -0.393254 -0.799229 0.454515
vn  -0.154030 0.625286 0.765044
vn  -0.587593 0.571765 0.572554
vn  -0.014915 0.778255 -0.627771
vn  -0.292517 0.642056 -0.708659
vn  -0.121130 0.992213 0.028981
vn  0.004444 0.523454 -0.852042
vn  0.008005 0.807941 -0.589209
vn  -0.129270 0.519512 -0.844628
vn  0.986109 -0.125979 0.108251
vn  0.384161 -0.698550 0.603696
vn  0.658989 -0.339350 0.671249
vn  -0.105495 -0.380127 0.918898
vn  -0.076345 -0.742403 0.665590
vn  0.069929 -0.099079 0.992619
vn  0.266408 -0.130445 0.954993
vn  0.266408 -0.130445 0.954993
vn  0.875015 -0.203456 0.439266
vn  0.875015 -0.203456 0.439266
vn  -0.615325 0.124140 0.778437
vn  -0.388346 0.032552 0.920938
vn  -0.690810 -0.276853 0.667932
vn  0.473800 -0.637104 0.607958
vn  0.832051 -0.496957 0.246426
vn  0.832051 -0.496957 0.246426
vn  0.991595 0.096055 -0.086677
vn  0.984842 0.131114 -0.113562
vn  0.965048 0.201875 -0.167122
vn  0.297166 0.954111 0.036947
vn  -0.741071 0.586713 -0.326469
vn  -0.868113 0.407489 -0.283429
vn  -0.768897 0.586848 -0.253785
vn  -0.872209 0.420935 -0.249127
vn  -0.733901 0.657363 -0.171067
vn  -0.534157 -0.181878 -0.825589
vn  -0.551034 -0.269850 -0.789647
vn  -0.421569 0.099231 -0.901351
vn  -0.507739 0.022030 -0.861229
vn  -0.707183 0.068043 -0.703748
vn  -0.406020 -0.875320 -0.262607
vn  -0.483049 -0.858812 -0.170603
vn  -0.176861 -0.917192 -0.357042
vn  -0.176861 -0.917192 -0.357042
vn  0.083021 -0.937984 -0.336592
vn  -0.550366 -0.825207 -0.127005
vn  -0.622687 -0.782467 -0.002444
vn  -0.622687 -0.782467 -0.002444
vn  -0.560295 -0.826896 0.048084
vn  -0.661113 -0.743629 0.099730
vn  0.316028 -0.754733 -0.574895
vn  0.309250 -0.186385 -0.932537
vn  0.336967 -0.300660 -0.892220
vn  0.481766 -0.470804 -0.739084
vn  0.831755 -0.490943 -0.259150
vn  -0.390380 -0.894671 0.217181
vn  -0.670004 -0.713175 0.206098
vn  -0.680780 -0.712932 0.168128
vn  -0.659342 -0.743959 -0.108597
vn  -0.828593 -0.491941 -0.267259
vn  -0.783704 -0.614186 -0.092647
vn  -0.901618 -0.432470 -0.007448
vn  -0.848582 -0.447373 -0.282429
vn  -0.694997 -0.426552 -0.578820
vn  -0.708799 -0.627621 -0.322018
vn  0.290347 -0.844497 0.450027
vn  0.101757 -0.871233 0.480207
vn  0.314727 -0.809907 0.494972
vn  0.298031 -0.871015 0.390526
vn  0.564897 -0.740062 0.364964
vn  0.591859 -0.790950 -0.155244
vn  0.586831 -0.752966 -0.297778
vn  0.487357 -0.862600 -0.135662
vn  0.648873 -0.710909 -0.271243
vn  0.411915 -0.888831 -0.200763
vn  0.598273 -0.656380 0.459603
vn  0.783927 -0.479392 0.394514
vn  0.668444 -0.629085 0.396780
vn  0.843829 -0.534027 0.052612
vn  0.743607 -0.655331 0.132625
vn  -0.994273 0.055934 -0.091059
vn  -0.932681 0.154107 -0.326125
vn  -0.927326 0.253064 -0.275725
vn  -0.849702 0.282216 -0.445377
vn  -0.708294 0.645233 -0.286346
vn  0.777120 0.045200 0.627727
vn  0.783773 -0.317299 0.533874
vn  0.535341 -0.039592 0.843707
vn  -0.439432 -0.706782 0.554400
vn  -0.567738 -0.257311 0.781962
vn  -0.567443 -0.666598 0.483380
vn  -0.474214 -0.641323 0.603180
vn  -0.556711 -0.589674 0.585113
vn  -0.421563 -0.675042 0.605478
vn  -0.628044 -0.727731 0.275623
vn  -0.244618 -0.965166 -0.092821
vn  -0.147726 -0.988839 -0.019328
vn  -0.178661 -0.981461 0.069389
vn  -0.145156 -0.988874 0.032539
vn  -0.099434 -0.994178 -0.041506
vn  -0.144938 -0.312326 0.938853
vn  -0.181562 -0.266010 0.946717
vn  -0.227700 -0.322025 0.918941
vn  -0.273633 -0.375227 0.885624
vn  -0.369717 -0.650647 0.663301
vn  0.593164 -0.545412 0.592184
vn  0.337477 -0.603408 0.722501
vn  0.345928 -0.461643 0.816835
vn  0.212212 -0.505964 0.836042
vn  0.181214 -0.252827 0.950389
vn  0.961935 -0.197086 0.189307
vn  0.988666 -0.113912 0.097796
vn  0.976011 -0.207568 0.065714
vn  0.982314 -0.154290 0.106080
vn  0.967918 -0.241696 0.068693
vn  -0.023894 0.351816 0.935764
vn  -0.143154 0.418567 0.896833
vn  -0.164971 0.498482 0.851058
vn  -0.232859 0.563079 0.792918
vn  -0.203788 0.643469 0.737847
vn  0.035068 0.766164 0.641688
vn  0.104507 0.932763 0.345008
vn  0.227557 0.884182 0.407970
vn  0.163400 0.968047 0.190223
vn  0.403890 0.884290 0.234315
vn  -0.917287 0.009775 0.398106
vn  -0.853848 0.280597 0.438416
vn  -0.651253 0.245089 0.718193
vn  -0.548882 0.475952 0.687167
vn  -0.348719 0.230282 0.908496
vn  -0.442157 0.865669 -0.234765
vn  -0.961253 0.154246 -0.228474
vn  -0.396147 0.899678 -0.183433
vn  -0.504741 0.815857 0.282160
vn  -0.000075 0.986387 0.164439
vn  0.223827 0.899588 0.375025
vn  0.000364 0.897106 0.441816
vn  0.180371 0.812370 0.554546
vn  0.000612 -0.993459 0.114188
vn  0.000612 -0.997084 -0.076308
vn  -0.655713 -0.727303 -0.202661
vn  -0.249262 -0.962414 -0.107833
vn  0.126309 -0.980429 0.151013
vn  -0.206388 -0.965984 0.155819
vn  -0.168899 -0.983028 0.071616
vn  -0.651894 -0.752442 0.094157
vn  -0.004188 -0.969479 -0.245139
vn  -0.581496 -0.791316 -0.188896
vn  -0.906780 -0.335752 -0.254992
vn  -0.831211 -0.467398 -0.301045
vn  -0.818531 -0.560289 -0.126821
vn  -0.097275 -0.801246 0.590374
vn  0.012571 -0.862580 0.505765
vn  0.476366 -0.338242 0.811583
vn  -0.203379 -0.973447 -0.105060
vn  -0.203379 -0.973447 -0.105060
vn  -0.238947 -0.965348 -0.104914
vn  -0.203379 -0.973447 -0.105060
vn  0.184721 0.979126 0.084795
vn  0.184721 0.979126 0.084795
vn  0.184721 0.979126 0.084795
vn  0.184721 0.979126 0.084795
vn  -0.963149 0.210500 -0.167431
vn  -0.776158 0.620438 -0.112407
vn  -0.963149 0.210500 -0.167431
vn  -0.261809 0.965119 0.000837
vn  -0.548322 -0.132830 -0.825651
vn  -0.615827 0.113644 -0.779642
vn  -0.837541 0.121699 -0.532649
vn  -0.705289 0.631021 -0.323079
vn  -0.204767 -0.690510 0.693733
vn  -0.127769 -0.978888 0.159541
vn  -0.318691 -0.882898 0.344857
vn  -0.075434 -0.909508 0.408784
vn  0.308012 -0.742427 -0.594921
vn  -0.114065 0.028278 -0.993071
vn  -0.235485 -0.668651 -0.705303
vn  -0.096729 -0.042729 -0.994393
vn  0.547001 0.035585 0.836375
vn  0.908432 -0.303644 0.287318
vn  0.542660 0.021931 0.839666
vn  -0.075434 -0.909508 0.408784
vn  0.117900 0.318531 -0.940552
vn  0.678138 0.193179 -0.709091
vn  0.354114 0.275655 -0.893654
vn  0.431342 0.595423 -0.677802
vn  0.699821 0.681978 -0.212502
vn  -0.007925 0.997479 0.070511
vn  0.782940 0.614031 -0.099859
vn  0.740522 0.645836 -0.185804
vn  -0.704699 0.676141 -0.215017
vn  -0.781938 0.618877 -0.074601
vn  0.010926 0.998020 0.061936
vn  -0.749898 0.637786 -0.175732
vn  -0.002907 -0.000484 -0.999996
vn  -0.002907 -0.000484 -0.999996
vn  0.000051 0.005600 -0.999984
vn  0.000051 0.005600 -0.999984
vn  0.205590 -0.689377 0.694616
vn  0.324405 -0.879978 0.346988
vn  0.128688 -0.977501 0.167129
vn  0.077719 -0.907615 0.412547
vn  0.012502 0.381465 -0.924299
vn  -0.757752 0.116065 -0.642138
vn  -0.442456 0.070684 -0.894000
vn  -0.757752 0.116065 -0.642138
vn  -0.313217 -0.734601 -0.601878
vn  0.236555 -0.666029 -0.707423
vn  0.113255 0.029564 -0.993126
vn  0.096735 -0.038163 -0.994578
vn  -0.536614 0.008978 0.843780
vn  -0.539794 0.018866 0.841586
vn  -0.913924 -0.290839 0.283118
vn  0.077719 -0.907615 0.412547
vn  -0.113337 -0.986462 -0.118522
vn  -0.128768 -0.755158 -0.642772
vn  -0.232433 -0.375478 -0.897213
vn  -0.098537 -0.248219 -0.963679
vn  -0.090102 0.941719 -0.324109
vn  -0.353740 0.911666 -0.209125
vn  -0.239842 0.782438 0.574688
vn  -0.465211 0.820429 -0.332378
vn  -0.000732 0.002634 -0.999996
vn  -0.000732 0.002634 -0.999996
vn  -0.000732 0.002634 -0.999996
vn  -0.000732 0.002634 -0.999996
vn  -0.726984 0.686523 0.013457
vn  -0.943955 0.326599 0.047772
vn  -0.566853 0.804913 0.175477
vn  -0.959964 0.006812 0.280042
vn  0.951440 0.214032 -0.221251
vn  0.951440 0.214032 -0.221251
vn  0.951371 0.158850 -0.263930
vn  0.951371 0.158850 -0.263930
vn  0.164176 0.986340 0.013436
vn  0.490664 0.851129 -0.186624
vn  0.386516 0.912368 -0.134868
vn  0.750864 0.611957 -0.248418
vn  -0.959265 -0.062465 -0.275514
vn  -0.961206 -0.119773 -0.248469
vn  -0.936637 -0.294804 -0.189216
vn  -0.967277 -0.199812 -0.156369
vn  -0.947498 -0.201865 -0.247987
vn  -0.942858 -0.251005 -0.219125
vn  -0.947498 -0.201865 -0.247987
vn  -0.934716 -0.290960 -0.204079
vn  -0.770444 -0.598098 -0.220669
vn  -0.840911 -0.492423 -0.224474
vn  -0.711106 -0.674199 -0.199460
vn  -0.828404 -0.473292 -0.299569
vn  0.612937 -0.789074 0.040875
vn  0.541932 -0.826555 -0.152042
vn  0.706196 -0.689841 -0.159391
vn  0.701572 -0.671547 0.238373
vn  0.370592 0.921948 0.112572
vn  0.244555 0.956308 0.160209
vn  0.239262 0.966223 0.095741
vn  0.274536 0.952256 0.133562
vn  0.444002 0.830946 -0.335247
vn  0.614013 0.610333 -0.500482
vn  0.636559 0.688932 -0.346649
vn  0.614013 0.610333 -0.500482
vn  -0.852894 -0.509523 0.113833
vn  -0.803606 -0.456075 0.382378
vn  -0.672093 -0.606573 0.424689
vn  -0.672093 -0.606573 0.424689
vn  -0.943920 -0.194516 0.266793
vn  -0.966875 -0.073331 0.244490
vn  -0.946973 -0.125940 0.295602
vn  -0.978185 -0.136013 0.157017
vn  0.566109 0.772612 0.287386
vn  0.684327 0.515920 0.515289
vn  0.523883 0.657811 0.541138
vn  0.526912 0.448049 0.722230
vn  -0.045364 0.156363 0.986657
vn  -0.070737 0.232794 0.969950
vn  -0.020955 0.251530 0.967623
vn  0.003665 0.344178 0.938897
vn  0.067977 0.033248 0.997133
vn  0.036336 0.251725 0.967116
vn  0.061584 0.217932 0.974019
vn  0.003665 0.344178 0.938897
vn  0.237477 -0.958568 0.157327
vn  0.153236 -0.707703 0.689692
vn  0.088828 -0.694281 0.714201
vn  0.000612 -0.993459 0.114188
vn  -0.559301 -0.827517 0.048963
vn  0.001317 -0.917079 0.398704
vn  -0.136959 0.953400 0.268831
vn  -0.504741 0.815857 0.282160
vn  -0.667517 0.698594 0.257656
vn  0.303620 -0.945734 -0.115766
vn  0.413434 -0.902934 -0.117397
vn  0.183811 -0.975096 -0.124106
vn  0.083263 0.986531 0.140795
vn  0.129751 0.926931 0.352084
vn  0.371462 0.914282 0.161569
vn  0.097318 -0.995192 -0.011077
vn  0.976602 -0.025373 0.213552
vn  0.569620 -0.820528 0.047621
vn  0.132898 0.215141 0.967498
vn  0.193806 -0.092882 0.976633
vn  0.355590 0.118083 0.927153
vn  0.925792 0.250383 -0.283229
vn  0.960869 0.134079 -0.242393
vn  0.897527 0.236531 -0.372154
vn  -0.002405 0.970158 0.242461
vn  0.705304 0.631103 -0.322886
vn  0.828892 0.296105 0.474617
vn  0.472376 0.873593 0.117033
vn  0.371462 0.914282 0.161569
vn  0.196569 0.967975 0.156155
vn  -0.100572 -0.994872 -0.010681
vn  -0.560708 -0.826677 0.047023
vn  -0.968555 -0.033683 0.246509
vn  -0.179301 0.810857 0.557102
vn  -0.238801 0.896955 0.372084
vn  0.000364 0.897106 0.441816
vn  -0.010522 0.095624 -0.995362
vn  0.580328 -0.025563 -0.813982
vn  -0.010522 0.095624 -0.995362
vn  0.005286 0.761575 -0.648055
vn  0.001384 0.937975 -0.346701
vn  -0.705289 0.631021 -0.323079
vn  0.003550 -0.448201 0.893926
vn  -0.140207 0.014967 0.990009
vn  0.140864 0.014346 0.989925
vn  -0.082067 -0.693376 0.715887
vn  0.078128 -0.164152 0.983336
vn  -0.029934 -0.109382 0.993549
vn  0.095161 -0.259723 -0.960983
vn  0.057241 -0.335758 -0.940207
vn  -0.004233 -0.808910 -0.587918
vn  0.015305 0.783175 -0.621613
vn  0.148765 0.623093 0.767870
vn  0.431342 0.595423 -0.677802
vn  0.388802 -0.803472 0.450850
vn  0.063727 -0.731700 0.678641
vn  0.148765 0.623093 0.767870
vn  0.003238 0.032852 0.999455
vn  0.115363 -0.986182 -0.118897
vn  0.086318 -0.831635 0.548573
vn  0.730797 -0.392180 0.558686
vn  0.174549 -0.973391 -0.148471
vn  0.388802 -0.803472 0.450850
vn  0.004280 0.389901 -0.920847
vn  0.478871 0.863169 0.160069
vn  0.015305 0.783175 -0.621613
vn  0.367324 0.904949 -0.214802
vn  0.682580 0.633842 -0.363770
vn  0.294362 0.643045 -0.706997
vn  0.336479 0.524309 -0.782229
vn  0.492473 0.806133 -0.328054
vn  0.336479 0.524310 -0.782229
vn  -0.007925 0.997479 0.070511
vn  -0.993035 -0.013752 0.117013
vn  -0.988054 -0.097866 -0.119044
vn  0.699008 -0.628411 -0.341303
vn  0.568326 -0.597890 -0.565272
vn  -0.066827 -0.735852 -0.673837
vn  0.010926 0.998020 0.061936
vn  0.989100 -0.093986 -0.113345
vn  0.996061 -0.020304 0.086314
vn  0.568509 0.805089 0.169204
vn  0.041355 0.976048 0.213589
vn  0.633688 0.716748 0.291053
vn  0.961516 0.003146 0.274731
vn  0.785548 -0.226935 0.575687
vn  0.076143 -0.741438 0.666688
vn  -0.766927 0.639895 -0.048547
vn  -0.749898 0.637786 -0.175732
vn  -0.932823 0.224920 -0.281517
vn  0.905771 -0.392792 0.159040
vn  0.344625 -0.876873 0.335154
vn  0.538778 -0.780867 0.316173
vn  -0.460819 -0.358395 0.811911
vn  -0.065445 -0.529242 0.845943
vn  0.139429 -0.814403 0.563300
vn  0.342300 -0.017701 -0.939424
vn  -0.321663 -0.004004 -0.946846
vn  -0.014915 0.778255 -0.627771
vn  0.079597 0.654700 -0.751687
vn  -0.081649 0.994735 -0.061935
vn  -0.360026 0.791314 -0.494170
vn  -0.118020 0.317944 -0.940735
vn  -0.351119 0.270635 -0.896366
vn  -0.682418 0.185154 -0.707124
vn  -0.331139 0.509699 -0.794074
vn  -0.331139 0.509699 -0.794074
vn  -0.465211 0.820429 -0.332378
vn  0.768511 0.637487 -0.054779
vn  0.930521 0.219260 -0.293354
vn  0.740522 0.645836 -0.185804
vn  0.484928 -0.874297 -0.021210
vn  0.314395 -0.948902 -0.027206
vn  0.401323 -0.891124 -0.211748
vn  0.258714 -0.961502 0.092636
vn  0.199155 -0.970863 0.133274
vn  0.273324 -0.958631 -0.079508
vn  0.580361 -0.811160 -0.072120
vn  0.545642 -0.829515 -0.119080
vn  0.480578 -0.835273 -0.267139
vn  0.832051 -0.496957 0.246426
vn  0.975188 -0.208470 -0.074485
vn  0.991920 -0.122371 -0.033453
vn  0.473800 -0.637104 0.607958
vn  -0.388346 0.032552 0.920938
vn  0.550209 -0.252415 0.795962
vn  0.959313 0.079010 -0.271065
vn  0.951440 0.214032 -0.221251
vn  0.930345 0.237713 -0.279198
vn  0.626331 0.718200 -0.303147
vn  0.375412 0.828594 -0.415329
vn  0.386431 0.884647 -0.260904
vn  -0.897624 -0.290172 -0.331770
vn  -0.862819 -0.253936 -0.437104
vn  -0.880483 -0.254877 -0.399734
vn  -0.793757 -0.107504 -0.598659
vn  -0.652922 -0.026479 -0.756962
vn  -0.712129 -0.068355 -0.698713
vn  -0.907834 0.325729 -0.264081
vn  -0.907834 0.325729 -0.264081
vn  -0.907834 0.325729 -0.264081
vn  -0.726180 -0.627944 -0.279909
vn  -0.534157 -0.181878 -0.825589
vn  -0.572049 -0.317011 -0.756481
vn  -0.909472 -0.363781 -0.201308
vn  -0.770444 -0.598098 -0.220669
vn  -0.819867 -0.557849 -0.128932
vn  0.365208 -0.928954 -0.060563
vn  0.356326 -0.922771 0.146717
vn  0.186311 -0.974832 0.122433
vn  0.572526 -0.787144 0.229385
vn  0.811736 -0.583824 0.015269
vn  0.867974 -0.451044 0.207801
vn  -0.224267 -0.831514 0.508222
vn  -0.112926 -0.962093 0.248242
vn  -0.188274 -0.960217 0.206244
vn  0.866833 -0.334057 -0.370143
vn  0.670786 -0.659676 -0.338930
vn  0.776788 -0.605253 -0.173981
vn  0.579080 -0.814892 -0.024855
vn  0.365208 -0.928954 -0.060563
vn  0.406178 -0.766108 -0.498094
vn  -0.901618 -0.432470 -0.007448
vn  -0.828593 -0.491941 -0.267259
vn  -0.694997 -0.426552 -0.578820
vn  -0.285510 -0.955066 -0.079577
vn  -0.371929 -0.924420 -0.084354
vn  -0.374795 -0.729760 -0.571820
vn  0.591859 -0.790950 -0.155244
vn  0.579080 -0.814892 -0.024855
vn  0.586831 -0.752966 -0.297778
vn  0.481766 -0.470804 -0.739084
vn  0.309250 -0.186385 -0.932537
vn  0.373749 -0.471123 -0.798971
vn  -0.659342 -0.743959 -0.108597
vn  -0.670004 -0.713175 0.206098
vn  -0.599838 -0.797249 -0.067741
vn  -0.510587 -0.819586 0.259962
vn  -0.120619 -0.927832 0.352957
vn  -0.122392 -0.940850 0.315946
vn  0.961666 -0.106688 -0.252620
vn  0.963291 -0.226530 -0.144063
vn  0.979392 -0.134680 -0.150505
vn  0.880956 -0.455111 -0.129579
vn  0.936410 -0.339269 -0.089627
vn  0.963291 -0.226530 -0.144063
vn  0.777269 -0.448789 0.440955
vn  0.783927 -0.479392 0.394514
vn  0.598273 -0.656380 0.459603
vn  0.984649 -0.112020 0.133858
vn  0.975105 -0.115433 0.189328
vn  0.982866 0.041376 0.179617
vn  0.840886 0.384251 -0.381132
vn  0.905338 0.315571 -0.284216
vn  0.840886 0.384251 -0.381132
vn  0.444002 0.830946 -0.335247
vn  0.233639 0.953917 -0.188294
vn  0.232701 0.928865 -0.288201
vn  -0.301051 0.937997 0.171846
vn  -0.321024 0.942893 0.088862
vn  -0.301051 0.937997 0.171846
vn  -0.956587 0.222320 -0.188454
vn  -0.932681 0.154107 -0.326125
vn  -0.994273 0.055934 -0.091059
vn  -0.600730 0.793041 -0.101045
vn  0.423631 0.822242 0.380072
vn  -0.111786 0.847408 0.519041
vn  -0.233287 0.970110 -0.066817
vn  0.306475 0.942000 -0.136781
vn  -0.371025 0.856013 -0.359975
vn  -0.439432 -0.706782 0.554400
vn  0.783773 -0.317299 0.533874
vn  -0.945199 -0.322246 -0.052505
vn  -0.967102 -0.188429 -0.170902
vn  -0.931935 -0.277661 -0.233243
vn  -0.945199 -0.322246 -0.052505
vn  -0.277045 -0.878687 0.388786
vn  -0.244618 -0.965166 -0.092821
vn  -0.416487 -0.879446 0.230464
vn  -0.460786 -0.884696 0.070639
vn  -0.255794 -0.965832 0.041690
vn  -0.626573 -0.775231 0.080149
vn  -0.474214 -0.641323 0.603180
vn  -0.288867 -0.745399 0.600780
vn  -0.421563 -0.675042 0.605478
vn  -0.149847 -0.861416 -0.485291
vn  -0.246283 -0.920285 -0.304007
vn  -0.368318 -0.906970 -0.204323
vn  0.149267 -0.376498 0.914313
vn  0.304386 -0.622662 0.720862
vn  0.216962 -0.700220 0.680161
vn  0.258091 0.063157 0.964054
vn  0.182706 0.088657 0.979162
vn  0.335114 0.153755 0.929547
vn  -0.309438 -0.054536 0.949354
vn  -0.238212 -0.180817 0.954233
vn  -0.288877 -0.145487 0.946247
vn  0.136450 -0.476299 0.868631
vn  0.109768 -0.307744 0.945116
vn  0.185797 -0.287261 0.939660
vn  -0.200920 0.650407 0.732531
vn  -0.078904 0.280724 0.956540
vn  -0.293083 0.397648 0.869470
vn  -0.351247 0.909964 0.220433
vn  -0.648080 0.705057 0.287900
vn  -0.494387 0.852995 0.167278
vn  -0.844555 0.293345 0.447969
vn  -0.798188 0.398621 0.451661
vn  -0.601403 0.420268 0.679478
vn  -0.785056 -0.605775 0.129320
vn  -0.856193 -0.420228 0.300569
vn  -0.920788 -0.362880 0.143065

g rdmobj00
usemtl hltex000
f  3/3/3 2/2/2 1/1/1
f  2/2/2 3/3/3 4/4/4
f  5/5/5 4/4/4 3/3/3
f  4/4/4 5/5/5 6/6/6
f  7/7/7 6/6/6 5/5/5
f  6/6/6 7/7/7 8/8/8
f  9/9/9 8/8/8 7/7/7
f  8/8/8 9/9/9 10/10/10
f  11/11/11 10/10/10 9/9/9
f  10/10/10 11/11/11 12/12/12
f  13/13/13 12/12/12 11/11/11
f  12/12/12 13/13/13 14/14/14
f  15/15/15 14/14/14 13/13/13
f  14/14/14 15/15/15 16/16/16
f  17/17/17 16/16/16 15/15/15
f  16/16/16 17/17/17 18/18/18
f  19/19/19 18/18/18 17/17/17
f  18/18/18 19/19/19 20/20/20
f  21/21/21 20/20/20 19/19/19
f  20/20/20 21/21/21 22/22/22
f  23/23/23 22/22/22 21/21/21
f  22/22/22 23/23/23 24/24/24
f  25/25/25 24/24/24 23/23/23
f  24/24/24 25/25/25 26/26/26
f  27/27/27 26/26/26 25/25/25
f  26/26/26 27/27/27 28/28/28
f  29/29/29 28/28/28 27/27/27
f  28/28/28 29/29/29 30/30/30
f  31/31/31 30/30/30 29/29/29
f  34/34/34 33/33/33 32/32/32
f  33/33/33 34/34/34 35/35/35
f  36/36/36 35/35/35 34/34/34
f  35/35/35 36/36/36 37/37/37
f  38/38/38 37/37/37 36/36/36
f  37/37/37 38/38/38 39/39/39
f  40/40/40 39/39/39 38/38/38
f  39/39/39 40/40/40 41/41/41
f  42/42/42 41/41/41 40/40/40
f  41/41/41 42/42/42 43/43/43
f  44/44/44 43/43/43 42/42/42
f  43/43/43 44/44/44 45/45/45
f  46/46/46 45/45/45 44/44/44
f  45/45/45 46/46/46 47/47/47
f  48/48/48 47/47/47 46/46/46
f  47/47/47 48/48/48 49/49/49
f  50/50/50 49/49/49 48/48/48
f  49/49/49 50/50/50 51/51/51
f  52/52/52 51/51/51 50/50/50
f  51/51/51 52/52/52 53/53/53
f  54/54/54 53/53/53 52/52/52
f  53/53/53 54/54/54 55/55/55
f  56/56/56 55/55/55 54/54/54
f  59/59/59 58/58/58 57/57/57
f  58/58/58 59/59/59 60/60/60
f  61/61/61 60/60/60 59/59/59
f  60/60/60 61/61/61 62/62/62
f  63/63/63 62/62/62 61/61/61
f  62/62/62 63/63/63 64/64/64
f  65/65/65 64/64/64 63/63/63
f  64/64/64 65/65/65 66/66/66
f  67/67/67 66/66/66 65/65/65
f  66/66/66 67/67/67 68/68/68
f  69/69/69 68/68/68 67/67/67
f  68/68/68 69/69/69 70/70/70
f  71/71/71 70/70/70 69/69/69
f  70/70/70 71/71/71 72/72/72
f  73/73/73 72/72/72 71/71/71
f  72/72/72 73/73/73 74/74/74
f  75/75/75 74/74/74 73/73/73
f  74/74/74 75/75/75 76/76/76
f  77/77/77 76/76/76 75/75/75
f  76/76/76 77/77/77 78/78/78
f  79/79/79 78/78/78 77/77/77
f  82/82/82 81/81/81 80/80/80
f  81/81/81 82/82/82 83/83/83
f  84/84/84 83/83/83 82/82/82
f  83/83/83 84/84/84 85/85/85
f  86/86/86 85/85/85 84/84/84
f  85/85/85 86/86/86 87/87/87
f  88/88/88 87/87/87 86/86/86
f  87/87/87 88/88/88 89/89/89
f  90/90/90 89/89/89 88/88/88
f  89/89/89 90/90/90 91/91/91
f  92/92/92 91/91/91 90/90/90
f  91/91/91 92/92/92 93/93/93
f  94/94/94 93/93/93 92/92/92
f  93/93/93 94/94/94 95/95/95
f  96/96/96 95/95/95 94/94/94
f  95/95/95 96/96/96 97/97/97
f  98/98/98 97/97/97 96/96/96
f  97/97/97 98/98/98 99/99/99
f  100/100/100 99/99/99 98/98/98
f  99/99/99 100/100/100 101/101/101
f  102/102/102 101/101/101 100/100/100
f  105/105/105 104/104/104 103/103/103
f  104/104/104 105/105/105 106/106/106
f  107/107/107 106/106/106 105/105/105
f  106/106/106 107/107/107 108/108/108
f  109/109/109 108/108/108 107/107/107
f  108/108/108 109/109/109 110/110/110
f  111/111/111 110/110/110 109/109/109
f  110/110/110 111/111/111 112/112/112
f  113/113/113 112/112/112 111/111/111
f  112/112/112 113/113/113 114/114/114
f  115/115/115 114/114/114 113/113/113
f  114/114/114 115/115/115 116/116/116
f  117/117/117 116/116/116 115/115/115
f  116/116/116 117/117/117 118/118/118
f  119/119/119 118/118/118 117/117/117
f  118/118/118 119/119/119 120/120/120
f  121/121/121 120/120/120 119/119/119
f  120/120/120 121/121/121 122/122/122
f  123/123/123 122/122/122 121/121/121
f  126/126/126 125/125/125 124/124/124
f  125/125/125 126/126/126 127/127/127
f  128/128/128 127/127/127 126/126/126
f  127/127/127 128/128/128 129/129/129
f  130/130/130 129/129/129 128/128/128
f  129/129/129 130/130/130 131/131/131
f  132/132/132 131/131/131 130/130/130
f  131/131/131 132/132/132 133/133/133
f  134/134/134 133/133/133 132/132/132
f  133/133/133 134/134/134 135/135/135
f  136/136/136 135/135/135 134/134/134
f  135/135/135 136/136/136 137/137/137
f  138/138/138 137/137/137 136/136/136
f  137/137/137 138/138/138 139/139/139
f  140/140/140 139/139/139 138/138/138
f  139/139/139 140/140/140 141/141/141
f  142/142/142 141/141/141 140/140/140
f  141/141/141 142/142/142 143/143/143
f  144/144/144 143/143/143 142/142/142
f  147/147/147 146/146/146 145/145/145
f  146/146/146 147/147/147 148/148/148
f  149/149/149 148/148/148 147/147/147
f  148/148/148 149/149/149 150/150/150
f  151/151/151 150/150/150 149/149/149
f  150/150/150 151/151/151 152/152/152
f  153/153/153 152/152/152 151/151/151
f  152/152/152 153/153/153 154/154/154
f  155/155/155 154/154/154 153/153/153
f  154/154/154 155/155/155 156/156/156
f  157/157/157 156/156/156 155/155/155
f  156/156/156 157/157/157 158/158/158
f  159/159/159 158/158/158 157/157/157
f  158/158/158 159/159/159 160/160/160
f  161/161/161 160/160/160 159/159/159
f  160/160/160 161/161/161 162/162/162
f  163/163/163 162/162/162 161/161/161
f  162/162/162 163/163/163 164/164/164
f  165/165/165 164/164/164 163/163/163
f  168/168/168 167/167/167 166/166/166
f  167/167/167 168/168/168 169/169/169
f  170/170/170 169/169/169 168/168/168
f  169/169/169 170/170/170 171/171/171
f  172/172/172 171/171/171 170/170/170
f  171/171/171 172/172/172 173/173/173
f  174/174/174 173/173/173 172/172/172
f  173/173/173 174/174/174 175/175/175
f  176/176/176 175/175/175 174/174/174
f  175/175/175 176/176/176 177/177/177
f  178/178/178 177/177/177 176/176/176
f  177/177/177 178/178/178 179/179/179
f  180/180/180 179/179/179 178/178/178
f  179/179/179 180/180/180 181/181/181
f  182/182/182 181/181/181 180/180/180
f  181/181/181 182/182/182 183/183/183
f  184/184/184 183/183/183 182/182/182
f  187/187/187 186/186/186 185/185/185
f  186/186/186 187/187/187 188/188/188
f  189/189/189 188/188/188 187/187/187
f  188/188/188 189/189/189 190/190/190
f  191/191/191 190/190/190 189/189/189
f  190/190/190 191/191/191 192/192/192
f  193/193/193 192/192/192 191/191/191
f  192/192/192 193/193/193 194/194/194
f  195/195/195 194/194/194 193/193/193
f  194/194/194 195/195/195 196/196/196
f  197/197/197 196/196/196 195/195/195
f  196/196/196 197/197/197 198/198/198
f  199/199/199 198/198/198 197/197/197
f  198/198/198 199/199/199 200/200/200
f  201/201/201 200/200/200 199/199/199
f  200/200/200 201/201/201 202/202/202
f  203/203/203 202/202/202 201/201/201
f  206/206/206 205/205/205 204/204/204
f  205/205/205 206/206/206 207/207/207
f  208/208/208 207/207/207 206/206/206
f  207/207/207 208/208/208 209/209/209
f  210/210/210 209/209/209 208/208/208
f  209/209/209 210/210/210 211/211/211
f  212/212/212 211/211/211 210/210/210
f  211/211/211 212/212/212 213/213/213
f  214/214/214 213/213/213 212/212/212
f  213/213/213 214/214/214 215/215/215
f  216/216/216 215/215/215 214/214/214
f  215/215/215 216/216/216 217/217/217
f  218/218/218 217/217/217 216/216/216
f  217/217/217 218/218/218 219/219/219
f  220/220/220 219/219/219 218/218/218
f  219/219/219 220/220/220 221/221/221
f  224/224/224 223/223/223 222/222/222
f  223/223/223 224/224/224 225/225/225
f  226/226/226 225/225/225 224/224/224
f  225/225/225 226/226/226 227/227/227
f  228/228/228 227/227/227 226/226/226
f  227/227/227 228/228/228 229/229/229
f  230/230/230 229/229/229 228/228/228
f  229/229/229 230/230/230 231/231/231
f  232/232/232 231/231/231 230/230/230
f  231/231/231 232/232/232 233/233/233
f  234/234/234 233/233/233 232/232/232
f  233/233/233 234/234/234 235/235/235
f  236/236/236 235/235/235 234/234/234
f  235/235/235 236/236/236 237/237/237
f  238/238/238 237/237/237 236/236/236
f  237/237/237 238/238/238 239/239/239
f  242/242/242 241/241/241 240/240/240
f  241/241/241 242/242/242 243/243/243
f  244/244/244 243/243/243 242/242/242
f  243/243/243 244/244/244 245/245/245
f  246/246/246 245/245/245 244/244/244
f  245/245/245 246/246/246 247/247/247
f  248/248/248 247/247/247 246/246/246
f  247/247/247 248/248/248 249/249/249
f  250/250/250 249/249/249 248/248/248
f  249/249/249 250/250/250 251/251/251
f  252/252/252 251/251/251 250/250/250
f  251/251/251 252/252/252 253/253/253
f  254/254/254 253/253/253 252/252/252
f  253/253/253 254/254/254 255/255/255
f  256/256/256 255/255/255 254/254/254
f  259/259/259 258/258/258 257/257/257
f  258/258/258 259/259/259 260/260/260
f  261/261/261 260/260/260 259/259/259
f  260/260/260 261/261/261 262/262/262
f  263/263/263 262/262/262 261/261/261
f  262/262/262 263/263/263 264/264/264
f  265/265/265 264/264/264 263/263/263
f  264/264/264 265/265/265 266/266/266
f  267/267/267 266/266/266 265/265/265
f  266/266/266 267/267/267 268/268/268
f  269/269/269 268/268/268 267/267/267
f  268/268/268 269/269/269 270/270/270
f  271/271/271 270/270/270 269/269/269
f  270/270/270 271/271/271 272/272/272
f  273/273/273 272/272/272 271/271/271
f  276/276/276 275/275/275 274/274/274
f  275/275/275 276/276/276 277/277/277
f  278/278/278 277/277/277 276/276/276
f  277/277/277 278/278/278 279/279/279
f  280/280/280 279/279/279 278/278/278
f  279/279/279 280/280/280 281/281/281
f  282/282/282 281/281/281 280/280/280
f  281/281/281 282/282/282 283/283/283
f  284/284/284 283/283/283 282/282/282
f  283/283/283 284/284/284 285/285/285
f  286/286/286 285/285/285 284/284/284
f  285/285/285 286/286/286 287/287/287
f  288/288/288 287/287/287 286/286/286
f  287/287/287 288/288/288 289/289/289
f  290/290/290 289/289/289 288/288/288
f  293/293/293 292/292/292 291/291/291
f  292/292/292 293/293/293 294/294/294
f  295/295/295 294/294/294 293/293/293
f  294/294/294 295/295/295 296/296/296
f  297/297/297 296/296/296 295/295/295
f  296/296/296 297/297/297 298/298/298
f  299/299/299 298/298/298 297/297/297
f  298/298/298 299/299/299 300/300/300
f  301/301/301 300/300/300 299/299/299
f  300/300/300 301/301/301 302/302/302
f  303/303/303 302/302/302 301/301/301
f  302/302/302 303/303/303 304/304/304
f  305/305/305 304/304/304 303/303/303
f  304/304/304 305/305/305 306/306/306
f  309/309/309 308/308/308 307/307/307
f  308/308/308 309/309/309 310/310/310
f  311/311/311 310/310/310 309/309/309
f  310/310/310 311/311/311 312/312/312
f  313/313/313 312/312/312 311/311/311
f  312/312/312 313/313/313 314/314/314
f  315/315/315 314/314/314 313/313/313
f  314/314/314 315/315/315 316/316/316
f  317/317/317 316/316/316 315/315/315
f  316/316/316 317/317/317 318/318/318
f  319/319/319 318/318/318 317/317/317
f  318/318/318 319/319/319 320/320/320
f  321/321/321 320/320/320 319/319/319
f  320/320/320 321/321/321 322/322/322
f  325/325/325 324/324/324 323/323/323
f  324/324/324 325/325/325 326/326/326
f  327/327/327 326/326/326 325/325/325
f  326/326/326 327/327/327 328/328/328
f  329/329/329 328/328/328 327/327/327
f  328/328/328 329/329/329 330/330/330
f  331/331/331 330/330/330 329/329/329
f  330/330/330 331/331/331 332/332/332
f  333/333/333 332/332/332 331/331/331
f  332/332/332 333/333/333 334/334/334
f  335/335/335 334/334/334 333/333/333
f  334/334/334 335/335/335 336/336/336
f  337/337/337 336/336/336 335/335/335
f  340/340/340 339/339/339 338/338/338
f  339/339/339 340/340/340 341/341/341
f  342/342/342 341/341/341 340/340/340
f  341/341/341 342/342/342 343/343/343
f  344/344/344 343/343/343 342/342/342
f  343/343/343 344/344/344 345/345/345
f  346/346/346 345/345/345 344/344/344
f  345/345/345 346/346/346 347/347/347
f  348/348/348 347/347/347 346/346/346
f  347/347/347 348/348/348 349/349/349
f  350/350/350 349/349/349 348/348/348
f  349/349/349 350/350/350 351/351/351
f  352/352/352 351/351/351 350/350/350
f  355/355/355 354/354/354 353/353/353
f  354/354/354 355/355/355 356/356/356
f  357/357/357 356/356/356 355/355/355
f  356/356/356 357/357/357 358/358/358
f  359/359/359 358/358/358 357/357/357
f  358/358/358 359/359/359 360/360/360
f  361/361/361 360/360/360 359/359/359
f  360/360/360 361/361/361 362/362/362
f  363/363/363 362/362/362 361/361/361
f  362/362/362 363/363/363 364/364/364
f  365/365/365 364/364/364 363/363/363
f  364/364/364 365/365/365 366/366/366
f  367/367/367 366/366/366 365/365/365
f  370/370/370 369/369/369 368/368/368
f  369/369/369 370/370/370 371/371/371
f  372/372/372 371/371/371 370/370/370
f  371/371/371 372/372/372 373/373/373
f  374/374/374 373/373/373 372/372/372
f  373/373/373 374/374/374 375/375/375
f  376/376/376 375/375/375 374/374/374
f  375/375/375 376/376/376 377/377/377
f  378/378/378 377/377/377 376/376/376
f  377/377/377 378/378/378 379/379/379
f  380/380/380 379/379/379 378/378/378
f  379/379/379 380/380/380 381/381/381
f  384/384/384 383/383/383 382/382/382
f  383/383/383 384/384/384 385/385/385
f  386/386/386 385/385/385 384/384/384
f  385/385/385 386/386/386 387/387/387
f  388/388/388 387/387/387 386/386/386
f  387/387/387 388/388/388 389/389/389
f  390/390/390 389/389/389 388/388/388
f  389/389/389 390/390/390 391/391/391
f  392/392/392 391/391/391 390/390/390
f  391/391/391 392/392/392 393/393/393
f  394/394/394 393/393/393 392/392/392
f  393/393/393 394/394/394 395/395/395
f  398/398/398 397/397/397 396/396/396
f  397/397/397 398/398/398 399/399/399
f  400/400/400 399/399/399 398/398/398
f  399/399/399 400/400/400 401/401/401
f  402/402/402 401/401/401 400/400/400
f  401/401/401 402/402/402 403/403/403
f  404/404/404 403/403/403 402/402/402
f  403/403/403 404/404/404 405/405/405
f  406/406/406 405/405/405 404/404/404
f  405/405/405 406/406/406 407/407/407
f  408/408/408 407/407/407 406/406/406
f  407/407/407 408/408/408 409/409/409
f  412/412/412 411/411/411 410/410/410
f  411/411/411 412/412/412 413/413/413
f  414/414/414 413/413/413 412/412/412
f  413/413/413 414/414/414 415/415/415
f  416/416/416 415/415/415 414/414/414
f  415/415/415 416/416/416 417/417/417
f  418/418/418 417/417/417 416/416/416
f  417/417/417 418/418/418 419/419/419
f  420/420/420 419/419/419 418/418/418
f  419/419/419 420/420/420 421/421/421
f  422/422/422 421/421/421 420/420/420
f  425/425/425 424/424/424 423/423/423
f  424/424/424 425/425/425 426/426/426
f  427/427/427 426/426/426 425/425/425
f  426/426/426 427/427/427 428/428/428
f  429/429/429 428/428/428 427/427/427
f  428/428/428 429/429/429 430/430/430
f  431/431/431 430/430/430 429/429/429
f  430/430/430 431/431/431 432/432/432
f  433/433/433 432/432/432 431/431/431
f  432/432/432 433/433/433 434/434/434
f  435/435/435 434/434/434 433/433/433
f  438/438/438 437/437/437 436/436/436
f  437/437/437 438/438/438 439/439/439
f  440/440/440 439/439/439 438/438/438
f  439/439/439 440/440/440 441/441/441
f  442/442/442 441/441/441 440/440/440
f  441/441/441 442/442/442 443/443/443
f  444/444/444 443/443/443 442/442/442
f  443/443/443 444/444/444 445/445/445
f  446/446/446 445/445/445 444/444/444
f  445/445/445 446/446/446 447/447/447
f  448/448/448 447/447/447 446/446/446
f  451/451/451 450/450/450 449/449/449
f  450/450/450 451/451/451 452/452/452
f  453/453/453 452/452/452 451/451/451
f  452/452/452 453/453/453 454/454/454
f  455/455/455 454/454/454 453/453/453
f  454/454/454 455/455/455 456/456/456
f  457/457/457 456/456/456 455/455/455
f  456/456/456 457/457/457 458/458/458
f  459/459/459 458/458/458 457/457/457
f  458/458/458 459/459/459 460/460/460
f  461/461/461 460/460/460 459/459/459
f  464/464/464 463/463/463 462/462/462
f  463/463/463 464/464/464 465/465/465
f  466/466/466 465/465/465 464/464/464
f  465/465/465 466/466/466 467/467/467
f  468/468/468 467/467/467 466/466/466
f  467/467/467 468/468/468 469/469/469
f  470/470/470 469/469/469 468/468/468
f  469/469/469 470/470/470 471/471/471
f  472/472/472 471/471/471 470/470/470
f  471/471/471 472/472/472 473/473/473
f  474/474/474 473/473/473 472/472/472
f  477/477/477 476/476/476 475/475/475
f  476/476/476 477/477/477 478/478/478
f  479/479/479 478/478/478 477/477/477
f  478/478/478 479/479/479 480/480/480
f  481/481/481 480/480/480 479/479/479
f  480/480/480 481/481/481 482/482/482
f  483/483/483 482/482/482 481/481/481
f  482/482/482 483/483/483 484/484/484
f  485/485/485 484/484/484 483/483/483
f  484/484/484 485/485/485 486/486/486
f  487/487/487 486/486/486 485/485/485
f  490/490/490 489/489/489 488/488/488
f  489/489/489 490/490/490 491/491/491
f  492/492/492 491/491/491 490/490/490
f  491/491/491 492/492/492 493/493/493
f  494/494/494 493/493/493 492/492/492
f  493/493/493 494/494/494 495/495/495
f  496/496/496 495/495/495 494/494/494
f  495/495/495 496/496/496 497/497/497
f  498/498/498 497/497/497 496/496/496
f  497/497/497 498/498/498 499/499/499
f  500/500/500 499/499/499 498/498/498
f  503/503/503 502/502/502 501/501/501
f  502/502/502 503/503/503 504/504/504
f  505/505/505 504/504/504 503/503/503
f  504/504/504 505/505/505 506/506/506
f  507/507/507 506/506/506 505/505/505
f  506/506/506 507/507/507 508/508/508
f  509/509/509 508/508/508 507/507/507
f  508/508/508 509/509/509 510/510/510
f  511/511/511 510/510/510 509/509/509
f  510/510/510 511/511/511 512/512/512
f  513/513/513 512/512/512 511/511/511
f  516/516/516 515/515/515 514/514/514
f  515/515/515 516/516/516 517/517/517
f  518/518/518 517/517/517 516/516/516
f  517/517/517 518/518/518 519/519/519
f  520/520/520 519/519/519 518/518/518
f  519/519/519 520/520/520 521/521/521
f  522/522/522 521/521/521 520/520/520
f  521/521/521 522/522/522 523/523/523
f  524/524/524 523/523/523 522/522/522
f  523/523/523 524/524/524 525/525/525
f  526/526/526 525/525/525 524/524/524
f  529/529/529 528/528/528 527/527/527
f  528/528/528 529/529/529 530/530/530
f  531/531/531 530/530/530 529/529/529
f  530/530/530 531/531/531 532/532/532
f  533/533/533 532/532/532 531/531/531
f  532/532/532 533/533/533 534/534/534
f  535/535/535 534/534/534 533/533/533
f  534/534/534 535/535/535 536/536/536
f  537/537/537 536/536/536 535/535/535
f  536/536/536 537/537/537 538/538/538
f  541/541/541 540/540/540 539/539/539
f  542/542/542 541/541/541 539/539/539
f  543/543/543 542/542/542 539/539/539
f  544/544/544 543/543/543 539/539/539
f  545/545/545 544/544/544 539/539/539
f  546/546/546 545/545/545 539/539/539
f  547/547/547 546/546/546 539/539/539
f  548/548/548 547/547/547 539/539/539
f  549/549/549 548/548/548 539/539/539
f  550/550/550 549/549/549 539/539/539
f  553/553/553 552/552/552 551/551/551
f  552/552/552 553/553/553 554/554/554
f  555/555/555 554/554/554 553/553/553
f  554/554/554 555/555/555 556/556/556
f  557/557/557 556/556/556 555/555/555
f  556/556/556 557/557/557 558/558/558
f  559/559/559 558/558/558 557/557/557
f  558/558/558 559/559/559 560/560/560
f  561/561/561 560/560/560 559/559/559
f  560/560/560 561/561/561 562/562/562
f  565/565/565 564/564/564 563/563/563
f  564/564/564 565/565/565 566/566/566
f  567/567/567 566/566/566 565/565/565
f  566/566/566 567/567/567 568/568/568
f  569/569/569 568/568/568 567/567/567
f  568/568/568 569/569/569 570/570/570
f  571/571/571 570/570/570 569/569/569
f  570/570/570 571/571/571 572/572/572
f  573/573/573 572/572/572 571/571/571
f  572/572/572 573/573/573 574/574/574
f  577/577/577 576/576/576 575/575/575
f  576/576/576 577/577/577 578/578/578
f  579/579/579 578/578/578 577/577/577
f  578/578/578 579/579/579 580/580/580
f  581/581/581 580/580/580 579/579/579
f  580/580/580 581/581/581 582/582/582
f  583/583/583 582/582/582 581/581/581
f  582/582/582 583/583/583 584/584/584
f  585/585/585 584/584/584 583/583/583
f  584/584/584 585/585/585 586/586/586
f  589/589/589 588/588/588 587/587/587
f  588/588/588 589/589/589 590/590/590
f  591/591/591 590/590/590 589/589/589
f  590/590/590 591/591/591 592/592/592
f  593/593/593 592/592/592 591/591/591
f  592/592/592 593/593/593 594/594/594
f  595/595/595 594/594/594 593/593/593
f  594/594/594 595/595/595 596/596/596
f  597/597/597 596/596/596 595/595/595
f  596/596/596 597/597/597 598/598/598
f  601/601/601 600/600/600 599/599/599
f  600/600/600 601/601/601 602/602/602
f  603/603/603 602/602/602 601/601/601
f  602/602/602 603/603/603 604/604/604
f  605/605/605 604/604/604 603/603/603
f  604/604/604 605/605/605 606/606/606
f  607/607/607 606/606/606 605/605/605
f  606/606/606 607/607/607 608/608/608
f  609/609/609 608/608/608 607/607/607
f  608/608/608 609/609/609 610/610/610
f  613/613/613 612/612/612 611/611/611
f  612/612/612 613/613/613 614/614/614
f  615/615/615 614/614/614 613/613/613
f  614/614/614 615/615/615 616/616/616
f  617/617/617 616/616/616 615/615/615
f  616/616/616 617/617/617 618/618/618
f  619/619/619 618/618/618 617/617/617
f  618/618/618 619/619/619 620/620/620
f  621/621/621 620/620/620 619/619/619
f  620/620/620 621/621/621 622/622/622
f  625/625/625 624/624/624 623/623/623
f  624/624/624 625/625/625 626/626/626
f  627/627/627 626/626/626 625/625/625
f  626/626/626 627/627/627 628/628/628
f  629/629/629 628/628/628 627/627/627
f  628/628/628 629/629/629 630/630/630
f  631/631/631 630/630/630 629/629/629
f  630/630/630 631/631/631 632/632/632
f  633/633/633 632/632/632 631/631/631
f  632/632/632 633/633/633 634/634/634
f  637/637/637 636/636/636 635/635/635
f  636/636/636 637/637/637 638/638/638
f  639/639/639 638/638/638 637/637/637
f  638/638/638 639/639/639 640/640/640
f  641/641/641 640/640/640 639/639/639
f  640/640/640 641/641/641 642/642/642
f  643/643/643 642/642/642 641/641/641
f  642/642/642 643/643/643 644/644/644
f  645/645/645 644/644/644 643/643/643
f  644/644/644 645/645/645 646/646/646
f  649/649/649 648/648/648 647/647/647
f  648/648/648 649/649/649 650/650/650
f  651/651/651 650/650/650 649/649/649
f  650/650/650 651/651/651 652/652/652
f  653/653/653 652/652/652 651/651/651
f  652/652/652 653/653/653 654/654/654
f  655/655/655 654/654/654 653/653/653
f  654/654/654 655/655/655 656/656/656
f  657/657/657 656/656/656 655/655/655
f  656/656/656 657/657/657 658/658/658
f  661/661/661 660/660/660 659/659/659
f  660/660/660 661/661/661 662/662/662
f  663/663/663 662/662/662 661/661/661
f  662/662/662 663/663/663 664/664/664
f  665/665/665 664/664/664 663/663/663
f  664/664/664 665/665/665 666/666/666
f  667/667/667 666/666/666 665/665/665
f  666/666/666 667/667/667 668/668/668
f  669/669/669 668/668/668 667/667/667
f  668/668/668 669/669/669 670/670/670
f  673/673/673 672/672/672 671/671/671
f  672/672/672 673/673/673 674/674/674
f  675/675/675 674/674/674 673/673/673
f  674/674/674 675/675/675 676/676/676
f  677/677/677 676/676/676 675/675/675
f  676/676/676 677/677/677 678/678/678
f  679/679/679 678/678/678 677/677/677
f  678/678/678 679/679/679 680/680/680
f  681/681/681 680/680/680 679/679/679
f  684/684/684 683/683/683 682/682/682
f  683/683/683 684/684/684 685/685/685
f  686/686/686 685/685/685 684/684/684
f  685/685/685 686/686/686 687/687/687
f  688/688/688 687/687/687 686/686/686
f  687/687/687 688/688/688 689/689/689
f  690/690/690 689/689/689 688/688/688
f  689/689/689 690/690/690 691/691/691
f  692/692/692 691/691/691 690/690/690
f  695/695/695 694/694/694 693/693/693
f  694/694/694 695/695/695 696/696/696
f  697/697/697 696/696/696 695/695/695
f  696/696/696 697/697/697 698/698/698
f  699/699/699 698/698/698 697/697/697
f  698/698/698 699/699/699 700/700/700
f  701/701/701 700/700/700 699/699/699
f  700/700/700 701/701/701 702/702/702
f  703/703/703 702/702/702 701/701/701
f  706/706/706 705/705/705 704/704/704
f  705/705/705 706/706/706 707/707/707
f  708/708/708 707/707/707 706/706/706
f  707/707/707 708/708/708 709/709/709
f  710/710/710 709/709/709 708/708/708
f  709/709/709 710/710/710 711/711/711
f  712/712/712 711/711/711 710/710/710
f  711/711/711 712/712/712 713/713/713
f  714/714/714 713/713/713 712/712/712
f  717/717/717 716/716/716 715/715/715
f  716/716/716 717/717/717 718/718/718
f  719/719/719 718/718/718 717/717/717
f  718/718/718 719/719/719 720/720/720
f  721/721/721 720/720/720 719/719/719
f  720/720/720 721/721/721 722/722/722
f  723/723/723 722/722/722 721/721/721
f  722/722/722 723/723/723 724/724/724
f  725/725/725 724/724/724 723/723/723
f  728/728/728 727/727/727 726/726/726
f  727/727/727 728/728/728 729/729/729
f  730/730/730 729/729/729 728/728/728
f  729/729/729 730/730/730 731/731/731
f  732/732/732 731/731/731 730/730/730
f  731/731/731 732/732/732 733/733/733
f  734/734/734 733/733/733 732/732/732
f  733/733/733 734/734/734 735/735/735
f  736/736/736 735/735/735 734/734/734
f  739/739/739 738/738/738 737/737/737
f  738/738/738 739/739/739 740/740/740
f  741/741/741 740/740/740 739/739/739
f  740/740/740 741/741/741 742/742/742
f  743/743/743 742/742/742 741/741/741
f  742/742/742 743/743/743 744/744/744
f  745/745/745 744/744/744 743/743/743
f  744/744/744 745/745/745 746/746/746
f  747/747/747 746/746/746 745/745/745
f  750/750/750 749/749/749 748/748/748
f  749/749/749 750/750/750 751/751/751
f  752/752/752 751/751/751 750/750/750
f  751/751/751 752/752/752 753/753/753
f  754/754/754 753/753/753 752/752/752
f  753/753/753 754/754/754 755/755/755
f  756/756/756 755/755/755 754/754/754
f  755/755/755 756/756/756 757/757/757
f  758/758/758 757/757/757 756/756/756
f  761/761/761 760/760/760 759/759/759
f  760/760/760 761/761/761 762/762/762
f  763/763/763 762/762/762 761/761/761
f  762/762/762 763/763/763 764/764/764
f  765/765/765 764/764/764 763/763/763
f  764/764/764 765/765/765 766/766/766
f  767/767/767 766/766/766 765/765/765
f  766/766/766 767/767/767 768/768/768
f  769/769/769 768/768/768 767/767/767
f  772/772/772 771/771/771 770/770/770
f  771/771/771 772/772/772 773/773/773
f  774/774/774 773/773/773 772/772/772
f  773/773/773 774/774/774 775/775/775
f  776/776/776 775/775/775 774/774/774
f  775/775/775 776/776/776 777/777/777
f  778/778/778 777/777/777 776/776/776
f  777/777/777 778/778/778 779/779/779
f  780/780/780 779/779/779 778/778/778
f  783/783/783 782/782/782 781/781/781
f  782/782/782 783/783/783 784/784/784
f  785/785/785 784/784/784 783/783/783
f  784/784/784 785/785/785 786/786/786
f  787/787/787 786/786/786 785/785/785
f  786/786/786 787/787/787 788/788/788
f  789/789/789 788/788/788 787/787/787
f  788/788/788 789/789/789 790/790/790
f  791/791/791 790/790/790 789/789/789
f  794/794/794 793/793/793 792/792/792
f  793/793/793 794/794/794 795/795/795
f  796/796/796 795/795/795 794/794/794
f  795/795/795 796/796/796 797/797/797
f  798/798/798 797/797/797 796/796/796
f  797/797/797 798/798/798 799/799/799
f  800/800/800 799/799/799 798/798/798
f  799/799/799 800/800/800 801/801/801
f  802/802/802 801/801/801 800/800/800
f  805/805/805 804/804/804 803/803/803
f  804/804/804 805/805/805 806/806/806
f  807/807/807 806/806/806 805/805/805
f  806/806/806 807/807/807 808/808/808
f  809/809/809 808/808/808 807/807/807
f  808/808/808 809/809/809 810/810/810
f  811/811/811 810/810/810 809/809/809
f  810/810/810 811/811/811 812/812/812
f  813/813/813 812/812/812 811/811/811
f  816/816/816 815/815/815 814/814/814
f  815/815/815 816/816/816 817/817/817
f  818/818/818 817/817/817 816/816/816
f  817/817/817 818/818/818 819/819/819
f  820/820/820 819/819/819 818/818/818
f  819/819/819 820/820/820 821/821/821
f  822/822/822 821/821/821 820/820/820
f  821/821/821 822/822/822 823/823/823
f  824/824/824 823/823/823 822/822/822
f  827/827/827 826/826/826 825/825/825
f  826/826/826 827/827/827 828/828/828
f  829/829/829 828/828/828 827/827/827
f  828/828/828 829/829/829 830/830/830
f  831/831/831 830/830/830 829/829/829
f  830/830/830 831/831/831 832/832/832
f  833/833/833 832/832/832 831/831/831
f  832/832/832 833/833/833 834/834/834
f  835/835/835 834/834/834 833/833/833
f  838/838/838 837/837/837 836/836/836
f  837/837/837 838/838/838 839/839/839
f  840/840/840 839/839/839 838/838/838
f  839/839/839 840/840/840 841/841/841
f  842/842/842 841/841/841 840/840/840
f  841/841/841 842/842/842 843/843/843
f  844/844/844 843/843/843 842/842/842
f  843/843/843 844/844/844 845/845/845
f  846/846/846 845/845/845 844/844/844
f  849/849/849 848/848/848 847/847/847
f  848/848/848 849/849/849 850/850/850
f  851/851/851 850/850/850 849/849/849
f  850/850/850 851/851/851 852/852/852
f  853/853/853 852/852/852 851/851/851
f  852/852/852 853/853/853 854/854/854
f  855/855/855 854/854/854 853/853/853
f  854/854/854 855/855/855 856/856/856
f  859/859/859 858/858/858 857/857/857
f  858/858/858 859/859/859 860/860/860
f  861/861/861 860/860/860 859/859/859
f  860/860/860 861/861/861 862/862/862
f  863/863/863 862/862/862 861/861/861
f  862/862/862 863/863/863 864/864/864
f  865/865/865 864/864/864 863/863/863
f  864/864/864 865/865/865 866/866/866
f  869/869/869 868/868/868 867/867/867
f  868/868/868 869/869/869 870/870/870
f  871/871/871 870/870/870 869/869/869
f  870/870/870 871/871/871 872/872/872
f  873/873/873 872/872/872 871/871/871
f  872/872/872 873/873/873 874/874/874
f  875/875/875 874/874/874 873/873/873
f  874/874/874 875/875/875 876/876/876
f  879/879/879 878/878/878 877/877/877
f  878/878/878 879/879/879 880/880/880
f  881/881/881 880/880/880 879/879/879
f  880/880/880 881/881/881 882/882/882
f  883/883/883 882/882/882 881/881/881
f  882/882/882 883/883/883 884/884/884
f  885/885/885 884/884/884 883/883/883
f  884/884/884 885/885/885 886/886/886
f  889/889/889 888/888/888 887/887/887
f  890/890/890 889/889/889 887/887/887
f  891/891/891 890/890/890 887/887/887
f  892/892/892 891/891/891 887/887/887
f  893/893/893 892/892/892 887/887/887
f  894/894/894 893/893/893 887/887/887
f  895/895/895 894/894/894 887/887/887
f  896/896/896 895/895/895 887/887/887
f  899/899/899 898/898/898 897/897/897
f  898/898/898 899/899/899 900/900/900
f  901/901/901 900/900/900 899/899/899
f  900/900/900 901/901/901 902/902/902
f  903/903/903 902/902/902 901/901/901
f  902/902/902 903/903/903 904/904/904
f  905/905/905 904/904/904 903/903/903
f  904/904/904 905/905/905 906/906/906
f  909/909/909 908/908/908 907/907/907
f  908/908/908 909/909/909 910/910/910
f  911/911/911 910/910/910 909/909/909
f  910/910/910 911/911/911 912/912/912
f  913/913/913 912/912/912 911/911/911
f  912/912/912 913/913/913 914/914/914
f  915/915/915 914/914/914 913/913/913
f  914/914/914 915/915/915 916/916/916
f  919/919/919 918/918/918 917/917/917
f  918/918/918 919/919/919 920/920/920
f  921/921/921 920/920/920 919/919/919
f  920/920/920 921/921/921 922/922/922
f  923/923/923 922/922/922 921/921/921
f  922/922/922 923/923/923 924/924/924
f  925/925/925 924/924/924 923/923/923
f  924/924/924 925/925/925 926/926/926
f  929/929/929 928/928/928 927/927/927
f  928/928/928 929/929/929 930/930/930
f  931/931/931 930/930/930 929/929/929
f  930/930/930 931/931/931 932/932/932
f  933/933/933 932/932/932 931/931/931
f  932/932/932 933/933/933 934/934/934
f  935/935/935 934/934/934 933/933/933
f  934/934/934 935/935/935 936/936/936
f  939/939/939 938/938/938 937/937/937
f  938/938/938 939/939/939 940/940/940
f  941/941/941 940/940/940 939/939/939
f  940/940/940 941/941/941 942/942/942
f  943/943/943 942/942/942 941/941/941
f  942/942/942 943/943/943 944/944/944
f  945/945/945 944/944/944 943/943/943
f  948/948/948 947/947/947 946/946/946
f  949/949/949 948/948/948 946/946/946
f  950/950/950 949/949/949 946/946/946
f  951/951/951 950/950/950 946/946/946
f  952/952/952 951/951/951 946/946/946
f  953/953/953 952/952/952 946/946/946
f  954/954/954 953/953/953 946/946/946
f  957/957/957 956/956/956 955/955/955
f  958/958/958 957/957/957 955/955/955
f  959/959/959 958/958/958 955/955/955
f  960/960/960 959/959/959 955/955/955
f  961/961/961 960/960/960 955/955/955
f  962/962/962 961/961/961 955/955/955
f  963/963/963 962/962/962 955/955/955
f  966/966/966 965/965/965 964/964/964
f  965/965/965 966/966/966 967/967/967
f  968/968/968 967/967/967 966/966/966
f  967/967/967 968/968/968 969/969/969
f  970/970/970 969/969/969 968/968/968
f  969/969/969 970/970/970 971/971/971
f  972/972/972 971/971/971 970/970/970
f  975/975/975 974/974/974 973/973/973
f  974/974/974 975/975/975 976/976/976
f  977/977/977 976/976/976 975/975/975
f  976/976/976 977/977/977 978/978/978
f  979/979/979 978/978/978 977/977/977
f  978/978/978 979/979/979 980/980/980
f  981/981/981 980/980/980 979/979/979
f  984/984/984 983/983/983 982/982/982
f  983/983/983 984/984/984 985/985/985
f  986/986/986 985/985/985 984/984/984
f  985/985/985 986/986/986 987/987/987
f  988/988/988 987/987/987 986/986/986
f  987/987/987 988/988/988 989/989/989
f  990/990/990 989/989/989 988/988/988
f  993/993/993 992/992/992 991/991/991
f  992/992/992 993/993/993 994/994/994
f  995/995/995 994/994/994 993/993/993
f  994/994/994 995/995/995 996/996/996
f  997/997/997 996/996/996 995/995/995
f  996/996/996 997/997/997 998/998/998
f  999/999/999 998/998/998 997/997/997
f  1002/1002/1002 1001/1001/1001 1000/1000/1000
f  1001/1001/1001 1002/1002/1002 1003/1003/1003
f  1004/1004/1004 1003/1003/1003 1002/1002/1002
f  1003/1003/1003 1004/1004/1004 1005/1005/1005
f  1006/1006/1006 1005/1005/1005 1004/1004/1004
f  1005/1005/1005 1006/1006/1006 1007/1007/1007
f  1008/1008/1008 1007/1007/1007 1006/1006/1006
f  1011/1011/1011 1010/1010/1010 1009/1009/1009
f  1010/1010/1010 1011/1011/1011 1012/1012/1012
f  1013/1013/1013 1012/1012/1012 1011/1011/1011
f  1012/1012/1012 1013/1013/1013 1014/1014/1014
f  1015/1015/1015 1014/1014/1014 1013/1013/1013
f  1014/1014/1014 1015/1015/1015 1016/1016/1016
f  1017/1017/1017 1016/1016/1016 1015/1015/1015
f  1020/1020/1020 1019/1019/1019 1018/1018/1018
f  1019/1019/1019 1020/1020/1020 1021/1021/1021
f  1022/1022/1022 1021/1021/1021 1020/1020/1020
f  1021/1021/1021 1022/1022/1022 1023/1023/1023
f  1024/1024/1024 1023/1023/1023 1022/1022/1022
f  1023/1023/1023 1024/1024/1024 1025/1025/1025
f  1026/1026/1026 1025/1025/1025 1024/1024/1024
f  1029/1029/1029 1028/1028/1028 1027/1027/1027
f  1028/1028/1028 1029/1029/1029 1030/1030/1030
f  1031/1031/1031 1030/1030/1030 1029/1029/1029
f  1030/1030/1030 1031/1031/1031 1032/1032/1032
f  1033/1033/1033 1032/1032/1032 1031/1031/1031
f  1032/1032/1032 1033/1033/1033 1034/1034/1034
f  1035/1035/1035 1034/1034/1034 1033/1033/1033
f  1038/1038/1038 1037/1037/1037 1036/1036/1036
f  1037/1037/1037 1038/1038/1038 1039/1039/1039
f  1040/1040/1040 1039/1039/1039 1038/1038/1038
f  1039/1039/1039 1040/1040/1040 1041/1041/1041
f  1042/1042/1042 1041/1041/1041 1040/1040/1040
f  1041/1041/1041 1042/1042/1042 1043/1043/1043
f  1044/1044/1044 1043/1043/1043 1042/1042/1042
f  1047/1047/1047 1046/1046/1046 1045/1045/1045
f  1046/1046/1046 1047/1047/1047 1048/1048/1048
f  1049/1049/1049 1048/1048/1048 1047/1047/1047
f  1048/1048/1048 1049/1049/1049 1050/1050/1050
f  1051/1051/1051 1050/1050/1050 1049/1049/1049
f  1050/1050/1050 1051/1051/1051 1052/1052/1052
f  1053/1053/1053 1052/1052/1052 1051/1051/1051
f  1056/1056/1056 1055/1055/1055 1054/1054/1054
f  1055/1055/1055 1056/1056/1056 1057/1057/1057
f  1058/1058/1058 1057/1057/1057 1056/1056/1056
f  1057/1057/1057 1058/1058/1058 1059/1059/1059
f  1060/1060/1060 1059/1059/1059 1058/1058/1058
f  1059/1059/1059 1060/1060/1060 1061/1061/1061
f  1062/1062/1062 1061/1061/1061 1060/1060/1060
f  1065/1065/1065 1064/1064/1064 1063/1063/1063
f  1064/1064/1064 1065/1065/1065 1066/1066/1066
f  1067/1067/1067 1066/1066/1066 1065/1065/1065
f  1066/1066/1066 1067/1067/1067 1068/1068/1068
f  1069/1069/1069 1068/1068/1068 1067/1067/1067
f  1068/1068/1068 1069/1069/1069 1070/1070/1070
f  1071/1071/1071 1070/1070/1070 1069/1069/1069
f  1074/1074/1074 1073/1073/1073 1072/1072/1072
f  1073/1073/1073 1074/1074/1074 1075/1075/1075
f  1076/1076/1076 1075/1075/1075 1074/1074/1074
f  1075/1075/1075 1076/1076/1076 1077/1077/1077
f  1078/1078/1078 1077/1077/1077 1076/1076/1076
f  1077/1077/1077 1078/1078/1078 1079/1079/1079
f  1080/1080/1080 1079/1079/1079 1078/1078/1078
f  1083/1083/1083 1082/1082/1082 1081/1081/1081
f  1082/1082/1082 1083/1083/1083 1084/1084/1084
f  1085/1085/1085 1084/1084/1084 1083/1083/1083
f  1084/1084/1084 1085/1085/1085 1086/1086/1086
f  1087/1087/1087 1086/1086/1086 1085/1085/1085
f  1086/1086/1086 1087/1087/1087 1088/1088/1088
f  1089/1089/1089 1088/1088/1088 1087/1087/1087
f  1092/1092/1092 1091/1091/1091 1090/1090/1090
f  1091/1091/1091 1092/1092/1092 1093/1093/1093
f  1094/1094/1094 1093/1093/1093 1092/1092/1092
f  1093/1093/1093 1094/1094/1094 1095/1095/1095
f  1096/1096/1096 1095/1095/1095 1094/1094/1094
f  1095/1095/1095 1096/1096/1096 1097/1097/1097
f  1098/1098/1098 1097/1097/1097 1096/1096/1096
f  1101/1101/1101 1100/1100/1100 1099/1099/1099
f  1100/1100/1100 1101/1101/1101 1102/1102/1102
f  1103/1103/1103 1102/1102/1102 1101/1101/1101
f  1102/1102/1102 1103/1103/1103 1104/1104/1104
f  1105/1105/1105 1104/1104/1104 1103/1103/1103
f  1104/1104/1104 1105/1105/1105 1106/1106/1106
f  1107/1107/1107 1106/1106/1106 1105/1105/1105
f  1110/1110/1110 1109/1109/1109 1108/1108/1108
f  1109/1109/1109 1110/1110/1110 1111/1111/1111
f  1112/1112/1112 1111/1111/1111 1110/1110/1110
f  1111/1111/1111 1112/1112/1112 1113/1113/1113
f  1114/1114/1114 1113/1113/1113 1112/1112/1112
f  1113/1113/1113 1114/1114/1114 1115/1115/1115
f  1116/1116/1116 1115/1115/1115 1114/1114/1114
f  1119/1119/1119 1118/1118/1118 1117/1117/1117
f  1118/1118/1118 1119/1119/1119 1120/1120/1120
f  1121/1121/1121 1120/1120/1120 1119/1119/1119
f  1120/1120/1120 1121/1121/1121 1122/1122/1122
f  1123/1123/1123 1122/1122/1122 1121/1121/1121
f  1122/1122/1122 1123/1123/1123 1124/1124/1124
f  1125/1125/1125 1124/1124/1124 1123/1123/1123
f  1128/1128/1128 1127/1127/1127 1126/1126/1126
f  1129/1129/1129 1128/1128/1128 1126/1126/1126
f  1130/1130/1130 1129/1129/1129 1126/1126/1126
f  1131/1131/1131 1130/1130/1130 1126/1126/1126
f  1132/1132/1132 1131/1131/1131 1126/1126/1126
f  1133/1133/1133 1132/1132/1132 1126/1126/1126
f  1134/1134/1134 1133/1133/1133 1126/1126/1126
f  1137/1137/1137 1136/1136/1136 1135/1135/1135
f  1136/1136/1136 1137/1137/1137 1138/1138/1138
f  1139/1139/1139 1138/1138/1138 1137/1137/1137
f  1138/1138/1138 1139/1139/1139 1140/1140/1140
f  1141/1141/1141 1140/1140/1140 1139/1139/1139
f  1140/1140/1140 1141/1141/1141 1142/1142/1142
f  1143/1143/1143 1142/1142/1142 1141/1141/1141
f  1146/1146/1146 1145/1145/1145 1144/1144/1144
f  1147/1147/1147 1146/1146/1146 1144/1144/1144
f  1148/1148/1148 1147/1147/1147 1144/1144/1144
f  1149/1149/1149 1148/1148/1148 1144/1144/1144
f  1150/1150/1150 1149/1149/1149 1144/1144/1144
f  1151/1151/1151 1150/1150/1150 1144/1144/1144
f  1152/1152/1152 1151/1151/1151 1144/1144/1144
f  1155/1155/1155 1154/1154/1154 1153/1153/1153
f  1154/1154/1154 1155/1155/1155 1156/1156/1156
f  1157/1157/1157 1156/1156/1156 1155/1155/1155
f  1156/1156/1156 1157/1157/1157 1158/1158/1158
f  1159/1159/1159 1158/1158/1158 1157/1157/1157
f  1158/1158/1158 1159/1159/1159 1160/1160/1160
f  1161/1161/1161 1160/1160/1160 1159/1159/1159
f  1164/1164/1164 1163/1163/1163 1162/1162/1162
f  1163/1163/1163 1164/1164/1164 1165/1165/1165
f  1166/1166/1166 1165/1165/1165 1164/1164/1164
f  1165/1165/1165 1166/1166/1166 1167/1167/1167
f  1168/1168/1168 1167/1167/1167 1166/1166/1166
f  1167/1167/1167 1168/1168/1168 1169/1169/1169
f  1170/1170/1170 1169/1169/1169 1168/1168/1168
f  1173/1173/1173 1172/1172/1172 1171/1171/1171
f  1172/1172/1172 1173/1173/1173 1174/1174/1174
f  1175/1175/1175 1174/1174/1174 1173/1173/1173
f  1174/1174/1174 1175/1175/1175 1176/1176/1176
f  1177/1177/1177 1176/1176/1176 1175/1175/1175
f  1176/1176/1176 1177/1177/1177 1178/1178/1178
f  1179/1179/1179 1178/1178/1178 1177/1177/1177
f  1182/1182/1182 1181/1181/1181 1180/1180/1180
f  1181/1181/1181 1182/1182/1182 1183/1183/1183
f  1184/1184/1184 1183/1183/1183 1182/1182/1182
f  1183/1183/1183 1184/1184/1184 1185/1185/1185
f  1186/1186/1186 1185/1185/1185 1184/1184/1184
f  1185/1185/1185 1186/1186/1186 1187/1187/1187
f  1188/1188/1188 1187/1187/1187 1186/1186/1186
f  1191/1191/1191 1190/1190/1190 1189/1189/1189
f  1190/1190/1190 1191/1191/1191 1192/1192/1192
f  1193/1193/1193 1192/1192/1192 1191/1191/1191
f  1192/1192/1192 1193/1193/1193 1194/1194/1194
f  1195/1195/1195 1194/1194/1194 1193/1193/1193
f  1194/1194/1194 1195/1195/1195 1196/1196/1196
f  1197/1197/1197 1196/1196/1196 1195/1195/1195
f  1200/1200/1200 1199/1199/1199 1198/1198/1198
f  1201/1201/1201 1200/1200/1200 1198/1198/1198
f  1202/1202/1202 1201/1201/1201 1198/1198/1198
f  1203/1203/1203 1202/1202/1202 1198/1198/1198
f  1204/1204/1204 1203/1203/1203 1198/1198/1198
f  1205/1205/1205 1204/1204/1204 1198/1198/1198
f  1206/1206/1206 1205/1205/1205 1198/1198/1198
f  1209/1209/1209 1208/1208/1208 1207/1207/1207
f  1210/1210/1210 1209/1209/1209 1207/1207/1207
f  1211/1211/1211 1210/1210/1210 1207/1207/1207
f  1212/1212/1212 1211/1211/1211 1207/1207/1207
f  1213/1213/1213 1212/1212/1212 1207/1207/1207
f  1214/1214/1214 1213/1213/1213 1207/1207/1207
f  1217/1217/1217 1216/1216/1216 1215/1215/1215
f  1218/1218/1218 1217/1217/1217 1215/1215/1215
f  1219/1219/1219 1218/1218/1218 1215/1215/1215
f  1220/1220/1220 1219/1219/1219 1215/1215/1215
f  1221/1221/1221 1220/1220/1220 1215/1215/1215
f  1222/1222/1222 1221/1221/1221 1215/1215/1215
f  1225/1225/1225 1224/1224/1224 1223/1223/1223
f  1224/1224/1224 1225/1225/1225 1226/1226/1226
f  1227/1227/1227 1226/1226/1226 1225/1225/1225
f  1226/1226/1226 1227/1227/1227 1228/1228/1228
f  1229/1229/1229 1228/1228/1228 1227/1227/1227
f  1228/1228/1228 1229/1229/1229 1230/1230/1230
f  1233/1233/1233 1232/1232/1232 1231/1231/1231
f  1234/1234/1234 1233/1233/1233 1231/1231/1231
f  1235/1235/1235 1234/1234/1234 1231/1231/1231
f  1236/1236/1236 1235/1235/1235 1231/1231/1231
f  1237/1237/1237 1236/1236/1236 1231/1231/1231
f  1238/1238/1238 1237/1237/1237 1231/1231/1231
f  1241/1241/1241 1240/1240/1240 1239/1239/1239
f  1242/1242/1242 1241/1241/1241 1239/1239/1239
f  1243/1243/1243 1242/1242/1242 1239/1239/1239
f  1244/1244/1244 1243/1243/1243 1239/1239/1239
f  1245/1245/1245 1244/1244/1244 1239/1239/1239
f  1246/1246/1246 1245/1245/1245 1239/1239/1239
f  1249/1249/1249 1248/1248/1248 1247/1247/1247
f  1250/1250/1250 1249/1249/1249 1247/1247/1247
f  1251/1251/1251 1250/1250/1250 1247/1247/1247
f  1252/1252/1252 1251/1251/1251 1247/1247/1247
f  1253/1253/1253 1252/1252/1252 1247/1247/1247
f  1254/1254/1254 1253/1253/1253 1247/1247/1247
f  1257/1257/1257 1256/1256/1256 1255/1255/1255
f  1256/1256/1256 1257/1257/1257 1258/1258/1258
f  1259/1259/1259 1258/1258/1258 1257/1257/1257
f  1258/1258/1258 1259/1259/1259 1260/1260/1260
f  1261/1261/1261 1260/1260/1260 1259/1259/1259
f  1260/1260/1260 1261/1261/1261 1262/1262/1262
f  1265/1265/1265 1264/1264/1264 1263/1263/1263
f  1266/1266/1266 1265/1265/1265 1263/1263/1263
f  1267/1267/1267 1266/1266/1266 1263/1263/1263
f  1268/1268/1268 1267/1267/1267 1263/1263/1263
f  1269/1269/1269 1268/1268/1268 1263/1263/1263
f  1270/1270/1270 1269/1269/1269 1263/1263/1263
f  1273/1273/1273 1272/1272/1272 1271/1271/1271
f  1272/1272/1272 1273/1273/1273 1274/1274/1274
f  1275/1275/1275 1274/1274/1274 1273/1273/1273
f  1274/1274/1274 1275/1275/1275 1276/1276/1276
f  1277/1277/1277 1276/1276/1276 1275/1275/1275
f  1276/1276/1276 1277/1277/1277 1278/1278/1278
f  1281/1281/1281 1280/1280/1280 1279/1279/1279
f  1282/1282/1282 1281/1281/1281 1279/1279/1279
f  1283/1283/1283 1282/1282/1282 1279/1279/1279
f  1284/1284/1284 1283/1283/1283 1279/1279/1279
f  1285/1285/1285 1284/1284/1284 1279/1279/1279
f  1286/1286/1286 1285/1285/1285 1279/1279/1279
f  1289/1289/1289 1288/1288/1288 1287/1287/1287
f  1290/1290/1290 1289/1289/1289 1287/1287/1287
f  1291/1291/1291 1290/1290/1290 1287/1287/1287
f  1292/1292/1292 1291/1291/1291 1287/1287/1287
f  1293/1293/1293 1292/1292/1292 1287/1287/1287
f  1294/1294/1294 1293/1293/1293 1287/1287/1287
f  1297/1297/1297 1296/1296/1296 1295/1295/1295
f  1298/1298/1298 1297/1297/1297 1295/1295/1295
f  1299/1299/1299 1298/1298/1298 1295/1295/1295
f  1300/1300/1300 1299/1299/1299 1295/1295/1295
f  1301/1301/1301 1300/1300/1300 1295/1295/1295
f  1302/1302/1302 1301/1301/1301 1295/1295/1295
f  1305/1305/1305 1304/1304/1304 1303/1303/1303
f  1306/1306/1306 1305/1305/1305 1303/1303/1303
f  1307/1307/1307 1306/1306/1306 1303/1303/1303
f  1308/1308/1308 1307/1307/1307 1303/1303/1303
f  1309/1309/1309 1308/1308/1308 1303/1303/1303
f  1310/1310/1310 1309/1309/1309 1303/1303/1303
f  1313/1313/1313 1312/1312/1312 1311/1311/1311
f  1314/1314/1314 1313/1313/1313 1311/1311/1311
f  1315/1315/1315 1314/1314/1314 1311/1311/1311
f  1316/1316/1316 1315/1315/1315 1311/1311/1311
f  1317/1317/1317 1316/1316/1316 1311/1311/1311
f  1318/1318/1318 1317/1317/1317 1311/1311/1311
f  1321/1321/1321 1320/1320/1320 1319/1319/1319
f  1320/1320/1320 1321/1321/1321 1322/1322/1322
f  1323/1323/1323 1322/1322/1322 1321/1321/1321
f  1322/1322/1322 1323/1323/1323 1324/1324/1324
f  1325/1325/1325 1324/1324/1324 1323/1323/1323
f  1324/1324/1324 1325/1325/1325 1326/1326/1326
f  1329/1329/1329 1328/1328/1328 1327/1327/1327
f  1330/1330/1330 1329/1329/1329 1327/1327/1327
f  1331/1331/1331 1330/1330/1330 1327/1327/1327
f  1332/1332/1332 1331/1331/1331 1327/1327/1327
f  1333/1333/1333 1332/1332/1332 1327/1327/1327
f  1334/1334/1334 1333/1333/1333 1327/1327/1327
f  1337/1337/1337 1336/1336/1336 1335/1335/1335
f  1338/1338/1338 1337/1337/1337 1335/1335/1335
f  1339/1339/1339 1338/1338/1338 1335/1335/1335
f  1340/1340/1340 1339/1339/1339 1335/1335/1335
f  1341/1341/1341 1340/1340/1340 1335/1335/1335
f  1342/1342/1342 1341/1341/1341 1335/1335/1335
f  1345/1345/1345 1344/1344/1344 1343/1343/1343
f  1346/1346/1346 1345/1345/1345 1343/1343/1343
f  1347/1347/1347 1346/1346/1346 1343/1343/1343
f  1348/1348/1348 1347/1347/1347 1343/1343/1343
f  1349/1349/1349 1348/1348/1348 1343/1343/1343
f  1350/1350/1350 1349/1349/1349 1343/1343/1343
f  1353/1353/1353 1352/1352/1352 1351/1351/1351
f  1354/1354/1354 1353/1353/1353 1351/1351/1351
f  1355/1355/1355 1354/1354/1354 1351/1351/1351
f  1356/1356/1356 1355/1355/1355 1351/1351/1351
f  1357/1357/1357 1356/1356/1356 1351/1351/1351
f  1358/1358/1358 1357/1357/1357 1351/1351/1351
f  1361/1361/1361 1360/1360/1360 1359/1359/1359
f  1362/1362/1362 1361/1361/1361 1359/1359/1359
f  1363/1363/1363 1362/1362/1362 1359/1359/1359
f  1364/1364/1364 1363/1363/1363 1359/1359/1359
f  1365/1365/1365 1364/1364/1364 1359/1359/1359
f  1368/1368/1368 1367/1367/1367 1366/1366/1366
f  1369/1369/1369 1368/1368/1368 1366/1366/1366
f  1370/1370/1370 1369/1369/1369 1366/1366/1366
f  1371/1371/1371 1370/1370/1370 1366/1366/1366
f  1372/1372/1372 1371/1371/1371 1366/1366/1366
f  1375/1375/1375 1374/1374/1374 1373/1373/1373
f  1376/1376/1376 1375/1375/1375 1373/1373/1373
f  1377/1377/1377 1376/1376/1376 1373/1373/1373
f  1378/1378/1378 1377/1377/1377 1373/1373/1373
f  1379/1379/1379 1378/1378/1378 1373/1373/1373
f  1382/1382/1382 1381/1381/1381 1380/1380/1380
f  1381/1381/1381 1382/1382/1382 1383/1383/1383
f  1384/1384/1384 1383/1383/1383 1382/1382/1382
f  1383/1383/1383 1384/1384/1384 1385/1385/1385
f  1386/1386/1386 1385/1385/1385 1384/1384/1384
f  1389/1389/1389 1388/1388/1388 1387/1387/1387
f  1390/1390/1390 1389/1389/1389 1387/1387/1387
f  1391/1391/1391 1390/1390/1390 1387/1387/1387
f  1392/1392/1392 1391/1391/1391 1387/1387/1387
f  1393/1393/1393 1392/1392/1392 1387/1387/1387
f  1396/1396/1396 1395/1395/1395 1394/1394/1394
f  1397/1397/1397 1396/1396/1396 1394/1394/1394
f  1398/1398/1398 1397/1397/1397 1394/1394/1394
f  1399/1399/1399 1398/1398/1398 1394/1394/1394
f  1400/1400/1400 1399/1399/1399 1394/1394/1394
f  1403/1403/1403 1402/1402/1402 1401/1401/1401
f  1404/1404/1404 1403/1403/1403 1401/1401/1401
f  1405/1405/1405 1404/1404/1404 1401/1401/1401
f  1406/1406/1406 1405/1405/1405 1401/1401/1401
f  1407/1407/1407 1406/1406/1406 1401/1401/1401
f  1410/1410/1410 1409/1409/1409 1408/1408/1408
f  1411/1411/1411 1410/1410/1410 1408/1408/1408
f  1412/1412/1412 1411/1411/1411 1408/1408/1408
f  1413/1413/1413 1412/1412/1412 1408/1408/1408
f  1414/1414/1414 1413/1413/1413 1408/1408/1408
f  1417/1417/1417 1416/1416/1416 1415/1415/1415
f  1416/1416/1416 1417/1417/1417 1418/1418/1418
f  1419/1419/1419 1418/1418/1418 1417/1417/1417
f  1418/1418/1418 1419/1419/1419 1420/1420/1420
f  1421/1421/1421 1420/1420/1420 1419/1419/1419
f  1424/1424/1424 1423/1423/1423 1422/1422/1422
f  1425/1425/1425 1424/1424/1424 1422/1422/1422
f  1426/1426/1426 1425/1425/1425 1422/1422/1422
f  1427/1427/1427 1426/1426/1426 1422/1422/1422
f  1428/1428/1428 1427/1427/1427 1422/1422/1422
f  1431/1431/1431 1430/1430/1430 1429/1429/1429
f  1432/1432/1432 1431/1431/1431 1429/1429/1429
f  1433/1433/1433 1432/1432/1432 1429/1429/1429
f  1434/1434/1434 1433/1433/1433 1429/1429/1429
f  1435/1435/1435 1434/1434/1434 1429/1429/1429
f  1438/1438/1438 1437/1437/1437 1436/1436/1436
f  1437/1437/1437 1438/1438/1438 1439/1439/1439
f  1440/1440/1440 1439/1439/1439 1438/1438/1438
f  1439/1439/1439 1440/1440/1440 1441/1441/1441
f  1442/1442/1442 1441/1441/1441 1440/1440/1440
f  1445/1445/1445 1444/1444/1444 1443/1443/1443
f  1444/1444/1444 1445/1445/1445 1446/1446/1446
f  1447/1447/1447 1446/1446/1446 1445/1445/1445
f  1446/1446/1446 1447/1447/1447 1448/1448/1448
f  1449/1449/1449 1448/1448/1448 1447/1447/1447
f  1452/1452/1452 1451/1451/1451 1450/1450/1450
f  1451/1451/1451 1452/1452/1452 1453/1453/1453
f  1454/1454/1454 1453/1453/1453 1452/1452/1452
f  1453/1453/1453 1454/1454/1454 1455/1455/1455
f  1456/1456/1456 1455/1455/1455 1454/1454/1454
f  1459/1459/1459 1458/1458/1458 1457/1457/1457
f  1458/1458/1458 1459/1459/1459 1460/1460/1460
f  1461/1461/1461 1460/1460/1460 1459/1459/1459
f  1460/1460/1460 1461/1461/1461 1462/1462/1462
f  1463/1463/1463 1462/1462/1462 1461/1461/1461
f  1466/1466/1466 1465/1465/1465 1464/1464/1464
f  1465/1465/1465 1466/1466/1466 1467/1467/1467
f  1468/1468/1468 1467/1467/1467 1466/1466/1466
f  1467/1467/1467 1468/1468/1468 1469/1469/1469
f  1470/1470/1470 1469/1469/1469 1468/1468/1468
f  1473/1473/1473 1472/1472/1472 1471/1471/1471
f  1472/1472/1472 1473/1473/1473 1474/1474/1474
f  1475/1475/1475 1474/1474/1474 1473/1473/1473
f  1474/1474/1474 1475/1475/1475 1476/1476/1476
f  1477/1477/1477 1476/1476/1476 1475/1475/1475
f  1480/1480/1480 1479/1479/1479 1478/1478/1478
f  1479/1479/1479 1480/1480/1480 1481/1481/1481
f  1482/1482/1482 1481/1481/1481 1480/1480/1480
f  1481/1481/1481 1482/1482/1482 1483/1483/1483
f  1484/1484/1484 1483/1483/1483 1482/1482/1482
f  1487/1487/1487 1486/1486/1486 1485/1485/1485
f  1486/1486/1486 1487/1487/1487 1488/1488/1488
f  1489/1489/1489 1488/1488/1488 1487/1487/1487
f  1488/1488/1488 1489/1489/1489 1490/1490/1490
f  1491/1491/1491 1490/1490/1490 1489/1489/1489
f  1494/1494/1494 1493/1493/1493 1492/1492/1492
f  1493/1493/1493 1494/1494/1494 1495/1495/1495
f  1496/1496/1496 1495/1495/1495 1494/1494/1494
f  1495/1495/1495 1496/1496/1496 1497/1497/1497
f  1498/1498/1498 1497/1497/1497 1496/1496/1496
f  1501/1501/1501 1500/1500/1500 1499/1499/1499
f  1500/1500/1500 1501/1501/1501 1502/1502/1502
f  1503/1503/1503 1502/1502/1502 1501/1501/1501
f  1502/1502/1502 1503/1503/1503 1504/1504/1504
f  1505/1505/1505 1504/1504/1504 1503/1503/1503
f  1508/1508/1508 1507/1507/1507 1506/1506/1506
f  1507/1507/1507 1508/1508/1508 1509/1509/1509
f  1510/1510/1510 1509/1509/1509 1508/1508/1508
f  1509/1509/1509 1510/1510/1510 1511/1511/1511
f  1512/1512/1512 1511/1511/1511 1510/1510/1510
f  1515/1515/1515 1514/1514/1514 1513/1513/1513
f  1514/1514/1514 1515/1515/1515 1516/1516/1516
f  1517/1517/1517 1516/1516/1516 1515/1515/1515
f  1516/1516/1516 1517/1517/1517 1518/1518/1518
f  1519/1519/1519 1518/1518/1518 1517/1517/1517
f  1522/1522/1522 1521/1521/1521 1520/1520/1520
f  1521/1521/1521 1522/1522/1522 1523/1523/1523
f  1524/1524/1524 1523/1523/1523 1522/1522/1522
f  1523/1523/1523 1524/1524/1524 1525/1525/1525
f  1526/1526/1526 1525/1525/1525 1524/1524/1524
f  1529/1529/1529 1528/1528/1528 1527/1527/1527
f  1528/1528/1528 1529/1529/1529 1530/1530/1530
f  1531/1531/1531 1530/1530/1530 1529/1529/1529
f  1530/1530/1530 1531/1531/1531 1532/1532/1532
f  1533/1533/1533 1532/1532/1532 1531/1531/1531
f  1536/1536/1536 1535/1535/1535 1534/1534/1534
f  1535/1535/1535 1536/1536/1536 1537/1537/1537
f  1538/1538/1538 1537/1537/1537 1536/1536/1536
f  1537/1537/1537 1538/1538/1538 1539/1539/1539
f  1540/1540/1540 1539/1539/1539 1538/1538/1538
f  1543/1543/1543 1542/1542/1542 1541/1541/1541
f  1542/1542/1542 1543/1543/1543 1544/1544/1544
f  1545/1545/1545 1544/1544/1544 1543/1543/1543
f  1544/1544/1544 1545/1545/1545 1546/1546/1546
f  1547/1547/1547 1546/1546/1546 1545/1545/1545
f  1550/1550/1550 1549/1549/1549 1548/1548/1548
f  1549/1549/1549 1550/1550/1550 1551/1551/1551
f  1552/1552/1552 1551/1551/1551 1550/1550/1550
f  1551/1551/1551 1552/1552/1552 1553/1553/1553
f  1556/1556/1556 1555/1555/1555 1554/1554/1554
f  1555/1555/1555 1556/1556/1556 1557/1557/1557
f  1558/1558/1558 1557/1557/1557 1556/1556/1556
f  1557/1557/1557 1558/1558/1558 1559/1559/1559
f  1562/1562/1562 1561/1561/1561 1560/1560/1560
f  1563/1563/1563 1562/1562/1562 1560/1560/1560
f  1564/1564/1564 1563/1563/1563 1560/1560/1560
f  1565/1565/1565 1564/1564/1564 1560/1560/1560
f  1568/1568/1568 1567/1567/1567 1566/1566/1566
f  1567/1567/1567 1568/1568/1568 1569/1569/1569
f  1570/1570/1570 1569/1569/1569 1568/1568/1568
f  1569/1569/1569 1570/1570/1570 1571/1571/1571
f  1574/1574/1574 1573/1573/1573 1572/1572/1572
f  1575/1575/1575 1574/1574/1574 1572/1572/1572
f  1576/1576/1576 1575/1575/1575 1572/1572/1572
f  1577/1577/1577 1576/1576/1576 1572/1572/1572
f  1580/1580/1580 1579/1579/1579 1578/1578/1578
f  1579/1579/1579 1580/1580/1580 1581/1581/1581
f  1582/1582/1582 1581/1581/1581 1580/1580/1580
f  1581/1581/1581 1582/1582/1582 1583/1583/1583
f  1586/1586/1586 1585/1585/1585 1584/1584/1584
f  1585/1585/1585 1586/1586/1586 1587/1587/1587
f  1588/1588/1588 1587/1587/1587 1586/1586/1586
f  1587/1587/1587 1588/1588/1588 1589/1589/1589
f  1592/1592/1592 1591/1591/1591 1590/1590/1590
f  1591/1591/1591 1592/1592/1592 1593/1593/1593
f  1594/1594/1594 1593/1593/1593 1592/1592/1592
f  1593/1593/1593 1594/1594/1594 1595/1595/1595
f  1598/1598/1598 1597/1597/1597 1596/1596/1596
f  1597/1597/1597 1598/1598/1598 1599/1599/1599
f  1600/1600/1600 1599/1599/1599 1598/1598/1598
f  1599/1599/1599 1600/1600/1600 1601/1601/1601
f  1604/1604/1604 1603/1603/1603 1602/1602/1602
f  1605/1605/1605 1604/1604/1604 1602/1602/1602
f  1606/1606/1606 1605/1605/1605 1602/1602/1602
f  1607/1607/1607 1606/1606/1606 1602/1602/1602
f  1610/1610/1610 1609/1609/1609 1608/1608/1608
f  1611/1611/1611 1610/1610/1610 1608/1608/1608
f  1612/1612/1612 1611/1611/1611 1608/1608/1608
f  1613/1613/1613 1612/1612/1612 1608/1608/1608
f  1616/1616/1616 1615/1615/1615 1614/1614/1614
f  1617/1617/1617 1616/1616/1616 1614/1614/1614
f  1618/1618/1618 1617/1617/1617 1614/1614/1614
f  1619/1619/1619 1618/1618/1618 1614/1614/1614
f  1622/1622/1622 1621/1621/1621 1620/1620/1620
f  1621/1621/1621 1622/1622/1622 1623/1623/1623
f  1624/1624/1624 1623/1623/1623 1622/1622/1622
f  1623/1623/1623 1624/1624/1624 1625/1625/1625
f  1628/1628/1628 1627/1627/1627 1626/1626/1626
f  1629/1629/1629 1628/1628/1628 1626/1626/1626
f  1630/1630/1630 1629/1629/1629 1626/1626/1626
f  1631/1631/1631 1630/1630/1630 1626/1626/1626
f  1634/1634/1634 1633/1633/1633 1632/1632/1632
f  1633/1633/1633 1634/1634/1634 1635/1635/1635
f  1636/1636/1636 1635/1635/1635 1634/1634/1634
f  1635/1635/1635 1636/1636/1636 1637/1637/1637
f  1640/1640/1640 1639/1639/1639 1638/1638/1638
f  1641/1641/1641 1640/1640/1640 1638/1638/1638
f  1642/1642/1642 1641/1641/1641 1638/1638/1638
f  1643/1643/1643 1642/1642/1642 1638/1638/1638
f  1646/1646/1646 1645/1645/1645 1644/1644/1644
f  1645/1645/1645 1646/1646/1646 1647/1647/1647
f  1648/1648/1648 1647/1647/1647 1646/1646/1646
f  1647/1647/1647 1648/1648/1648 1649/1649/1649
f  1652/1652/1652 1651/1651/1651 1650/1650/1650
f  1651/1651/1651 1652/1652/1652 1653/1653/1653
f  1654/1654/1654 1653/1653/1653 1652/1652/1652
f  1653/1653/1653 1654/1654/1654 1655/1655/1655
f  1658/1658/1658 1657/1657/1657 1656/1656/1656
f  1657/1657/1657 1658/1658/1658 1659/1659/1659
f  1660/1660/1660 1659/1659/1659 1658/1658/1658
f  1659/1659/1659 1660/1660/1660 1661/1661/1661
f  1664/1664/1664 1663/1663/1663 1662/1662/1662
f  1665/1665/1665 1664/1664/1664 1662/1662/1662
f  1666/1666/1666 1665/1665/1665 1662/1662/1662
f  1667/1667/1667 1666/1666/1666 1662/1662/1662
f  1670/1670/1670 1669/1669/1669 1668/1668/1668
f  1671/1671/1671 1670/1670/1670 1668/1668/1668
f  1672/1672/1672 1671/1671/1671 1668/1668/1668
f  1673/1673/1673 1672/1672/1672 1668/1668/1668
f  1676/1676/1676 1675/1675/1675 1674/1674/1674
f  1675/1675/1675 1676/1676/1676 1677/1677/1677
f  1678/1678/1678 1677/1677/1677 1676/1676/1676
f  1681/1681/1681 1680/1680/1680 1679/1679/1679
f  1680/1680/1680 1681/1681/1681 1682/1682/1682
f  1683/1683/1683 1682/1682/1682 1681/1681/1681
f  1686/1686/1686 1685/1685/1685 1684/1684/1684
f  1685/1685/1685 1686/1686/1686 1687/1687/1687
f  1688/1688/1688 1687/1687/1687 1686/1686/1686
f  1691/1691/1691 1690/1690/1690 1689/1689/1689
f  1690/1690/1690 1691/1691/1691 1692/1692/1692
f  1693/1693/1693 1692/1692/1692 1691/1691/1691
f  1696/1696/1696 1695/1695/1695 1694/1694/1694
f  1695/1695/1695 1696/1696/1696 1697/1697/1697
f  1698/1698/1698 1697/1697/1697 1696/1696/1696
f  1701/1701/1701 1700/1700/1700 1699/1699/1699
f  1700/1700/1700 1701/1701/1701 1702/1702/1702
f  1703/1703/1703 1702/1702/1702 1701/1701/1701
f  1706/1706/1706 1705/1705/1705 1704/1704/1704
f  1705/1705/1705 1706/1706/1706 1707/1707/1707
f  1708/1708/1708 1707/1707/1707 1706/1706/1706
f  1711/1711/1711 1710/1710/1710 1709/1709/1709
f  1710/1710/1710 1711/1711/1711 1712/1712/1712
f  1713/1713/1713 1712/1712/1712 1711/1711/1711
f  1716/1716/1716 1715/1715/1715 1714/1714/1714
f  1715/1715/1715 1716/1716/1716 1717/1717/1717
f  1718/1718/1718 1717/1717/1717 1716/1716/1716
f  1721/1721/1721 1720/1720/1720 1719/1719/1719
f  1720/1720/1720 1721/1721/1721 1722/1722/1722
f  1723/1723/1723 1722/1722/1722 1721/1721/1721
f  1726/1726/1726 1725/1725/1725 1724/1724/1724
f  1725/1725/1725 1726/1726/1726 1727/1727/1727
f  1728/1728/1728 1727/1727/1727 1726/1726/1726
f  1731/1731/1731 1730/1730/1730 1729/1729/1729
f  1730/1730/1730 1731/1731/1731 1732/1732/1732
f  1733/1733/1733 1732/1732/1732 1731/1731/1731
f  1736/1736/1736 1735/1735/1735 1734/1734/1734
f  1735/1735/1735 1736/1736/1736 1737/1737/1737
f  1738/1738/1738 1737/1737/1737 1736/1736/1736
f  1741/1741/1741 1740/1740/1740 1739/1739/1739
f  1740/1740/1740 1741/1741/1741 1742/1742/1742
f  1743/1743/1743 1742/1742/1742 1741/1741/1741
f  1746/1746/1746 1745/1745/1745 1744/1744/1744
f  1745/1745/1745 1746/1746/1746 1747/1747/1747
f  1748/1748/1748 1747/1747/1747 1746/1746/1746
f  1751/1751/1751 1750/1750/1750 1749/1749/1749
f  1750/1750/1750 1751/1751/1751 1752/1752/1752
f  1753/1753/1753 1752/1752/1752 1751/1751/1751
f  1756/1756/1756 1755/1755/1755 1754/1754/1754
f  1755/1755/1755 1756/1756/1756 1757/1757/1757
f  1758/1758/1758 1757/1757/1757 1756/1756/1756
f  1761/1761/1761 1760/1760/1760 1759/1759/1759
f  1760/1760/1760 1761/1761/1761 1762/1762/1762
f  1763/1763/1763 1762/1762/1762 1761/1761/1761
f  1766/1766/1766 1765/1765/1765 1764/1764/1764
f  1765/1765/1765 1766/1766/1766 1767/1767/1767
f  1768/1768/1768 1767/1767/1767 1766/1766/1766
f  1771/1771/1771 1770/1770/1770 1769/1769/1769
f  1770/1770/1770 1771/1771/1771 1772/1772/1772
f  1773/1773/1773 1772/1772/1772 1771/1771/1771
f  1776/1776/1776 1775/1775/1775 1774/1774/1774
f  1775/1775/1775 1776/1776/1776 1777/1777/1777
f  1778/1778/1778 1777/1777/1777 1776/1776/1776
f  1781/1781/1781 1780/1780/1780 1779/1779/1779
f  1780/1780/1780 1781/1781/1781 1782/1782/1782
f  1783/1783/1783 1782/1782/1782 1781/1781/1781
f  1786/1786/1786 1785/1785/1785 1784/1784/1784
f  1785/1785/1785 1786/1786/1786 1787/1787/1787
f  1788/1788/1788 1787/1787/1787 1786/1786/1786
f  1791/1791/1791 1790/1790/1790 1789/1789/1789
f  1790/1790/1790 1791/1791/1791 1792/1792/1792
f  1793/1793/1793 1792/1792/1792 1791/1791/1791
f  1796/1796/1796 1795/1795/1795 1794/1794/1794
f  1795/1795/1795 1796/1796/1796 1797/1797/1797
f  1798/1798/1798 1797/1797/1797 1796/1796/1796
f  1801/1801/1801 1800/1800/1800 1799/1799/1799
f  1800/1800/1800 1801/1801/1801 1802/1802/1802
f  1803/1803/1803 1802/1802/1802 1801/1801/1801
f  1806/1806/1806 1805/1805/1805 1804/1804/1804
f  1805/1805/1805 1806/1806/1806 1807/1807/1807
f  1808/1808/1808 1807/1807/1807 1806/1806/1806
f  1811/1811/1811 1810/1810/1810 1809/1809/1809
f  1810/1810/1810 1811/1811/1811 1812/1812/1812
f  1813/1813/1813 1812/1812/1812 1811/1811/1811
f  1816/1816/1816 1815/1815/1815 1814/1814/1814
f  1815/1815/1815 1816/1816/1816 1817/1817/1817
f  1818/1818/1818 1817/1817/1817 1816/1816/1816
f  1821/1821/1821 1820/1820/1820 1819/1819/1819
f  1820/1820/1820 1821/1821/1821 1822/1822/1822
f  1825/1825/1825 1824/1824/1824 1823/1823/1823
f  1824/1824/1824 1825/1825/1825 1826/1826/1826
f  1829/1829/1829 1828/1828/1828 1827/1827/1827
f  1828/1828/1828 1829/1829/1829 1830/1830/1830
f  1833/1833/1833 1832/1832/1832 1831/1831/1831
f  1832/1832/1832 1833/1833/1833 1834/1834/1834
f  1837/1837/1837 1836/1836/1836 1835/1835/1835
f  1836/1836/1836 1837/1837/1837 1838/1838/1838
f  1841/1841/1841 1840/1840/1840 1839/1839/1839
f  1840/1840/1840 1841/1841/1841 1842/1842/1842
f  1845/1845/1845 1844/1844/1844 1843/1843/1843
f  1844/1844/1844 1845/1845/1845 1846/1846/1846
f  1849/1849/1849 1848/1848/1848 1847/1847/1847
f  1848/1848/1848 1849/1849/1849 1850/1850/1850
f  1853/1853/1853 1852/1852/1852 1851/1851/1851
f  1852/1852/1852 1853/1853/1853 1854/1854/1854
f  1857/1857/1857 1856/1856/1856 1855/1855/1855
f  1856/1856/1856 1857/1857/1857 1858/1858/1858
f  1861/1861/1861 1860/1860/1860 1859/1859/1859
f  1860/1860/1860 1861/1861/1861 1862/1862/1862
f  1865/1865/1865 1864/1864/1864 1863/1863/1863
f  1864/1864/1864 1865/1865/1865 1866/1866/1866
f  1869/1869/1869 1868/1868/1868 1867/1867/1867
f  1868/1868/1868 1869/1869/1869 1870/1870/1870
f  1873/1873/1873 1872/1872/1872 1871/1871/1871
f  1872/1872/1872 1873/1873/1873 1874/1874/1874
f  1877/1877/1877 1876/1876/1876 1875/1875/1875
f  1876/1876/1876 1877/1877/1877 1878/1878/1878
f  1881/1881/1881 1880/1880/1880 1879/1879/1879
f  1880/1880/1880 1881/1881/1881 1882/1882/1882
f  1885/1885/1885 1884/1884/1884 1883/1883/1883
f  1884/1884/1884 1885/1885/1885 1886/1886/1886
f  1889/1889/1889 1888/1888/1888 1887/1887/1887
f  1888/1888/1888 1889/1889/1889 1890/1890/1890
f  1893/1893/1893 1892/1892/1892 1891/1891/1891
f  1892/1892/1892 1893/1893/1893 1894/1894/1894
f  1897/1897/1897 1896/1896/1896 1895/1895/1895
f  1896/1896/1896 1897/1897/1897 1898/1898/1898
f  1901/1901/1901 1900/1900/1900 1899/1899/1899
f  1900/1900/1900 1901/1901/1901 1902/1902/1902
f  1905/1905/1905 1904/1904/1904 1903/1903/1903
f  1904/1904/1904 1905/1905/1905 1906/1906/1906
f  1909/1909/1909 1908/1908/1908 1907/1907/1907
f  1908/1908/1908 1909/1909/1909 1910/1910/1910
f  1913/1913/1913 1912/1912/1912 1911/1911/1911
f  1912/1912/1912 1913/1913/1913 1914/1914/1914
f  1917/1917/1917 1916/1916/1916 1915/1915/1915
f  1916/1916/1916 1917/1917/1917 1918/1918/1918
f  1921/1921/1921 1920/1920/1920 1919/1919/1919
f  1920/1920/1920 1921/1921/1921 1922/1922/1922
f  1925/1925/1925 1924/1924/1924 1923/1923/1923
f  1924/1924/1924 1925/1925/1925 1926/1926/1926
f  1929/1929/1929 1928/1928/1928 1927/1927/1927
f  1928/1928/1928 1929/1929/1929 1930/1930/1930
f  1933/1933/1933 1932/1932/1932 1931/1931/1931
f  1932/1932/1932 1933/1933/1933 1934/1934/1934
f  1937/1937/1937 1936/1936/1936 1935/1935/1935
f  1936/1936/1936 1937/1937/1937 1938/1938/1938
f  1941/1941/1941 1940/1940/1940 1939/1939/1939
f  1940/1940/1940 1941/1941/1941 1942/1942/1942
f  1945/1945/1945 1944/1944/1944 1943/1943/1943
f  1944/1944/1944 1945/1945/1945 1946/1946/1946
f  1949/1949/1949 1948/1948/1948 1947/1947/1947
f  1948/1948/1948 1949/1949/1949 1950/1950/1950
f  1953/1953/1953 1952/1952/1952 1951/1951/1951
f  1952/1952/1952 1953/1953/1953 1954/1954/1954
f  1957/1957/1957 1956/1956/1956 1955/1955/1955
f  1956/1956/1956 1957/1957/1957 1958/1958/1958
f  1961/1961/1961 1960/1960/1960 1959/1959/1959
f  1960/1960/1960 1961/1961/1961 1962/1962/1962
f  1965/1965/1965 1964/1964/1964 1963/1963/1963
f  1964/1964/1964 1965/1965/1965 1966/1966/1966
f  1969/1969/1969 1968/1968/1968 1967/1967/1967
f  1968/1968/1968 1969/1969/1969 1970/1970/1970
f  1973/1973/1973 1972/1972/1972 1971/1971/1971
f  1976/1976/1976 1975/1975/1975 1974/1974/1974
f  1979/1979/1979 1978/1978/1978 1977/1977/1977
f  1982/1982/1982 1981/1981/1981 1980/1980/1980
f  1985/1985/1985 1984/1984/1984 1983/1983/1983
f  1988/1988/1988 1987/1987/1987 1986/1986/1986
f  1991/1991/1991 1990/1990/1990 1989/1989/1989
f  1994/1994/1994 1993/1993/1993 1992/1992/1992
f  1997/1997/1997 1996/1996/1996 1995/1995/1995
f  2000/2000/2000 1999/1999/1999 1998/1998/1998
f  2003/2003/2003 2002/2002/2002 2001/2001/2001
f  2006/2006/2006 2005/2005/2005 2004/2004/2004
f  2009/2009/2009 2008/2008/2008 2007/2007/2007
f  2012/2012/2012 2011/2011/2011 2010/2010/2010
f  2015/2015/2015 2014/2014/2014 2013/2013/2013
f  2018/2018/2018 2017/2017/2017 2016/2016/2016
f  2021/2021/2021 2020/2020/2020 2019/2019/2019
f  2024/2024/2024 2023/2023/2023 2022/2022/2022
f  2027/2027/2027 2026/2026/2026 2025/2025/2025
f  2030/2030/2030 2029/2029/2029 2028/2028/2028
f  2033/2033/2033 2032/2032/2032 2031/2031/2031
f  2036/2036/2036 2035/2035/2035 2034/2034/2034
f  2039/2039/2039 2038/2038/2038 2037/2037/2037
f  2042/2042/2042 2041/2041/2041 2040/2040/2040
f  2045/2045/2045 2044/2044/2044 2043/2043/2043
f  2048/2048/2048 2047/2047/2047 2046/2046/2046
f  2051/2051/2051 2050/2050/2050 2049/2049/2049
f  2054/2054/2054 2053/2053/2053 2052/2052/2052
f  2057/2057/2057 2056/2056/2056 2055/2055/2055
f  2060/2060/2060 2059/2059/2059 2058/2058/2058
f  2063/2063/2063 2062/2062/2062 2061/2061/2061
f  2066/2066/2066 2065/2065/2065 2064/2064/2064
f  2069/2069/2069 2068/2068/2068 2067/2067/2067
f  2072/2072/2072 2071/2071/2071 2070/2070/2070
f  2075/2075/2075 2074/2074/2074 2073/2073/2073
f  2078/2078/2078 2077/2077/2077 2076/2076/2076
f  2081/2081/2081 2080/2080/2080 2079/2079/2079
f  2084/2084/2084 2083/2083/2083 2082/2082/2082
f  2087/2087/2087 2086/2086/2086 2085/2085/2085
f  2090/2090/2090 2089/2089/2089 2088/2088/2088
f  2093/2093/2093 2092/2092/2092 2091/2091/2091
f  2096/2096/2096 2095/2095/2095 2094/2094/2094
f  2099/2099/2099 2098/2098/2098 2097/2097/2097
f  2102/2102/2102 2101/2101/2101 2100/2100/2100
f  2105/2105/2105 2104/2104/2104 2103/2103/2103
f  2108/2108/2108 2107/2107/2107 2106/2106/2106
f  2111/2111/2111 2110/2110/2110 2109/2109/2109
f  2114/2114/2114 2113/2113/2113 2112/2112/2112
f  2117/2117/2117 2116/2116/2116 2115/2115/2115
f  2120/2120/2120 2119/2119/2119 2118/2118/2118
f  2123/2123/2123 2122/2122/2122 2121/2121/2121
f  2126/2126/2126 2125/2125/2125 2124/2124/2124
f  2129/2129/2129 2128/2128/2128 2127/2127/2127
f  2132/2132/2132 2131/2131/2131 2130/2130/2130
f  2135/2135/2135 2134/2134/2134 2133/2133/2133
f  2138/2138/2138 2137/2137/2137 2136/2136/2136
f  2141/2141/2141 2140/2140/2140 2139/2139/2139
f  2144/2144/2144 2143/2143/2143 2142/2142/2142
f  2147/2147/2147 2146/2146/2146 2145/2145/2145
f  2150/2150/2150 2149/2149/2149 2148/2148/2148
f  2153/2153/2153 2152/2152/2152 2151/2151/2151
f  2156/2156/2156 2155/2155/2155 2154/2154/2154
f  2159/2159/2159 2158/2158/2158 2157/2157/2157
f  2162/2162/2162 2161/2161/2161 2160/2160/2160
f  2165/2165/2165 2164/2164/2164 2163/2163/2163
f  2168/2168/2168 2167/2167/2167 2166/2166/2166
f  2171/2171/2171 2170/2170/2170 2169/2169/2169
f  2174/2174/2174 2173/2173/2173 2172/2172/2172
f  2177/2177/2177 2176/2176/2176 2175/2175/2175
f  2180/2180/2180 2179/2179/2179 2178/2178/2178
f  2183/2183/2183 2182/2182/2182 2181/2181/2181
f  2186/2186/2186 2185/2185/2185 2184/2184/2184
f  2189/2189/2189 2188/2188/2188 2187/2187/2187
f  2192/2192/2192 2191/2191/2191 2190/2190/2190
f  2195/2195/2195 2194/2194/2194 2193/2193/2193
f  2198/2198/2198 2197/2197/2197 2196/2196/2196
f  2201/2201/2201 2200/2200/2200 2199/2199/2199
f  2204/2204/2204 2203/2203/2203 2202/2202/2202
f  2207/2207/2207 2206/2206/2206 2205/2205/2205
f  2210/2210/2210 2209/2209/2209 2208/2208/2208
f  2213/2213/2213 2212/2212/2212 2211/2211/2211
f  2216/2216/2216 2215/2215/2215 2214/2214/2214
f  2219/2219/2219 2218/2218/2218 2217/2217/2217
f  2222/2222/2222 2221/2221/2221 2220/2220/2220

g
v  1.323864 -1.497255 64.958328
v  0.483871 0.193300 63.348907
v  0.383871 -0.286648 63.198742
v  0.283870 -0.816610 63.088558
v  0.413869 -1.216552 62.918423
v  0.583869 -1.626538 62.878281
v  0.753868 -1.936494 62.748177
v  0.373867 -2.056607 63.078133
v  0.503867 -2.406583 63.008015
v  0.313864 -2.776806 63.657887
v  0.223862 -3.077053 64.377785
v  -0.076137 -2.337114 64.558037
v  -0.246139 -2.367365 65.288025
v  -0.386140 -2.217650 66.118073
v  -0.516137 -1.267526 65.758400
v  -0.776136 -0.707471 65.598595
v  -0.766134 -0.007375 65.318832
v  -0.506134 -0.017444 65.518829
v  -0.236134 -0.007427 65.468834
v  0.023867 0.202710 65.068909
v  -0.166134 0.492435 65.869011
v  -0.266135 0.522284 66.309021
v  0.103867 1.152441 65.849236
v  0.193868 0.972592 65.409172
v  0.333869 0.682901 64.509071
v  0.613872 0.653262 63.459064
v  0.483871 0.193300 63.348907
v  1.063866 -0.137341 65.210793
v  -0.106138 -1.677486 65.640259
v  -0.506137 -1.457396 65.380333
v  -0.916137 -0.997536 65.790489
v  -0.926136 -0.797430 65.480560
v  -0.556135 -1.167162 64.700432
v  -0.476132 -0.796901 63.940563
v  -0.506132 -0.706843 63.770596
v  -0.506131 -0.616802 63.650623
v  -0.336130 0.083108 63.910866
v  0.383870 0.193186 63.680904
v  0.383871 0.243227 63.560925
v  0.953871 -0.066671 63.260818
v  0.973870 -0.456698 63.340683
v  1.453869 -0.956706 63.360512
v  1.423868 -1.576692 63.320301
v  1.363867 -1.776788 63.600231
v  1.363865 -1.926919 63.980179
v  1.443865 -1.897029 64.300186
v  1.463864 -1.857139 64.620201
v  1.303863 -2.017314 65.130150
v  1.003862 -2.117279 65.030113
v  0.693862 -2.187309 65.120087
v  0.433862 -2.067326 65.170128
v  0.353862 -1.977453 65.540161
v  0.123862 -1.747415 65.430237
v  -0.106138 -1.677486 65.640259
v  1.223869 0.242924 64.438919
v  1.133863 -2.137145 64.638100
v  1.443863 -2.177248 64.938087
v  0.963862 -2.117319 65.148109
v  0.973861 -2.187423 65.448082
v  0.953861 -2.177543 65.798088
v  0.963860 -2.047615 66.008133
v  0.243861 -1.667641 66.088264
v  -0.226139 -0.907809 66.578522
v  -0.466138 -1.247547 65.818405
v  -0.506138 -1.437478 65.618340
v  -0.606136 -1.287371 65.308388
v  -0.556136 -1.327278 65.038376
v  -0.806134 -1.087089 64.488457
v  -0.876132 -0.706927 64.018585
v  -0.466130 -0.686612 63.098598
v  0.233870 -1.256362 62.368404
v  0.573869 -1.486470 62.678326
v  0.833869 -1.496453 62.628323
v  1.003868 -1.726570 62.968243
v  0.973868 -1.696594 63.038254
v  0.863866 -1.856776 63.568199
v  1.053866 -1.966859 63.808159
v  0.913864 -2.117075 64.438110
v  1.133863 -2.137145 64.638100
v  -1.076135 -1.007294 65.085495
v  1.123863 -0.637718 66.305626
v  1.003861 -1.797587 65.925224
v  0.903863 -1.987284 65.045158
v  0.763860 -2.847428 65.464867
v  0.563862 -2.807194 64.784874
v  0.323863 -2.706953 64.084908
v  0.233866 -2.356691 63.325031
v  0.043868 -1.956474 62.695168
v  -0.296131 -1.896439 62.595188
v  -0.666131 -1.796359 62.365223
v  -0.276130 -1.466391 62.455338
v  -0.026130 -1.136443 62.605450
v  0.143871 -0.746468 62.675583
v  0.253871 -0.336537 62.875725
v  0.183872 0.153422 62.995895
v  0.433870 0.103153 63.775879
v  0.303870 0.453116 63.885998
v  0.513869 0.632830 64.716057
v  0.713868 0.942534 65.576164
v  0.823866 0.962379 66.026176
v  1.033864 0.412220 66.485985
v  1.123863 -0.077821 66.605820
v  1.123863 -0.637718 66.305626
v  -0.586134 -1.906793 63.626183
v  1.033865 -0.737354 65.246590
v  1.233865 -0.977292 65.066505
v  1.563862 -1.347571 65.876381
v  1.483863 -1.437420 65.436348
v  1.303864 -1.917127 64.586182
v  1.103865 -2.086879 63.866127
v  1.173865 -2.406869 63.836018
v  0.933867 -2.196597 63.046089
v  0.853868 -1.776610 63.086231
v  0.743869 -1.286610 63.086399
v  0.503870 -0.856613 63.096546
v  -0.226129 -0.376619 63.116711
v  -0.716129 -0.166679 63.296780
v  -1.066131 -0.256823 63.716751
v  -0.776131 -0.186975 64.156776
v  -0.736132 0.162815 64.766891
v  -1.016133 0.452637 65.286995
v  -0.096133 0.202638 65.276909
v  0.203867 -0.057283 65.046822
v  1.033865 -0.737354 65.246590
v  0.263866 0.122511 65.644875
v  0.733871 0.423242 63.514980
v  1.083871 0.373194 63.654964
v  1.333869 0.082966 64.314865
v  1.443866 -0.267306 65.104744
v  1.603864 -0.437526 65.744690
v  1.723863 -0.567729 66.334641
v  1.503861 -1.247742 66.374405
v  0.933861 -1.907490 65.644180
v  0.393861 -2.147509 65.704094
v  0.203862 -2.117303 65.104103
v  0.143862 -2.137289 65.064102
v  -0.096137 -2.197189 64.774078
v  -0.316138 -2.387236 64.914009
v  -1.206133 -0.627121 64.584618
v  -0.826128 -0.376445 62.614704
v  -0.286128 -0.056535 62.874813
v  0.313872 0.463336 63.244995
v  0.733871 0.423242 63.514980
v  -0.846134 -0.977121 64.582497
v  0.373862 -2.767141 64.631889
v  0.403863 -2.657037 64.331924
v  0.303864 -2.656945 64.061928
v  0.523865 -2.466794 63.621990
v  0.333865 -2.686683 63.301914
v  0.683867 -2.126657 63.222107
v  0.953868 -1.416637 63.162354
v  0.953871 -0.396493 62.742702
v  1.173870 -0.286768 63.542740
v  1.233871 0.733073 64.003090
v  1.243869 0.482867 64.603004
v  1.173867 0.212651 65.232910
v  1.043865 0.182393 65.982903
v  0.943864 -0.647548 65.812614
v  0.543861 -1.477702 66.262329
v  0.143861 -2.267515 65.722061
v  0.343862 -2.637220 64.861931
v  0.373862 -2.767141 64.631889
v  1.263868 -1.136773 63.557446
v  -0.166130 -0.986523 62.837494
v  0.153869 -1.766475 62.697227
v  -0.166133 -1.876749 63.497189
v  -0.036135 -2.236897 63.927067
v  0.203863 -2.427053 64.376999
v  0.093863 -2.417152 64.667007
v  0.133862 -2.517262 64.986969
v  0.163862 -2.367342 65.217018
v  0.323860 -1.977634 66.067154
v  1.263864 -0.407516 65.717697
v  -0.516135 0.452298 66.267990
v  -0.636133 0.472553 65.527992
v  -0.706135 -0.667367 65.297600
v  -0.806133 -0.347127 64.597710
v  -0.706132 -0.327017 64.277718
v  -0.646130 0.043117 63.887848
v  -0.426129 -0.076595 63.047806
v  -0.166130 -0.986523 62.837494
v  1.303864 -0.937417 65.429520
v  0.483867 -1.796728 63.429222
v  0.433865 -2.156965 64.119095
v  -0.106137 -1.837269 65.009209
v  -0.256138 -1.857486 65.639198
v  -0.566137 -1.067551 65.829468
v  -0.786136 -0.197591 65.949768
v  -0.656134 -0.047382 65.339821
v  -0.476136 -0.967351 65.249504
v  -0.446133 -0.547066 64.419647
v  -0.126131 -0.226823 63.709759
v  -0.256130 0.143116 63.889889
v  1.203870 0.183171 63.719906
v  1.243870 -0.766636 63.159576
v  0.553869 -0.876683 63.299538
v  0.393868 -1.586624 63.129295
v  0.413868 -1.686666 63.249260
v  0.483867 -1.796728 63.429222
v  -0.686133 -0.867022 64.291542
v  -0.086137 -0.577614 66.011642
v  -0.706137 -0.657654 66.131615
v  -0.496140 -1.897678 66.201187
v  0.113861 -1.897608 65.991188
v  0.573861 -2.257443 65.511063
v  0.633861 -2.997216 64.850807
v  0.883863 -2.337121 64.571037
v  1.013865 -2.316836 63.741047
v  1.213867 -1.296860 63.811398
v  1.173870 -0.316785 63.591732
v  1.053872 0.233349 63.201923
v  0.723874 0.853487 62.802135
v  0.703871 0.853123 63.862133
v  0.303870 0.992931 64.422180
v  0.413868 0.522752 64.942017
v  0.223867 0.342595 65.401955
v  -0.086137 -0.577614 66.011642
v  -0.406134 -1.456919 63.992336
v  -1.136138 -1.437581 65.922340
v  -0.576139 -1.627610 66.002281
v  -0.016141 -2.407662 66.152008
v  0.503860 -2.257647 66.102066
v  1.113860 -2.207582 65.912086
v  1.473863 -1.387415 65.422363
v  1.683865 -1.207264 64.982430
v  1.613867 -0.637085 64.462624
v  1.923868 -0.796897 63.912571
v  1.873870 -0.716536 62.862598
v  0.803871 0.103274 63.422878
v  0.283870 0.233079 63.992920
v  -0.566129 0.413177 63.712978
v  -0.606131 0.292919 64.462936
v  -0.626134 -0.097311 65.132805
v  -1.416135 -0.607385 65.352631
v  -1.136138 -1.437581 65.922340
v  1.183866 -1.906903 63.934185
v  1.003862 -1.427494 65.654350
v  0.803866 -0.497315 65.134666
v  1.573867 -0.137189 64.764793
v  1.543869 0.223021 64.154915
v  1.503871 0.363258 63.464966
v  0.693870 0.173174 63.714901
v  0.193871 0.093360 63.174870
v  -0.956131 -0.746788 63.614578
v  -1.086133 -1.256946 64.074402
v  -1.046136 -1.847094 64.504204
v  -0.906137 -1.997238 64.924149
v  -0.556136 -1.377308 65.124367
v  -0.176139 -2.177474 65.604088
v  0.413860 -2.217537 65.784081
v  0.953860 -2.347552 65.824036
v  1.533862 -1.577491 65.644302
v  1.003862 -1.427494 65.654350
v  1.093869 -0.206941 64.046768
v  1.123866 -2.296759 63.516052
v  1.183864 -2.176989 64.186089
v  1.263863 -1.917223 64.866180
v  1.273862 -1.607430 65.466286
v  1.203863 -0.797577 65.896568
v  1.113864 -0.077656 66.126816
v  0.443865 0.192386 66.006905
v  0.023865 -0.067499 65.676811
v  -0.346134 -0.277330 65.186737
v  -0.586132 0.382780 64.866966
v  -0.666131 0.292970 64.316933
v  -0.766129 0.203234 63.546906
v  -0.596131 -0.906631 63.156525
v  -0.056132 -1.396712 63.386356
v  0.433867 -2.056558 62.936131
v  1.083867 -2.396569 62.966015
v  1.123866 -2.296759 63.516052
v  1.673866 -1.027083 64.456490
v  -0.756135 -0.597353 65.256630
v  -0.666132 0.282743 64.976929
v  -0.636131 0.242921 64.456917
v  -0.366129 0.723079 63.997082
v  -0.246128 0.623247 63.507050
v  -0.026127 0.153525 62.696888
v  -0.276129 -0.036643 63.186821
v  -0.516128 0.063392 63.086857
v  -0.736128 0.043444 62.936848
v  -0.776130 -0.546617 63.116646
v  -0.566131 -1.056645 63.196472
v  -0.516135 -2.096828 63.726112
v  -0.476136 -2.476972 64.145981
v  -0.586137 -2.477071 64.435982
v  -0.476139 -2.707285 65.055901
v  -0.606137 -1.567425 65.466293
v  0.503869 0.452876 64.581993
v  1.753867 -0.926951 64.071526
v  1.903867 -0.627086 64.461624
v  1.713865 -0.807254 64.951561
v  1.773865 -0.807347 65.221565
v  -0.176134 0.342472 65.761955
v  -1.246138 -1.697515 65.731255
v  -1.286137 -1.687395 65.381256
v  -1.346136 -1.577292 65.081291
v  -0.936136 -1.737241 64.931236
v  -1.256135 -1.597130 64.611282
v  -1.436135 -1.507064 64.421318
v  -1.296133 -1.416869 63.851349
v  -1.426133 -1.306803 63.661385
v  -0.316127 0.413528 62.691978
v  1.363869 -0.906634 63.151531
v  -0.836137 -1.327376 65.323380
v  1.103863 -0.727580 65.903587
v  1.043861 -1.587648 66.103294
v  0.943860 -2.517586 65.922974
v  1.053861 -2.587328 65.172951
v  1.163863 -2.347126 64.583031
v  1.193865 -2.066913 63.963127
v  1.323865 -1.507044 64.343323
v  1.273867 -0.947002 64.223511
v  0.983869 -0.346833 63.733719
v  0.443872 -0.026547 62.903828
v  0.533871 0.253298 63.353924
v  0.623871 0.513133 63.834015
v  0.753868 0.582751 64.944038
v  1.073866 -0.117425 65.453796
v  1.103863 -0.727580 65.903587
v  -1.116134 -1.167079 64.460434
v  0.053862 -2.277267 65.000061
v  0.553863 -1.957251 64.950172
v  0.623864 -2.227027 64.300079
v  0.653865 -2.276842 63.760059
v  1.063867 -1.666808 63.660271
v  1.363869 -0.846654 63.210552
v  1.493870 -0.016754 63.500839
v  1.393869 0.052995 64.230865
v  1.303867 -0.687105 64.520607
v  1.133867 0.092693 65.110878
v  0.673866 0.362542 65.550964
v  0.093866 0.322454 65.810951
v  -0.486137 -1.117554 65.840454
v  -0.536138 -1.857448 65.530197
v  0.053862 -2.277267 65.000061
v  1.103868 -1.026793 63.615486
v  0.133861 -3.007152 64.664803
v  0.433861 -2.757338 65.204887
v  0.873860 -2.417480 65.615005
v  1.013862 -1.157563 65.855438
v  1.173866 0.102491 65.695877
v  0.553866 0.212544 65.545914
v  0.253869 1.012765 64.906189
v  -0.226132 0.442801 64.805992
v  -0.356130 0.572959 64.346031
v  -0.666130 -0.466710 63.385677
v  -0.576132 -1.546662 63.245304
v  -0.376134 -2.396604 63.075012
v  -0.266135 -2.436869 63.845001
v  -0.216137 -2.377065 64.415016
v  0.133861 -3.007152 64.664803
v  0.803861 -2.167432 65.477097
v  1.643870 -0.486699 63.337677
v  0.473870 -0.676624 63.127609
v  -0.266131 -1.156633 63.157440
v  -0.476132 -1.576632 63.157295
v  -0.796134 -1.676968 64.137260
v  -0.946136 -1.267274 65.027405
v  -0.986136 -0.997432 65.487495
v  -1.026137 -0.757580 65.917580
v  0.073865 -0.047476 65.607826
v  1.323867 0.192621 65.317909
v  1.683867 -0.167194 64.777786
v  1.713868 -0.536988 64.177658
v  1.373869 -0.546825 63.707657
v  1.643870 -0.486699 63.337677
v  1.523863 -2.137199 64.795105
v  -0.766137 -2.617029 64.314934
v  -0.626139 -2.467425 65.464989
v  -0.376139 -1.467725 66.335327
v  -0.426137 -0.877598 65.965530
v  -0.346135 -0.307447 65.525726
v  0.873868 0.542740 64.976021
v  0.953871 0.533156 63.766022
v  0.943873 0.293475 62.835938
v  -0.216129 -0.326622 63.125721
v  -0.106129 -0.606474 62.695625
v  -0.516131 -1.266611 63.095398
v  -0.746134 -1.846775 63.575199
v  -0.836135 -1.796947 64.075218
v  -0.766137 -2.617029 64.314934
v  -0.446137 -2.077143 64.644119
v  2.213865 -1.027252 64.944489
v  2.083867 -1.096867 63.824463
v  1.973868 -1.346705 63.354378
v  0.123867 -2.216584 63.014076
v  -1.606130 -0.416732 63.454689
v  -1.656132 -0.227065 64.424751
v  -1.686135 -0.257467 65.594742
v  -1.196136 -0.217664 66.164757
v  -0.336135 0.112419 65.914871
v  0.533864 -0.187692 66.234772
v  1.083865 -0.207504 65.684769
v  2.213865 -1.027252 64.944489
v  0.213869 -0.796701 63.353565
v  -0.896133 0.432641 65.273987
v  -1.166136 -0.827406 65.413551
v  -0.496139 -2.417394 65.373009
v  0.283861 -2.647392 65.362930
v  0.943860 -3.077276 65.022781
v  1.043861 -2.407397 65.373016
v  1.683864 -0.837412 65.413551
v  1.413867 0.422639 65.263985
v  0.883867 0.312599 65.383949
v  0.283869 1.062693 65.114204
v  -0.336133 0.322599 65.393951
v  -0.896133 0.432641 65.273987
v  -1.206133 -0.627121 64.584618
v  -0.316138 -2.387236 64.914009
v  -0.386137 -2.457095 64.503990
v  -0.336136 -2.346995 64.214027
v  -0.316135 -2.196896 63.924076
v  -0.586134 -2.276775 63.574051
v  -0.366134 -2.296669 63.264042
v  -0.336133 -2.126542 62.894104
v  -0.346132 -1.916456 62.644173
v  -0.346130 -1.286463 62.664391
v  -0.846129 -0.786476 62.704563
v  -0.826128 -0.376445 62.614704
v  -0.316127 0.413528 62.691978
v  -1.056130 -1.356436 62.591370
v  -0.736130 -1.516420 62.541313
v  -0.456131 -1.606413 62.521286
v  -0.186130 -1.516411 62.511314
v  0.123870 -1.356411 62.511372
v  0.353871 -1.096370 62.391460
v  0.573870 -1.046440 62.591480
v  0.623870 -1.016450 62.621490
v  0.853869 -1.166633 63.151440
v  1.363869 -0.906634 63.151531
v  -0.176134 0.342472 65.761955
v  1.773865 -0.807347 65.221565
v  1.713864 -0.967453 65.531509
v  1.663864 -0.797525 65.741570
v  1.373863 -0.477789 66.511673
v  0.933861 -1.007812 66.581497
v  0.253860 -1.407804 66.561356
v  -0.496139 -1.797582 65.921219
v  -1.216138 -1.577591 65.951294
v  -1.246138 -1.697515 65.731255
v  -0.446130 0.013161 63.759846
v  -1.006136 -0.437567 65.879684
v  -1.026137 -1.227426 65.469414
v  -1.086136 -1.527223 64.879311
v  -1.116135 -1.796989 64.199219
v  -1.076134 -1.936755 63.519173
v  -0.316133 -2.236530 62.859070
v  0.383866 -1.986731 63.439159
v  1.093867 -1.566746 63.479305
v  0.293870 0.403825 58.144093
v  2.623869 0.083822 58.143719
v  1.293865 -2.485722 57.750740
v  -0.676136 -2.505696 57.730721
v  -2.006131 0.073829 58.143711
v  -1.006127 2.563617 58.326595
v  1.613873 2.563613 58.326595
v  2.623869 0.083822 58.143719
v  -0.446130 0.013161 63.759846
v  1.613867 -0.846957 64.089554
v  1.593866 -0.727160 64.679596
v  1.453865 -0.427373 65.299698
v  1.013864 -0.787423 65.449570
v  0.333864 -0.407594 65.949699
v  -0.316136 0.062339 66.149864
v  1.203870 0.183171 63.719906
v  -0.256130 0.143116 63.889889
v  0.143871 0.193238 63.529907
v  0.643870 -0.166704 63.359783
v  1.223870 -0.696595 63.039604
v  1.243870 -0.766636 63.159576
v  0.123867 -2.216584 63.014076
v  1.973868 -1.346705 63.354378
v  0.953870 -0.806514 62.804562
v  0.973870 -0.356700 63.344715
v  -0.366129 -0.086628 63.144806
v  -1.606130 -0.416732 63.454689
v  1.673866 -1.027083 64.456490
v  -0.606137 -1.567425 65.466293
v  -0.446139 -1.487677 66.196320
v  -0.506137 -0.507718 66.316658
v  -0.756135 -0.597353 65.256630
v  -0.606137 -1.567425 65.466293
v  -1.056130 -1.356436 62.591370
v  -1.166131 -1.276556 62.941395
v  -0.316127 0.413528 62.691978
v  -1.266129 -1.096395 62.471458
v  -1.056130 -1.356436 62.591370
v  -1.426133 -1.306803 63.661385
v  -1.246131 -1.216611 63.101418
v  -0.316127 0.413528 62.691978
v  -1.206131 -1.256584 63.021404
v  -1.166131 -1.276556 62.941395
v  1.753867 -0.926951 64.071526
v  1.363869 -0.906634 63.151531
v  0.503869 0.452876 64.581993
v  1.993869 -0.286948 64.061745
v  1.753867 -0.926951 64.071526
v  0.323860 -1.977634 66.067154
v  -0.256138 -1.537547 65.817307
v  1.263864 -0.407516 65.717697
v  -0.426136 -0.367647 66.107704
v  -0.516135 0.452298 66.267990
v  -1.006136 -0.437567 65.879684
v  -0.316136 0.062339 66.149864
v  -0.446130 0.013161 63.759846
v  -1.006135 0.252354 66.109924
v  -1.006136 -0.437567 65.879684
v  1.613867 -0.846957 64.089554
v  1.093867 -1.566746 63.479305
v  -0.446130 0.013161 63.759846
v  1.543868 -0.986747 63.479504
v  1.613867 -0.846957 64.089554
v  -0.316133 -2.236530 62.859070
v  -0.446130 0.013161 63.759846
v  -1.036133 -2.056566 62.969131
v  -1.076134 -1.936755 63.519173
v  0.653865 -2.276842 63.760059
v  0.613866 -2.356649 63.200031
v  -1.116134 -1.167079 64.460434
v  1.063867 -1.666808 63.660271
v  -0.496139 -2.417394 65.373009
v  0.213869 -0.796701 63.353565
v  -1.206138 -2.117334 65.203110
v  -1.166136 -0.827406 65.413551
v  1.323864 -1.497255 64.958328
v  0.483871 0.193300 63.348907
v  0.023867 0.202710 65.068909
v  -0.176134 0.342472 65.761955
v  -0.496139 -1.797582 65.921219
v  -1.246138 -1.697515 65.731255

vt  0.681818 -0.578125 0.000000
vt  0.848485 -0.445313 0.000000
vt  0.863636 -0.484375 0.000000
vt  0.886364 -0.531250 0.000000
vt  0.916667 -0.562500 0.000000
vt  0.931818 -0.601563 0.000000
vt  0.962121 -0.625000 0.000000
vt  0.924242 -0.640625 0.000000
vt  0.946970 -0.679688 0.000000
vt  0.878788 -0.726563 0.000000
vt  0.810606 -0.781250 0.000000
vt  0.772727 -0.695313 0.000000
vt  0.704545 -0.718750 0.000000
vt  0.606061 -0.734375 0.000000
vt  0.643939 -0.625000 0.000000
vt  0.643939 -0.570313 0.000000
vt  0.659091 -0.507813 0.000000
vt  0.636364 -0.507813 0.000000
vt  0.628788 -0.523438 0.000000
vt  0.681818 -0.492188 0.000000
vt  0.583333 -0.468750 0.000000
vt  0.530303 -0.468750 0.000000
vt  0.560606 -0.390625 0.000000
vt  0.621212 -0.406250 0.000000
vt  0.719697 -0.421875 0.000000
vt  0.833333 -0.398438 0.000000
vt  0.848485 -0.445313 0.000000
vt  0.189394 -0.562500 0.000000
vt  0.340909 -0.664063 0.000000
vt  0.371212 -0.617188 0.000000
vt  0.439394 -0.562500 0.000000
vt  0.409091 -0.515625 0.000000
vt  0.295455 -0.476563 0.000000
vt  0.234848 -0.390625 0.000000
vt  0.227273 -0.359375 0.000000
vt  0.212121 -0.335938 0.000000
vt  0.196970 -0.382813 0.000000
vt  0.136364 -0.468750 0.000000
vt  0.121212 -0.445313 0.000000
vt  0.045455 -0.492188 0.000000
vt  0.053030 -0.507813 0.000000
vt  0.015152 -0.546875 0.000000
vt  0.007576 -0.578125 0.000000
vt  0.037879 -0.609375 0.000000
vt  0.068182 -0.664063 0.000000
vt  0.090909 -0.718750 0.000000
vt  0.113636 -0.765625 0.000000
vt  0.166667 -0.820313 0.000000
vt  0.189394 -0.757813 0.000000
vt  0.227273 -0.718750 0.000000
vt  0.250000 -0.679688 0.000000
vt  0.287879 -0.726563 0.000000
vt  0.303030 -0.664063 0.000000
vt  0.340909 -0.664063 0.000000
vt  0.477273 -0.343750 0.000000
vt  0.628788 -0.250000 0.000000
vt  0.674242 -0.187500 0.000000
vt  0.583333 -0.203125 0.000000
vt  0.575758 -0.164063 0.000000
vt  0.553030 -0.117188 0.000000
vt  0.545455 -0.093750 0.000000
vt  0.424242 -0.140625 0.000000
vt  0.310606 -0.101563 0.000000
vt  0.325758 -0.226563 0.000000
vt  0.333333 -0.250000 0.000000
vt  0.340909 -0.296875 0.000000
vt  0.371212 -0.320313 0.000000
vt  0.356061 -0.382813 0.000000
vt  0.356061 -0.445313 0.000000
vt  0.446970 -0.531250 0.000000
vt  0.598485 -0.585938 0.000000
vt  0.643939 -0.515625 0.000000
vt  0.689394 -0.500000 0.000000
vt  0.696970 -0.445313 0.000000
vt  0.689394 -0.437500 0.000000
vt  0.636364 -0.382813 0.000000
vt  0.651515 -0.343750 0.000000
vt  0.598485 -0.289063 0.000000
vt  0.628788 -0.250000 0.000000
vt  0.242424 -0.648438 0.000000
vt  0.174242 -0.773438 0.000000
vt  0.250000 -0.789063 0.000000
vt  0.272727 -0.718750 0.000000
vt  0.325758 -0.804688 0.000000
vt  0.333333 -0.750000 0.000000
vt  0.340909 -0.687500 0.000000
vt  0.333333 -0.625000 0.000000
vt  0.325758 -0.554688 0.000000
vt  0.325758 -0.546875 0.000000
vt  0.325758 -0.515625 0.000000
vt  0.295455 -0.515625 0.000000
vt  0.272727 -0.515625 0.000000
vt  0.250000 -0.507813 0.000000
vt  0.219697 -0.507813 0.000000
vt  0.189394 -0.492188 0.000000
vt  0.181818 -0.570313 0.000000
vt  0.159091 -0.554688 0.000000
vt  0.136364 -0.601563 0.000000
vt  0.090909 -0.648438 0.000000
vt  0.075758 -0.687500 0.000000
vt  0.098485 -0.750000 0.000000
vt  0.128788 -0.773438 0.000000
vt  0.174242 -0.773438 0.000000
vt  0.750000 -0.218750 0.000000
vt  0.750000 -0.085938 0.000000
vt  0.689394 -0.070313 0.000000
vt  0.651515 -0.117188 0.000000
vt  0.606061 -0.156250 0.000000
vt  0.628788 -0.265625 0.000000
vt  0.674242 -0.335938 0.000000
vt  0.712121 -0.390625 0.000000
vt  0.795455 -0.437500 0.000000
vt  0.833333 -0.382813 0.000000
vt  0.878788 -0.328125 0.000000
vt  0.916667 -0.289063 0.000000
vt  0.962121 -0.242188 0.000000
vt  0.977273 -0.210938 0.000000
vt  0.931818 -0.179688 0.000000
vt  0.893939 -0.140625 0.000000
vt  0.886364 -0.101563 0.000000
vt  0.878788 -0.023438 0.000000
vt  0.833333 -0.031250 0.000000
vt  0.795455 -0.000000 0.000000
vt  0.750000 -0.085938 0.000000
vt  0.234848 -0.632813 0.000000
vt  0.174242 -0.796875 0.000000
vt  0.136364 -0.789063 0.000000
vt  0.113636 -0.750000 0.000000
vt  0.106061 -0.710938 0.000000
vt  0.075758 -0.695313 0.000000
vt  0.053030 -0.679688 0.000000
vt  0.083333 -0.593750 0.000000
vt  0.159091 -0.523438 0.000000
vt  0.212121 -0.492188 0.000000
vt  0.234848 -0.507813 0.000000
vt  0.242424 -0.507813 0.000000
vt  0.265152 -0.500000 0.000000
vt  0.287879 -0.468750 0.000000
vt  0.378788 -0.671875 0.000000
vt  0.348485 -0.710938 0.000000
vt  0.287879 -0.742188 0.000000
vt  0.219697 -0.804688 0.000000
vt  0.174242 -0.796875 0.000000
vt  0.583333 -0.507813 0.000000
vt  0.439394 -0.382813 0.000000
vt  0.431818 -0.421875 0.000000
vt  0.416667 -0.445313 0.000000
vt  0.401515 -0.500000 0.000000
vt  0.356061 -0.507813 0.000000
vt  0.409091 -0.554688 0.000000
vt  0.469697 -0.609375 0.000000
vt  0.537879 -0.726563 0.000000
vt  0.598485 -0.648438 0.000000
vt  0.727273 -0.695313 0.000000
vt  0.734848 -0.617188 0.000000
vt  0.750000 -0.546875 0.000000
vt  0.803030 -0.476563 0.000000
vt  0.704545 -0.437500 0.000000
vt  0.659091 -0.335938 0.000000
vt  0.553030 -0.328125 0.000000
vt  0.469697 -0.375000 0.000000
vt  0.439394 -0.382813 0.000000
vt  0.484848 -0.398438 0.000000
vt  0.530303 -0.562500 0.000000
vt  0.424242 -0.601563 0.000000
vt  0.409091 -0.484375 0.000000
vt  0.363636 -0.445313 0.000000
vt  0.333333 -0.390625 0.000000
vt  0.325758 -0.359375 0.000000
vt  0.303030 -0.320313 0.000000
vt  0.325758 -0.296875 0.000000
vt  0.363636 -0.179688 0.000000
vt  0.583333 -0.171875 0.000000
vt  0.704545 -0.101563 0.000000
vt  0.712121 -0.203125 0.000000
vt  0.545455 -0.265625 0.000000
vt  0.590909 -0.335938 0.000000
vt  0.598485 -0.375000 0.000000
vt  0.659091 -0.414063 0.000000
vt  0.659091 -0.523438 0.000000
vt  0.530303 -0.562500 0.000000
vt  0.439394 -0.507813 0.000000
vt  0.227273 -0.554688 0.000000
vt  0.272727 -0.640625 0.000000
vt  0.378788 -0.648438 0.000000
vt  0.431818 -0.710938 0.000000
vt  0.515152 -0.625000 0.000000
vt  0.613636 -0.523438 0.000000
vt  0.553030 -0.460938 0.000000
vt  0.462121 -0.562500 0.000000
vt  0.416667 -0.476563 0.000000
vt  0.340909 -0.390625 0.000000
vt  0.386364 -0.351563 0.000000
vt  0.416667 -0.218750 0.000000
vt  0.280303 -0.406250 0.000000
vt  0.295455 -0.437500 0.000000
vt  0.212121 -0.507813 0.000000
vt  0.219697 -0.531250 0.000000
vt  0.227273 -0.554688 0.000000
vt  0.318182 -0.312500 0.000000
vt  0.159091 -0.312500 0.000000
vt  0.143939 -0.250000 0.000000
vt  0.212121 -0.164063 0.000000
vt  0.242424 -0.179688 0.000000
vt  0.318182 -0.179688 0.000000
vt  0.446970 -0.148438 0.000000
vt  0.431818 -0.210938 0.000000
vt  0.530303 -0.250000 0.000000
vt  0.454545 -0.304688 0.000000
vt  0.424242 -0.375000 0.000000
vt  0.446970 -0.437500 0.000000
vt  0.462121 -0.500000 0.000000
vt  0.325758 -0.445313 0.000000
vt  0.250000 -0.429688 0.000000
vt  0.227273 -0.375000 0.000000
vt  0.181818 -0.343750 0.000000
vt  0.159091 -0.312500 0.000000
vt  0.257576 -0.507813 0.000000
vt  0.113636 -0.632813 0.000000
vt  0.174242 -0.617188 0.000000
vt  0.242424 -0.617188 0.000000
vt  0.303030 -0.593750 0.000000
vt  0.363636 -0.562500 0.000000
vt  0.378788 -0.507813 0.000000
vt  0.386364 -0.468750 0.000000
vt  0.356061 -0.437500 0.000000
vt  0.386364 -0.375000 0.000000
vt  0.348485 -0.289063 0.000000
vt  0.242424 -0.375000 0.000000
vt  0.212121 -0.437500 0.000000
vt  0.106061 -0.437500 0.000000
vt  0.128788 -0.492188 0.000000
vt  0.098485 -0.539063 0.000000
vt  0.060606 -0.593750 0.000000
vt  0.113636 -0.632813 0.000000
vt  0.666667 -0.609375 0.000000
vt  0.772727 -0.437500 0.000000
vt  0.772727 -0.500000 0.000000
vt  0.803030 -0.539063 0.000000
vt  0.833333 -0.593750 0.000000
vt  0.840909 -0.648438 0.000000
vt  0.750000 -0.656250 0.000000
vt  0.734848 -0.726563 0.000000
vt  0.606061 -0.734375 0.000000
vt  0.575758 -0.695313 0.000000
vt  0.553030 -0.656250 0.000000
vt  0.545455 -0.617188 0.000000
vt  0.583333 -0.585938 0.000000
vt  0.575758 -0.523438 0.000000
vt  0.621212 -0.484375 0.000000
vt  0.666667 -0.453125 0.000000
vt  0.727273 -0.453125 0.000000
vt  0.772727 -0.437500 0.000000
vt  0.621212 -0.531250 0.000000
vt  0.537879 -0.375000 0.000000
vt  0.621212 -0.398438 0.000000
vt  0.689394 -0.437500 0.000000
vt  0.757576 -0.484375 0.000000
vt  0.795455 -0.585938 0.000000
vt  0.818182 -0.671875 0.000000
vt  0.803030 -0.703125 0.000000
vt  0.742424 -0.703125 0.000000
vt  0.681818 -0.664063 0.000000
vt  0.659091 -0.710938 0.000000
vt  0.598485 -0.695313 0.000000
vt  0.507576 -0.679688 0.000000
vt  0.477273 -0.539063 0.000000
vt  0.522727 -0.484375 0.000000
vt  0.462121 -0.398438 0.000000
vt  0.469697 -0.351563 0.000000
vt  0.537879 -0.375000 0.000000
vt  0.166667 -0.609375 0.000000
vt  0.121212 -0.632813 0.000000
vt  0.068182 -0.570313 0.000000
vt  0.098485 -0.531250 0.000000
vt  0.075758 -0.460938 0.000000
vt  0.106061 -0.421875 0.000000
vt  0.143939 -0.398438 0.000000
vt  0.174242 -0.445313 0.000000
vt  0.196970 -0.421875 0.000000
vt  0.234848 -0.445313 0.000000
vt  0.250000 -0.484375 0.000000
vt  0.280303 -0.523438 0.000000
vt  0.303030 -0.570313 0.000000
vt  0.318182 -0.625000 0.000000
vt  0.303030 -0.656250 0.000000
vt  0.295455 -0.718750 0.000000
vt  0.181818 -0.695313 0.000000
vt  0.318182 -0.593750 0.000000
vt  0.454545 -0.437500 0.000000
vt  0.409091 -0.398438 0.000000
vt  0.333333 -0.398438 0.000000
vt  0.295455 -0.367188 0.000000
vt  0.136364 -0.539063 0.000000
vt  0.090909 -0.656250 0.000000
vt  0.143939 -0.679688 0.000000
vt  0.189394 -0.703125 0.000000
vt  0.234848 -0.664063 0.000000
vt  0.257576 -0.718750 0.000000
vt  0.280303 -0.750000 0.000000
vt  0.363636 -0.773438 0.000000
vt  0.386364 -0.804688 0.000000
vt  0.590909 -0.750000 0.000000
vt  0.575758 -0.531250 0.000000
vt  0.272727 -0.546875 0.000000
vt  0.318182 -0.515625 0.000000
vt  0.257576 -0.437500 0.000000
vt  0.159091 -0.375000 0.000000
vt  0.106061 -0.421875 0.000000
vt  0.090909 -0.484375 0.000000
vt  0.075758 -0.546875 0.000000
vt  0.151515 -0.562500 0.000000
vt  0.196970 -0.601563 0.000000
vt  0.212121 -0.671875 0.000000
vt  0.189394 -0.765625 0.000000
vt  0.242424 -0.750000 0.000000
vt  0.295455 -0.742188 0.000000
vt  0.378788 -0.671875 0.000000
vt  0.340909 -0.585938 0.000000
vt  0.318182 -0.515625 0.000000
vt  0.462121 -0.304688 0.000000
vt  0.560606 -0.445313 0.000000
vt  0.500000 -0.429688 0.000000
vt  0.446970 -0.445313 0.000000
vt  0.378788 -0.468750 0.000000
vt  0.371212 -0.375000 0.000000
vt  0.295455 -0.265625 0.000000
vt  0.325758 -0.140625 0.000000
vt  0.424242 -0.125000 0.000000
vt  0.469697 -0.195313 0.000000
vt  0.530303 -0.117188 0.000000
vt  0.583333 -0.070313 0.000000
vt  0.621212 -0.070313 0.000000
vt  0.628788 -0.289063 0.000000
vt  0.598485 -0.390625 0.000000
vt  0.560606 -0.445313 0.000000
vt  0.219697 -0.640625 0.000000
vt  0.348485 -0.500000 0.000000
vt  0.409091 -0.546875 0.000000
vt  0.439394 -0.593750 0.000000
vt  0.371212 -0.687500 0.000000
vt  0.265152 -0.781250 0.000000
vt  0.234848 -0.773438 0.000000
vt  0.090909 -0.812500 0.000000
vt  0.121212 -0.757813 0.000000
vt  0.045455 -0.750000 0.000000
vt  0.000000 -0.632813 0.000000
vt  0.045455 -0.554688 0.000000
vt  0.075758 -0.476563 0.000000
vt  0.189394 -0.515625 0.000000
vt  0.257576 -0.546875 0.000000
vt  0.348485 -0.500000 0.000000
vt  0.681818 -0.632813 0.000000
vt  0.825758 -0.421875 0.000000
vt  0.825758 -0.539063 0.000000
vt  0.871212 -0.601563 0.000000
vt  0.886364 -0.656250 0.000000
vt  0.772727 -0.750000 0.000000
vt  0.674242 -0.820313 0.000000
vt  0.621212 -0.851563 0.000000
vt  0.553030 -0.828125 0.000000
vt  0.553030 -0.726563 0.000000
vt  0.515152 -0.546875 0.000000
vt  0.560606 -0.476563 0.000000
vt  0.636364 -0.437500 0.000000
vt  0.712121 -0.460938 0.000000
vt  0.825758 -0.421875 0.000000
vt  0.287879 -0.328125 0.000000
vt  0.386364 -0.492188 0.000000
vt  0.280303 -0.531250 0.000000
vt  0.159091 -0.460938 0.000000
vt  0.159091 -0.382813 0.000000
vt  0.174242 -0.312500 0.000000
vt  0.174242 -0.195313 0.000000
vt  0.272727 -0.148438 0.000000
vt  0.363636 -0.125000 0.000000
vt  0.363636 -0.210938 0.000000
vt  0.416667 -0.218750 0.000000
vt  0.416667 -0.304688 0.000000
vt  0.401515 -0.382813 0.000000
vt  0.356061 -0.398438 0.000000
vt  0.386364 -0.492188 0.000000
vt  0.689394 -0.242188 0.000000
vt  0.734848 -0.421875 0.000000
vt  0.848485 -0.351563 0.000000
vt  0.893939 -0.312500 0.000000
vt  0.840909 -0.140625 0.000000
vt  0.727273 -0.015625 0.000000
vt  0.628788 -0.070313 0.000000
vt  0.500000 -0.125000 0.000000
vt  0.462121 -0.195313 0.000000
vt  0.530303 -0.257813 0.000000
vt  0.537879 -0.343750 0.000000
vt  0.621212 -0.359375 0.000000
vt  0.734848 -0.421875 0.000000
vt  0.560606 -0.523438 0.000000
vt  0.727273 -0.554688 0.000000
vt  0.704545 -0.453125 0.000000
vt  0.590909 -0.382813 0.000000
vt  0.492424 -0.406250 0.000000
vt  0.401515 -0.398438 0.000000
vt  0.416667 -0.460938 0.000000
vt  0.393939 -0.601563 0.000000
vt  0.454545 -0.679688 0.000000
vt  0.515152 -0.640625 0.000000
vt  0.606061 -0.671875 0.000000
vt  0.651515 -0.578125 0.000000
vt  0.727273 -0.554688 0.000000
vt  0.454545 -0.476563 0.000000
vt  0.643939 -0.421875 0.000000
vt  0.636364 -0.382813 0.000000
vt  0.613636 -0.359375 0.000000
vt  0.583333 -0.335938 0.000000
vt  0.590909 -0.289063 0.000000
vt  0.575758 -0.257813 0.000000
vt  0.545455 -0.226563 0.000000
vt  0.515152 -0.210938 0.000000
vt  0.446970 -0.250000 0.000000
vt  0.393939 -0.273438 0.000000
vt  0.340909 -0.281250 0.000000
vt  0.401515 -0.250000 0.000000
vt  0.295455 -0.437500 0.000000
vt  0.318182 -0.460938 0.000000
vt  0.348485 -0.476563 0.000000
vt  0.371212 -0.468750 0.000000
vt  0.409091 -0.460938 0.000000
vt  0.431818 -0.437500 0.000000
vt  0.454545 -0.437500 0.000000
vt  0.462121 -0.429688 0.000000
vt  0.469697 -0.453125 0.000000
vt  0.522727 -0.429688 0.000000
vt  0.257576 -0.679688 0.000000
vt  0.371212 -0.382813 0.000000
vt  0.393939 -0.390625 0.000000
vt  0.371212 -0.398438 0.000000
vt  0.325758 -0.429688 0.000000
vt  0.416667 -0.484375 0.000000
vt  0.492424 -0.578125 0.000000
vt  0.560606 -0.671875 0.000000
vt  0.553030 -0.789063 0.000000
vt  0.568182 -0.789063 0.000000
vt  0.500000 -0.539063 0.000000
vt  0.371212 -0.390625 0.000000
vt  0.371212 -0.437500 0.000000
vt  0.371212 -0.500000 0.000000
vt  0.363636 -0.570313 0.000000
vt  0.363636 -0.640625 0.000000
vt  0.462121 -0.718750 0.000000
vt  0.560606 -0.640625 0.000000
vt  0.651515 -0.640625 0.000000
vt  0.492424 -0.812500 0.000000
vt  0.530303 -0.632813 0.000000
vt  0.840909 -0.734375 0.000000
vt  0.848485 -0.882813 0.000000
vt  0.537879 -0.992188 0.000000
vt  0.242424 -0.921875 0.000000
vt  0.234848 -0.718750 0.000000
vt  0.530303 -0.632813 0.000000
vt  0.500000 -0.539063 0.000000
vt  0.719697 -0.578125 0.000000
vt  0.712121 -0.515625 0.000000
vt  0.704545 -0.453125 0.000000
vt  0.636364 -0.445313 0.000000
vt  0.553030 -0.390625 0.000000
vt  0.462121 -0.359375 0.000000
vt  0.666667 -0.796875 0.000000
vt  0.560606 -0.992188 0.000000
vt  0.590909 -0.992188 0.000000
vt  0.681818 -0.976563 0.000000
vt  0.795455 -0.984375 0.000000
vt  0.810606 -0.968750 0.000000
vt  0.696970 -0.453125 0.000000
vt  0.424242 -0.367188 0.000000
vt  0.393939 -0.453125 0.000000
vt  0.401515 -0.531250 0.000000
vt  0.484848 -0.648438 0.000000
vt  0.636364 -0.734375 0.000000
vt  0.166667 -0.609375 0.000000
vt  0.181818 -0.695313 0.000000
vt  0.143939 -0.765625 0.000000
vt  0.053030 -0.726563 0.000000
vt  0.121212 -0.632813 0.000000
vt  0.181818 -0.695313 0.000000
vt  0.295455 -0.437500 0.000000
vt  0.287879 -0.421875 0.000000
vt  0.401515 -0.250000 0.000000
vt  0.280303 -0.398438 0.000000
vt  0.295455 -0.437500 0.000000
vt  0.265152 -0.421875 0.000000
vt  0.280303 -0.414063 0.000000
vt  0.401515 -0.250000 0.000000
vt  0.287879 -0.421875 0.000000
vt  0.287879 -0.421875 0.000000
vt  0.454545 -0.437500 0.000000
vt  0.575758 -0.531250 0.000000
vt  0.318182 -0.593750 0.000000
vt  0.477273 -0.406250 0.000000
vt  0.454545 -0.437500 0.000000
vt  0.515152 -0.679688 0.000000
vt  0.439394 -0.632813 0.000000
vt  0.628788 -0.507813 0.000000
vt  0.409091 -0.515625 0.000000
vt  0.386364 -0.421875 0.000000
vt  0.371212 -0.390625 0.000000
vt  0.462121 -0.359375 0.000000
vt  0.500000 -0.539063 0.000000
vt  0.363636 -0.359375 0.000000
vt  0.371212 -0.390625 0.000000
vt  0.719697 -0.578125 0.000000
vt  0.651515 -0.640625 0.000000
vt  0.500000 -0.539063 0.000000
vt  0.712121 -0.640625 0.000000
vt  0.719697 -0.578125 0.000000
vt  0.462121 -0.718750 0.000000
vt  0.500000 -0.539063 0.000000
vt  0.363636 -0.710938 0.000000
vt  0.363636 -0.640625 0.000000
vt  0.378788 -0.468750 0.000000
vt  0.310606 -0.492188 0.000000
vt  0.462121 -0.304688 0.000000
vt  0.371212 -0.375000 0.000000
vt  0.590909 -0.382813 0.000000
vt  0.560606 -0.523438 0.000000
vt  0.681818 -0.359375 0.000000
vt  0.704545 -0.453125 0.000000
vt  0.681818 -0.578125 0.000000
vt  0.848485 -0.445313 0.000000
vt  0.681818 -0.492188 0.000000
vt  0.257576 -0.679688 0.000000
vt  0.560606 -0.671875 0.000000
vt  0.568182 -0.789063 0.000000

vn  0.942354 -0.176570 0.284239
vn  0.540580 -0.423676 -0.726824
vn  0.866761 -0.045299 -0.496662
vn  0.886762 0.179340 -0.426017
vn  0.859038 0.391197 -0.330180
vn  0.815387 0.481419 -0.321527
vn  0.937706 -0.293902 -0.185280
vn  0.858620 -0.404764 -0.314544
vn  0.934104 -0.107751 -0.340351
vn  0.824252 -0.557844 -0.097052
vn  0.525798 -0.594810 0.608061
vn  0.241676 -0.722755 0.647470
vn  0.498371 -0.853387 0.152828
vn  0.616426 -0.311482 0.723186
vn  0.397697 0.378204 0.835942
vn  0.397697 0.378204 0.835942
vn  -0.025947 -0.264816 0.963950
vn  -0.132774 -0.486157 0.863726
vn  0.445860 0.171196 0.878579
vn  -0.728596 -0.582835 0.359794
vn  -0.811455 -0.581004 -0.063052
vn  -0.164131 -0.631680 0.757655
vn  0.880738 0.279815 0.382106
vn  0.908063 0.418749 0.008465
vn  0.894547 0.430538 0.120093
vn  0.964321 0.193587 -0.180582
vn  0.540580 -0.423676 -0.726824
vn  0.456374 0.541256 0.706233
vn  0.201480 0.121612 0.971914
vn  0.066357 0.050706 0.996507
vn  0.147419 0.296237 0.943669
vn  -0.313130 0.949647 0.010948
vn  -0.505393 0.853510 -0.126879
vn  -0.613904 0.689981 0.383469
vn  -0.643154 0.613345 0.458434
vn  -0.719050 0.269837 0.640433
vn  -0.503444 0.576314 0.643744
vn  -0.225651 0.927875 0.296865
vn  0.050720 0.978391 0.200447
vn  0.844845 0.534298 -0.027605
vn  0.916933 0.383978 -0.108608
vn  0.937780 0.344547 0.043091
vn  0.975666 -0.037627 0.216008
vn  0.989962 0.051601 0.131574
vn  0.966161 0.234193 -0.108108
vn  0.941210 0.291769 -0.170278
vn  0.974791 0.179801 0.132117
vn  0.459441 0.021196 0.887955
vn  0.009319 -0.085995 0.996252
vn  0.225852 -0.079194 0.970937
vn  0.633155 -0.217161 0.742937
vn  0.498705 -0.034580 0.866081
vn  0.238400 -0.008165 0.971133
vn  0.201480 0.121612 0.971914
vn  0.732391 0.679992 -0.034836
vn  0.679402 -0.087258 -0.728560
vn  0.983557 0.117732 0.136948
vn  0.860880 0.058093 0.505480
vn  0.994702 -0.102750 -0.003235
vn  0.995477 -0.086083 0.040195
vn  0.825104 0.252003 0.505665
vn  0.602472 0.319960 0.731200
vn  0.096404 0.846985 0.522802
vn  -0.742638 0.630254 -0.226425
vn  -0.665565 0.741637 0.083651
vn  -0.592950 0.790584 0.152931
vn  -0.621622 0.765229 0.167361
vn  -0.441945 0.692918 0.569692
vn  -0.438927 0.862477 0.251946
vn  -0.179340 0.900819 -0.395428
vn  0.430038 0.620394 -0.655880
vn  0.366404 0.593456 -0.716629
vn  0.528503 0.553172 -0.643961
vn  0.980817 -0.174669 0.086542
vn  0.884637 -0.342475 0.316430
vn  0.966185 -0.058556 -0.251113
vn  0.974710 -0.009080 -0.223287
vn  0.942291 -0.120835 -0.312227
vn  0.679402 -0.087258 -0.728560
vn  -0.982474 0.003093 0.186376
vn  -0.409682 -0.336278 0.847985
vn  -0.483096 -0.619913 0.618325
vn  -0.167500 -0.380449 0.909507
vn  -0.413522 -0.235187 0.879594
vn  -0.713511 -0.683064 0.155967
vn  -0.770796 -0.637064 -0.004785
vn  -0.798754 -0.583479 -0.146783
vn  -0.555466 -0.828734 0.068241
vn  -0.306337 -0.923053 0.232662
vn  -0.983933 -0.145603 -0.103323
vn  -0.624520 0.716250 -0.311385
vn  -0.764382 0.541983 -0.349248
vn  -0.828636 0.422904 -0.366761
vn  -0.863564 0.218809 -0.454290
vn  -0.822576 0.534368 -0.194472
vn  -0.735431 0.574540 -0.359228
vn  -0.805487 0.409569 -0.428303
vn  -0.722444 0.691055 -0.022731
vn  -0.740368 0.671159 0.037421
vn  -0.743305 0.509616 0.433346
vn  -0.631160 0.200178 0.749376
vn  -0.501680 -0.183840 0.845293
vn  -0.409682 -0.336278 0.847985
vn  -0.734320 -0.678489 0.020670
vn  -0.350460 -0.555391 0.754134
vn  -0.580759 -0.111193 0.806446
vn  -0.600232 -0.423690 0.678386
vn  -0.116728 -0.921093 0.371433
vn  -0.201897 -0.898358 0.390116
vn  -0.169922 -0.643109 0.746684
vn  -0.282719 -0.764141 0.579792
vn  -0.379384 -0.593705 -0.709635
vn  -0.345285 -0.028462 -0.938066
vn  -0.324295 -0.115135 -0.938923
vn  -0.255220 -0.207250 -0.944410
vn  -0.306041 -0.232520 -0.923187
vn  -0.587299 -0.193543 -0.785888
vn  -0.959496 -0.275705 -0.057909
vn  -0.908615 -0.213375 0.359012
vn  -0.972331 0.051741 -0.227806
vn  -0.914973 -0.330273 0.231827
vn  -0.057097 -0.605184 0.794035
vn  -0.239593 -0.527693 0.814945
vn  -0.350460 -0.555391 0.754134
vn  -0.289066 0.676605 0.677235
vn  0.041820 0.988016 0.148575
vn  0.208338 0.955538 0.208668
vn  0.387200 0.874819 0.291149
vn  0.399215 0.885417 0.238044
vn  0.371810 0.917936 0.138388
vn  0.011249 0.720699 0.693157
vn  -0.548034 -0.009955 0.836397
vn  -0.316177 -0.104723 0.942902
vn  -0.548034 -0.009955 0.836397
vn  -0.789580 -0.119665 0.601867
vn  -0.650205 -0.154509 0.743882
vn  -0.036168 -0.344308 0.938160
vn  0.103197 -0.298131 0.948930
vn  -0.655970 0.504575 0.561344
vn  -0.491979 0.869812 0.037194
vn  -0.604185 0.793697 0.070755
vn  -0.356265 0.925780 0.126516
vn  0.041820 0.988016 0.148575
vn  -0.995782 0.091455 -0.007382
vn  -0.824681 -0.564618 -0.033290
vn  -0.799866 -0.600029 -0.013385
vn  -0.834265 -0.532402 -0.143355
vn  -0.702262 -0.706844 0.084852
vn  -0.859462 -0.489365 -0.147805
vn  -0.571235 0.186198 -0.799387
vn  -0.629424 -0.066797 -0.774185
vn  -0.699283 0.470781 -0.537929
vn  -0.487682 0.745526 -0.454266
vn  -0.654296 0.706297 -0.270263
vn  -0.545766 0.779764 0.306771
vn  -0.528711 0.840335 0.119593
vn  -0.689339 0.506874 0.517582
vn  -0.577355 0.252385 0.776507
vn  -0.688371 0.288006 0.665731
vn  -0.864322 -0.334435 0.375634
vn  -0.812994 -0.564236 0.143799
vn  -0.824681 -0.564618 -0.033290
vn  0.962170 0.075453 -0.261794
vn  0.449052 0.323950 -0.832712
vn  0.687205 -0.424533 -0.589509
vn  0.444021 -0.834585 -0.326056
vn  0.413479 -0.689544 -0.594613
vn  0.725886 -0.678082 -0.115302
vn  0.734972 -0.678098 -0.000079
vn  0.747393 -0.662737 -0.046713
vn  0.833132 -0.526235 0.170198
vn  0.835397 -0.533072 0.133963
vn  0.938496 0.327720 -0.108742
vn  0.473511 0.859739 -0.191407
vn  -0.018897 0.765860 -0.642729
vn  -0.134308 0.907461 -0.398091
vn  0.456388 0.850370 0.261879
vn  0.476289 0.764756 0.433932
vn  0.535006 0.771844 0.343549
vn  0.565653 0.675672 -0.472763
vn  0.449052 0.323950 -0.832712
vn  0.923371 -0.059985 0.379193
vn  0.930825 -0.234917 -0.279963
vn  0.699857 -0.690201 0.183911
vn  0.447685 -0.840193 0.306029
vn  0.448883 -0.613391 0.649812
vn  0.215907 -0.112220 0.969944
vn  0.367557 0.495204 0.787194
vn  0.368536 0.763062 -0.530960
vn  0.032881 0.881373 -0.471275
vn  -0.040087 0.905771 0.421867
vn  -0.633384 0.367608 0.680947
vn  -0.562661 0.290939 0.773801
vn  0.708247 0.610874 0.353863
vn  0.774049 -0.629354 -0.069006
vn  0.671648 -0.695357 -0.255672
vn  0.932995 -0.150239 -0.327030
vn  0.932927 -0.096381 -0.346925
vn  0.930825 -0.234917 -0.279963
vn  -0.859895 -0.108301 -0.498850
vn  -0.575060 0.815505 0.065254
vn  -0.806550 0.586254 -0.076047
vn  -0.713585 -0.642997 -0.278121
vn  -0.443248 -0.841816 -0.308020
vn  -0.789786 -0.597922 0.136848
vn  -0.725542 -0.557835 -0.402999
vn  -0.477669 -0.629025 -0.613319
vn  -0.578030 -0.407979 -0.706707
vn  -0.258268 -0.052902 -0.964624
vn  -0.206856 -0.419101 -0.884062
vn  -0.126929 -0.593719 -0.794599
vn  -0.748240 0.039950 -0.662224
vn  -0.772713 0.551792 -0.313752
vn  -0.876564 0.478163 -0.054722
vn  -0.810851 0.540641 0.224116
vn  -0.829680 0.552453 0.080163
vn  -0.575060 0.815505 0.065254
vn  -0.341534 -0.728427 -0.593926
vn  -0.604607 -0.765602 -0.219780
vn  -0.573324 -0.811049 -0.116185
vn  -0.349951 -0.880612 -0.319462
vn  0.087951 -0.919184 -0.383881
vn  0.250870 -0.819001 -0.516044
vn  0.383310 -0.798007 -0.465035
vn  0.335358 -0.793155 -0.508369
vn  0.410168 -0.891835 -0.190768
vn  0.278453 -0.947297 0.158407
vn  -0.130157 -0.684739 -0.717072
vn  -0.577096 0.154278 -0.801972
vn  -0.239754 0.095267 -0.966148
vn  -0.569314 -0.168109 -0.804749
vn  -0.993114 -0.090460 -0.074438
vn  -0.862694 0.235694 -0.447445
vn  -0.801461 0.013027 -0.597905
vn  -0.604607 -0.765602 -0.219780
vn  0.479822 -0.703908 -0.523722
vn  0.720321 0.683676 -0.117156
vn  0.890494 -0.132965 0.435134
vn  0.878774 -0.350275 0.324134
vn  0.981498 -0.154736 -0.112773
vn  0.562243 -0.244605 -0.789969
vn  0.274535 -0.040762 -0.960713
vn  0.368778 -0.164841 -0.914784
vn  -0.146539 -0.507698 -0.848981
vn  -0.219105 -0.608107 -0.763020
vn  -0.167955 -0.810217 -0.561551
vn  0.188967 -0.929129 0.317823
vn  -0.156651 -0.966336 0.204094
vn  -0.317924 -0.862029 -0.394754
vn  -0.116291 -0.971148 -0.208201
vn  0.342340 -0.923712 -0.171930
vn  0.924909 0.288904 -0.247141
vn  0.720321 0.683676 -0.117156
vn  0.691539 0.622060 -0.367172
vn  0.993238 0.033898 -0.111033
vn  0.993238 0.033898 -0.111033
vn  0.993238 0.033898 -0.111033
vn  0.993417 0.112209 -0.023072
vn  0.993417 0.112209 -0.023072
vn  0.793577 0.607020 -0.041987
vn  0.032975 0.982064 -0.185643
vn  -0.279623 0.924193 -0.260152
vn  0.182572 0.938294 0.293719
vn  0.436726 0.852852 0.286204
vn  0.238738 0.956789 -0.166008
vn  0.315576 0.752718 -0.577778
vn  0.381344 0.214139 -0.899289
vn  0.202452 0.310665 -0.928709
vn  0.098616 0.479610 -0.871923
vn  0.766573 0.278223 -0.578755
vn  0.993238 0.033898 -0.111033
vn  0.886010 -0.266190 -0.379643
vn  0.137309 0.983171 -0.120507
vn  0.501545 0.687792 0.524781
vn  0.442165 0.804252 0.397075
vn  0.530514 0.733346 0.425157
vn  0.677581 0.728675 -0.099581
vn  0.616842 -0.236965 -0.750568
vn  -0.209122 -0.900315 -0.381707
vn  0.204275 -0.582872 -0.786468
vn  0.490858 -0.123984 -0.862372
vn  0.462518 -0.110240 -0.879730
vn  0.488503 -0.162459 -0.857305
vn  0.488264 -0.511871 -0.706814
vn  0.564179 -0.793815 -0.227067
vn  0.536677 -0.837673 -0.101398
vn  0.633498 -0.702557 0.324182
vn  0.230333 -0.973112 0.000734
vn  -0.342716 0.915421 0.211067
vn  0.067888 -0.296174 0.952718
vn  0.597533 0.794875 -0.105485
vn  0.684851 0.709170 0.167501
vn  0.668313 0.735251 0.112977
vn  -0.212451 0.976407 -0.038650
vn  -0.806406 0.568544 -0.162690
vn  -0.695538 0.675016 0.246131
vn  -0.714409 0.545654 -0.438043
vn  -0.830534 0.507475 -0.229525
vn  -0.520020 0.458616 0.720590
vn  -0.676889 0.640927 0.361986
vn  -0.741277 0.581774 0.334735
vn  -0.701171 0.508466 0.499822
vn  -0.062162 0.998045 0.006499
vn  0.121688 0.759040 -0.639570
vn  -0.990727 -0.121961 -0.059886
vn  -0.372598 0.387265 0.843325
vn  -0.374355 0.051517 0.925853
vn  -0.581433 -0.592994 0.557041
vn  -0.550695 -0.808793 -0.206369
vn  -0.525823 -0.758608 -0.384739
vn  -0.582926 -0.126571 -0.802607
vn  -0.389003 0.201017 -0.899038
vn  -0.335951 -0.470758 -0.815796
vn  -0.058871 -0.816473 -0.574374
vn  -0.717281 -0.376318 -0.586424
vn  -0.833135 0.530808 -0.155336
vn  -0.800481 0.597619 -0.045620
vn  -0.617440 0.613090 0.492838
vn  -0.367006 0.491138 0.789994
vn  -0.372598 0.387265 0.843325
vn  -0.812811 0.084447 -0.576374
vn  -0.330301 -0.671225 -0.663595
vn  -0.263444 -0.843302 -0.468443
vn  -0.498704 -0.848718 0.175987
vn  -0.593759 -0.737586 -0.321586
vn  -0.316905 0.131049 -0.939360
vn  -0.453473 0.016296 -0.891121
vn  -0.499258 0.686328 -0.528862
vn  -0.343819 0.798031 0.494909
vn  -0.197287 0.972928 0.120372
vn  -0.154241 0.657083 -0.737870
vn  -0.257713 0.742352 -0.618464
vn  -0.714547 0.688988 -0.121314
vn  -0.905980 0.125483 0.404294
vn  -0.864516 -0.479453 0.150786
vn  -0.330301 -0.671225 -0.663595
vn  0.787055 0.013806 -0.616728
vn  0.426648 -0.580443 -0.693583
vn  0.784749 -0.555032 -0.275877
vn  0.917006 -0.368299 -0.153155
vn  0.992342 -0.119945 0.029494
vn  0.828364 0.478329 -0.291571
vn  0.674720 0.692516 -0.255294
vn  0.477897 0.606185 -0.635731
vn  0.291621 0.747610 -0.596688
vn  0.563234 0.710266 -0.422244
vn  0.239112 0.387351 -0.890384
vn  0.155991 0.181421 -0.970955
vn  0.574670 -0.327408 -0.750039
vn  0.709433 -0.701626 -0.066520
vn  0.381930 -0.719847 -0.579612
vn  0.426648 -0.580443 -0.693583
vn  0.458470 -0.827791 0.323369
vn  0.915988 -0.398741 0.044392
vn  0.345062 -0.769924 -0.536796
vn  0.622894 -0.570296 -0.535505
vn  0.363477 -0.834685 -0.413745
vn  -0.345394 -0.935779 0.070851
vn  -0.495832 -0.794698 0.350151
vn  -0.498008 -0.768526 0.401691
vn  -0.157041 -0.472661 0.867139
vn  0.235141 0.022640 0.971698
vn  0.533619 -0.062406 0.843419
vn  0.871594 -0.232624 0.431521
vn  0.836898 -0.538881 -0.095962
vn  0.971408 -0.198548 0.130174
vn  0.915988 -0.398741 0.044392
vn  0.890735 -0.452701 -0.040657
vn  0.279025 -0.799107 -0.532515
vn  0.261152 -0.872364 0.413256
vn  0.590864 -0.143309 0.793941
vn  0.650561 0.421562 0.631708
vn  0.537219 0.227466 0.812192
vn  0.801566 0.153222 0.577941
vn  0.978008 0.208568 0.000425
vn  0.761835 -0.287040 -0.580702
vn  0.686136 -0.011585 -0.727381
vn  0.781660 -0.024073 -0.623240
vn  0.305307 -0.651490 -0.694513
vn  0.068757 -0.935095 -0.347662
vn  0.061340 -0.818249 -0.571581
vn  0.279025 -0.799107 -0.532515
vn  -0.142473 -0.873621 0.465282
vn  0.276293 -0.837702 0.471081
vn  0.405909 -0.895158 0.184201
vn  0.409309 -0.868694 0.278991
vn  -0.221052 -0.975212 0.009899
vn  -0.794947 -0.603135 -0.065480
vn  -0.837595 -0.546126 0.013470
vn  -0.730866 -0.632397 0.256726
vn  -0.084047 -0.648934 0.756188
vn  -0.012470 -0.500676 0.865545
vn  0.039299 -0.653312 0.756068
vn  0.321725 -0.645941 0.692281
vn  0.276293 -0.837702 0.471081
vn  -0.139817 0.058111 -0.988471
vn  -0.378629 0.666340 -0.642363
vn  -0.831860 -0.028403 -0.554259
vn  -0.416953 -0.631369 -0.653852
vn  -0.439543 -0.668055 -0.600420
vn  0.286901 -0.503213 -0.815147
vn  0.876576 -0.127119 -0.464172
vn  0.809005 -0.099278 -0.579357
vn  0.363070 0.666086 -0.651544
vn  0.293972 0.795868 -0.529315
vn  0.005094 0.691348 -0.722504
vn  -0.291241 0.805350 -0.516324
vn  -0.378629 0.666340 -0.642363
vn  -0.932763 -0.325384 -0.155176
vn  -0.887290 -0.404398 0.221762
vn  -0.913618 -0.404857 -0.037333
vn  -0.881720 -0.383974 -0.274105
vn  -0.820051 -0.540799 0.187223
vn  -0.935285 -0.353772 0.009329
vn  -0.905774 -0.132700 -0.402448
vn  -0.932606 -0.289178 -0.215921
vn  -0.936773 -0.139873 -0.320769
vn  -0.881720 -0.383974 -0.274105
vn  -0.915693 -0.375002 -0.144498
vn  -0.982075 -0.006898 -0.188364
vn  -0.088226 0.256417 -0.962531
vn  0.578751 -0.194832 -0.791889
vn  -0.084160 0.097489 -0.991672
vn  -0.043207 0.094571 -0.994580
vn  -0.043207 0.094571 -0.994580
vn  -0.243865 0.037524 -0.969083
vn  0.072887 0.232025 -0.969975
vn  0.479384 0.353614 -0.803211
vn  0.652762 0.464011 -0.598829
vn  0.596777 0.225624 -0.770033
vn  0.104442 -0.202060 -0.973788
vn  -0.122885 0.663921 0.737637
vn  0.541275 0.698965 0.467406
vn  0.568397 0.822706 -0.008909
vn  0.495475 0.804155 -0.328388
vn  0.183012 0.828761 0.528831
vn  -0.244078 0.341259 0.907727
vn  -0.473630 0.263577 0.840358
vn  -0.299814 0.111671 0.947439
vn  -0.636752 0.406123 0.655447
vn  -0.743182 0.379486 0.551064
vn  -0.364835 0.785216 -0.500332
vn  -0.871363 -0.378853 -0.311765
vn  -0.958599 0.240797 -0.152002
vn  -0.941151 0.320473 -0.107384
vn  -0.941151 0.320473 -0.107384
vn  -0.872104 0.323444 -0.367175
vn  -0.036598 0.369498 -0.928510
vn  0.255065 0.256376 -0.932316
vn  -0.364904 -0.189467 -0.911563
vn  -0.014331 -0.138301 0.990287
vn  -0.014331 -0.138301 0.990287
vn  -0.014331 -0.138301 0.990287
vn  -0.014331 -0.138301 0.990287
vn  0.009084 -0.078921 0.996839
vn  0.009084 -0.078921 0.996839
vn  0.009084 -0.078921 0.996839
vn  -0.014331 -0.138301 0.990287
vn  -0.364835 0.785216 -0.500332
vn  0.332147 0.902512 0.274137
vn  0.424515 0.873662 -0.237700
vn  0.058318 0.976512 0.207419
vn  0.078176 0.924462 0.373173
vn  0.526763 0.849651 -0.024785
vn  0.822539 0.566195 -0.053414
vn  0.419337 0.754532 -0.504815
vn  -0.014610 0.994073 0.107725
vn  0.077412 0.915409 -0.395012
vn  0.139935 0.600756 -0.787090
vn  0.722654 0.438079 -0.534656
vn  0.995922 0.073776 -0.051920
vn  -0.183848 0.069676 -0.980482
vn  0.312319 -0.316577 -0.895676
vn  -0.385638 0.095656 -0.917678
vn  -0.421125 0.344964 -0.838841
vn  -0.040380 0.049999 -0.997933
vn  -0.247655 0.001011 -0.968848
vn  0.886010 -0.266190 -0.379643
vn  0.230333 -0.973112 0.000734
vn  0.563529 -0.642632 0.519095
vn  0.563006 0.679493 0.470440
vn  0.137309 0.983171 -0.120507
vn  0.230333 -0.973112 0.000734
vn  0.578751 -0.194832 -0.791889
vn  -0.871877 0.457756 0.174040
vn  -0.088226 0.256417 -0.962531
vn  -0.544707 0.444750 -0.710980
vn  0.578751 -0.194832 -0.791889
vn  -0.871533 0.443893 -0.208299
vn  -0.841636 0.385025 -0.378688
vn  -0.088226 0.256417 -0.962531
vn  -0.778340 0.308478 -0.546835
vn  -0.871877 0.457756 0.174040
vn  0.067888 -0.296174 0.952718
vn  0.121688 0.759040 -0.639570
vn  -0.342716 0.915421 0.211067
vn  0.513296 0.768070 0.382878
vn  0.067888 -0.296174 0.952718
vn  -0.171721 0.307902 0.935793
vn  0.021842 0.055141 0.998240
vn  0.089611 -0.021028 0.995755
vn  0.214319 -0.184120 0.959253
vn  0.214319 -0.184120 0.959253
vn  -0.871363 -0.378853 -0.311765
vn  0.822539 0.566195 -0.053414
vn  -0.364835 0.785216 -0.500332
vn  -0.546340 0.810813 -0.209987
vn  -0.871363 -0.378853 -0.311765
vn  0.332147 0.902512 0.274137
vn  -0.364904 -0.189467 -0.911563
vn  -0.364835 0.785216 -0.500332
vn  0.188775 0.594786 -0.781405
vn  0.332147 0.902512 0.274137
vn  -0.036598 0.369498 -0.928510
vn  -0.364835 0.785216 -0.500332
vn  -0.616839 0.427145 -0.661102
vn  -0.872104 0.323444 -0.367175
vn  -0.593759 -0.737586 -0.321586
vn  -0.684172 -0.274584 -0.675657
vn  -0.812811 0.084447 -0.576374
vn  -0.316905 0.131049 -0.939360
vn  -0.416953 -0.631369 -0.653852
vn  -0.139817 0.058111 -0.988471
vn  -0.590724 -0.371591 -0.716216
vn  -0.831860 -0.028403 -0.554259
vn  0.942354 -0.176570 0.284239
vn  0.540580 -0.423676 -0.726824
vn  -0.728596 -0.582835 0.359794
vn  -0.122885 0.663921 0.737637
vn  -0.299814 0.111671 0.947439
vn  -0.743182 0.379486 0.551064

g rdmobj01
usemtl hltex001
f  2225/2225/2225 2224/2224/2224 2223/2223/2223
f  2226/2226/2226 2225/2225/2225 2223/2223/2223
f  2227/2227/2227 2226/2226/2226 2223/2223/2223
f  2228/2228/2228 2227/2227/2227 2223/2223/2223
f  2229/2229/2229 2228/2228/2228 2223/2223/2223
f  2230/2230/2230 2229/2229/2229 2223/2223/2223
f  2231/2231/2231 2230/2230/2230 2223/2223/2223
f  2232/2232/2232 2231/2231/2231 2223/2223/2223
f  2233/2233/2233 2232/2232/2232 2223/2223/2223
f  2234/2234/2234 2233/2233/2233 2223/2223/2223
f  2235/2235/2235 2234/2234/2234 2223/2223/2223
f  2236/2236/2236 2235/2235/2235 2223/2223/2223
f  2237/2237/2237 2236/2236/2236 2223/2223/2223
f  2238/2238/2238 2237/2237/2237 2223/2223/2223
f  2239/2239/2239 2238/2238/2238 2223/2223/2223
f  2240/2240/2240 2239/2239/2239 2223/2223/2223
f  2241/2241/2241 2240/2240/2240 2223/2223/2223
f  2242/2242/2242 2241/2241/2241 2223/2223/2223
f  2243/2243/2243 2242/2242/2242 2223/2223/2223
f  2244/2244/2244 2243/2243/2243 2223/2223/2223
f  2245/2245/2245 2244/2244/2244 2223/2223/2223
f  2246/2246/2246 2245/2245/2245 2223/2223/2223
f  2247/2247/2247 2246/2246/2246 2223/2223/2223
f  2248/2248/2248 2247/2247/2247 2223/2223/2223
f  2249/2249/2249 2248/2248/2248 2223/2223/2223
f  2252/2252/2252 2251/2251/2251 2250/2250/2250
f  2253/2253/2253 2252/2252/2252 2250/2250/2250
f  2254/2254/2254 2253/2253/2253 2250/2250/2250
f  2255/2255/2255 2254/2254/2254 2250/2250/2250
f  2256/2256/2256 2255/2255/2255 2250/2250/2250
f  2257/2257/2257 2256/2256/2256 2250/2250/2250
f  2258/2258/2258 2257/2257/2257 2250/2250/2250
f  2259/2259/2259 2258/2258/2258 2250/2250/2250
f  2260/2260/2260 2259/2259/2259 2250/2250/2250
f  2261/2261/2261 2260/2260/2260 2250/2250/2250
f  2262/2262/2262 2261/2261/2261 2250/2250/2250
f  2263/2263/2263 2262/2262/2262 2250/2250/2250
f  2264/2264/2264 2263/2263/2263 2250/2250/2250
f  2265/2265/2265 2264/2264/2264 2250/2250/2250
f  2266/2266/2266 2265/2265/2265 2250/2250/2250
f  2267/2267/2267 2266/2266/2266 2250/2250/2250
f  2268/2268/2268 2267/2267/2267 2250/2250/2250
f  2269/2269/2269 2268/2268/2268 2250/2250/2250
f  2270/2270/2270 2269/2269/2269 2250/2250/2250
f  2271/2271/2271 2270/2270/2270 2250/2250/2250
f  2272/2272/2272 2271/2271/2271 2250/2250/2250
f  2273/2273/2273 2272/2272/2272 2250/2250/2250
f  2274/2274/2274 2273/2273/2273 2250/2250/2250
f  2275/2275/2275 2274/2274/2274 2250/2250/2250
f  2276/2276/2276 2275/2275/2275 2250/2250/2250
f  2279/2279/2279 2278/2278/2278 2277/2277/2277
f  2280/2280/2280 2279/2279/2279 2277/2277/2277
f  2281/2281/2281 2280/2280/2280 2277/2277/2277
f  2282/2282/2282 2281/2281/2281 2277/2277/2277
f  2283/2283/2283 2282/2282/2282 2277/2277/2277
f  2284/2284/2284 2283/2283/2283 2277/2277/2277
f  2285/2285/2285 2284/2284/2284 2277/2277/2277
f  2286/2286/2286 2285/2285/2285 2277/2277/2277
f  2287/2287/2287 2286/2286/2286 2277/2277/2277
f  2288/2288/2288 2287/2287/2287 2277/2277/2277
f  2289/2289/2289 2288/2288/2288 2277/2277/2277
f  2290/2290/2290 2289/2289/2289 2277/2277/2277
f  2291/2291/2291 2290/2290/2290 2277/2277/2277
f  2292/2292/2292 2291/2291/2291 2277/2277/2277
f  2293/2293/2293 2292/2292/2292 2277/2277/2277
f  2294/2294/2294 2293/2293/2293 2277/2277/2277
f  2295/2295/2295 2294/2294/2294 2277/2277/2277
f  2296/2296/2296 2295/2295/2295 2277/2277/2277
f  2297/2297/2297 2296/2296/2296 2277/2277/2277
f  2298/2298/2298 2297/2297/2297 2277/2277/2277
f  2299/2299/2299 2298/2298/2298 2277/2277/2277
f  2300/2300/2300 2299/2299/2299 2277/2277/2277
f  2301/2301/2301 2300/2300/2300 2277/2277/2277
f  2304/2304/2304 2303/2303/2303 2302/2302/2302
f  2305/2305/2305 2304/2304/2304 2302/2302/2302
f  2306/2306/2306 2305/2305/2305 2302/2302/2302
f  2307/2307/2307 2306/2306/2306 2302/2302/2302
f  2308/2308/2308 2307/2307/2307 2302/2302/2302
f  2309/2309/2309 2308/2308/2308 2302/2302/2302
f  2310/2310/2310 2309/2309/2309 2302/2302/2302
f  2311/2311/2311 2310/2310/2310 2302/2302/2302
f  2312/2312/2312 2311/2311/2311 2302/2302/2302
f  2313/2313/2313 2312/2312/2312 2302/2302/2302
f  2314/2314/2314 2313/2313/2313 2302/2302/2302
f  2315/2315/2315 2314/2314/2314 2302/2302/2302
f  2316/2316/2316 2315/2315/2315 2302/2302/2302
f  2317/2317/2317 2316/2316/2316 2302/2302/2302
f  2318/2318/2318 2317/2317/2317 2302/2302/2302
f  2319/2319/2319 2318/2318/2318 2302/2302/2302
f  2320/2320/2320 2319/2319/2319 2302/2302/2302
f  2321/2321/2321 2320/2320/2320 2302/2302/2302
f  2322/2322/2322 2321/2321/2321 2302/2302/2302
f  2323/2323/2323 2322/2322/2322 2302/2302/2302
f  2324/2324/2324 2323/2323/2323 2302/2302/2302
f  2325/2325/2325 2324/2324/2324 2302/2302/2302
f  2328/2328/2328 2327/2327/2327 2326/2326/2326
f  2329/2329/2329 2328/2328/2328 2326/2326/2326
f  2330/2330/2330 2329/2329/2329 2326/2326/2326
f  2331/2331/2331 2330/2330/2330 2326/2326/2326
f  2332/2332/2332 2331/2331/2331 2326/2326/2326
f  2333/2333/2333 2332/2332/2332 2326/2326/2326
f  2334/2334/2334 2333/2333/2333 2326/2326/2326
f  2335/2335/2335 2334/2334/2334 2326/2326/2326
f  2336/2336/2336 2335/2335/2335 2326/2326/2326
f  2337/2337/2337 2336/2336/2336 2326/2326/2326
f  2338/2338/2338 2337/2337/2337 2326/2326/2326
f  2339/2339/2339 2338/2338/2338 2326/2326/2326
f  2340/2340/2340 2339/2339/2339 2326/2326/2326
f  2341/2341/2341 2340/2340/2340 2326/2326/2326
f  2342/2342/2342 2341/2341/2341 2326/2326/2326
f  2343/2343/2343 2342/2342/2342 2326/2326/2326
f  2344/2344/2344 2343/2343/2343 2326/2326/2326
f  2345/2345/2345 2344/2344/2344 2326/2326/2326
f  2346/2346/2346 2345/2345/2345 2326/2326/2326
f  2349/2349/2349 2348/2348/2348 2347/2347/2347
f  2350/2350/2350 2349/2349/2349 2347/2347/2347
f  2351/2351/2351 2350/2350/2350 2347/2347/2347
f  2352/2352/2352 2351/2351/2351 2347/2347/2347
f  2353/2353/2353 2352/2352/2352 2347/2347/2347
f  2354/2354/2354 2353/2353/2353 2347/2347/2347
f  2355/2355/2355 2354/2354/2354 2347/2347/2347
f  2356/2356/2356 2355/2355/2355 2347/2347/2347
f  2357/2357/2357 2356/2356/2356 2347/2347/2347
f  2358/2358/2358 2357/2357/2357 2347/2347/2347
f  2359/2359/2359 2358/2358/2358 2347/2347/2347
f  2360/2360/2360 2359/2359/2359 2347/2347/2347
f  2361/2361/2361 2360/2360/2360 2347/2347/2347
f  2362/2362/2362 2361/2361/2361 2347/2347/2347
f  2363/2363/2363 2362/2362/2362 2347/2347/2347
f  2364/2364/2364 2363/2363/2363 2347/2347/2347
f  2365/2365/2365 2364/2364/2364 2347/2347/2347
f  2368/2368/2368 2367/2367/2367 2366/2366/2366
f  2369/2369/2369 2368/2368/2368 2366/2366/2366
f  2370/2370/2370 2369/2369/2369 2366/2366/2366
f  2371/2371/2371 2370/2370/2370 2366/2366/2366
f  2372/2372/2372 2371/2371/2371 2366/2366/2366
f  2373/2373/2373 2372/2372/2372 2366/2366/2366
f  2374/2374/2374 2373/2373/2373 2366/2366/2366
f  2375/2375/2375 2374/2374/2374 2366/2366/2366
f  2376/2376/2376 2375/2375/2375 2366/2366/2366
f  2377/2377/2377 2376/2376/2376 2366/2366/2366
f  2378/2378/2378 2377/2377/2377 2366/2366/2366
f  2379/2379/2379 2378/2378/2378 2366/2366/2366
f  2380/2380/2380 2379/2379/2379 2366/2366/2366
f  2381/2381/2381 2380/2380/2380 2366/2366/2366
f  2382/2382/2382 2381/2381/2381 2366/2366/2366
f  2383/2383/2383 2382/2382/2382 2366/2366/2366
f  2384/2384/2384 2383/2383/2383 2366/2366/2366
f  2387/2387/2387 2386/2386/2386 2385/2385/2385
f  2388/2388/2388 2387/2387/2387 2385/2385/2385
f  2389/2389/2389 2388/2388/2388 2385/2385/2385
f  2390/2390/2390 2389/2389/2389 2385/2385/2385
f  2391/2391/2391 2390/2390/2390 2385/2385/2385
f  2392/2392/2392 2391/2391/2391 2385/2385/2385
f  2393/2393/2393 2392/2392/2392 2385/2385/2385
f  2394/2394/2394 2393/2393/2393 2385/2385/2385
f  2395/2395/2395 2394/2394/2394 2385/2385/2385
f  2396/2396/2396 2395/2395/2395 2385/2385/2385
f  2397/2397/2397 2396/2396/2396 2385/2385/2385
f  2398/2398/2398 2397/2397/2397 2385/2385/2385
f  2399/2399/2399 2398/2398/2398 2385/2385/2385
f  2400/2400/2400 2399/2399/2399 2385/2385/2385
f  2401/2401/2401 2400/2400/2400 2385/2385/2385
f  2402/2402/2402 2401/2401/2401 2385/2385/2385
f  2403/2403/2403 2402/2402/2402 2385/2385/2385
f  2406/2406/2406 2405/2405/2405 2404/2404/2404
f  2407/2407/2407 2406/2406/2406 2404/2404/2404
f  2408/2408/2408 2407/2407/2407 2404/2404/2404
f  2409/2409/2409 2408/2408/2408 2404/2404/2404
f  2410/2410/2410 2409/2409/2409 2404/2404/2404
f  2411/2411/2411 2410/2410/2410 2404/2404/2404
f  2412/2412/2412 2411/2411/2411 2404/2404/2404
f  2413/2413/2413 2412/2412/2412 2404/2404/2404
f  2414/2414/2414 2413/2413/2413 2404/2404/2404
f  2415/2415/2415 2414/2414/2414 2404/2404/2404
f  2416/2416/2416 2415/2415/2415 2404/2404/2404
f  2417/2417/2417 2416/2416/2416 2404/2404/2404
f  2418/2418/2418 2417/2417/2417 2404/2404/2404
f  2419/2419/2419 2418/2418/2418 2404/2404/2404
f  2420/2420/2420 2419/2419/2419 2404/2404/2404
f  2421/2421/2421 2420/2420/2420 2404/2404/2404
f  2424/2424/2424 2423/2423/2423 2422/2422/2422
f  2425/2425/2425 2424/2424/2424 2422/2422/2422
f  2426/2426/2426 2425/2425/2425 2422/2422/2422
f  2427/2427/2427 2426/2426/2426 2422/2422/2422
f  2428/2428/2428 2427/2427/2427 2422/2422/2422
f  2429/2429/2429 2428/2428/2428 2422/2422/2422
f  2430/2430/2430 2429/2429/2429 2422/2422/2422
f  2431/2431/2431 2430/2430/2430 2422/2422/2422
f  2432/2432/2432 2431/2431/2431 2422/2422/2422
f  2433/2433/2433 2432/2432/2432 2422/2422/2422
f  2434/2434/2434 2433/2433/2433 2422/2422/2422
f  2435/2435/2435 2434/2434/2434 2422/2422/2422
f  2436/2436/2436 2435/2435/2435 2422/2422/2422
f  2437/2437/2437 2436/2436/2436 2422/2422/2422
f  2438/2438/2438 2437/2437/2437 2422/2422/2422
f  2439/2439/2439 2438/2438/2438 2422/2422/2422
f  2442/2442/2442 2441/2441/2441 2440/2440/2440
f  2443/2443/2443 2442/2442/2442 2440/2440/2440
f  2444/2444/2444 2443/2443/2443 2440/2440/2440
f  2445/2445/2445 2444/2444/2444 2440/2440/2440
f  2446/2446/2446 2445/2445/2445 2440/2440/2440
f  2447/2447/2447 2446/2446/2446 2440/2440/2440
f  2448/2448/2448 2447/2447/2447 2440/2440/2440
f  2449/2449/2449 2448/2448/2448 2440/2440/2440
f  2450/2450/2450 2449/2449/2449 2440/2440/2440
f  2451/2451/2451 2450/2450/2450 2440/2440/2440
f  2452/2452/2452 2451/2451/2451 2440/2440/2440
f  2453/2453/2453 2452/2452/2452 2440/2440/2440
f  2454/2454/2454 2453/2453/2453 2440/2440/2440
f  2455/2455/2455 2454/2454/2454 2440/2440/2440
f  2456/2456/2456 2455/2455/2455 2440/2440/2440
f  2457/2457/2457 2456/2456/2456 2440/2440/2440
f  2460/2460/2460 2459/2459/2459 2458/2458/2458
f  2461/2461/2461 2460/2460/2460 2458/2458/2458
f  2462/2462/2462 2461/2461/2461 2458/2458/2458
f  2463/2463/2463 2462/2462/2462 2458/2458/2458
f  2464/2464/2464 2463/2463/2463 2458/2458/2458
f  2465/2465/2465 2464/2464/2464 2458/2458/2458
f  2466/2466/2466 2465/2465/2465 2458/2458/2458
f  2467/2467/2467 2466/2466/2466 2458/2458/2458
f  2468/2468/2468 2467/2467/2467 2458/2458/2458
f  2469/2469/2469 2468/2468/2468 2458/2458/2458
f  2470/2470/2470 2469/2469/2469 2458/2458/2458
f  2471/2471/2471 2470/2470/2470 2458/2458/2458
f  2472/2472/2472 2471/2471/2471 2458/2458/2458
f  2473/2473/2473 2472/2472/2472 2458/2458/2458
f  2474/2474/2474 2473/2473/2473 2458/2458/2458
f  2475/2475/2475 2474/2474/2474 2458/2458/2458
f  2478/2478/2478 2477/2477/2477 2476/2476/2476
f  2479/2479/2479 2478/2478/2478 2476/2476/2476
f  2480/2480/2480 2479/2479/2479 2476/2476/2476
f  2481/2481/2481 2480/2480/2480 2476/2476/2476
f  2482/2482/2482 2481/2481/2481 2476/2476/2476
f  2483/2483/2483 2482/2482/2482 2476/2476/2476
f  2484/2484/2484 2483/2483/2483 2476/2476/2476
f  2485/2485/2485 2484/2484/2484 2476/2476/2476
f  2486/2486/2486 2485/2485/2485 2476/2476/2476
f  2487/2487/2487 2486/2486/2486 2476/2476/2476
f  2488/2488/2488 2487/2487/2487 2476/2476/2476
f  2489/2489/2489 2488/2488/2488 2476/2476/2476
f  2490/2490/2490 2489/2489/2489 2476/2476/2476
f  2491/2491/2491 2490/2490/2490 2476/2476/2476
f  2492/2492/2492 2491/2491/2491 2476/2476/2476
f  2493/2493/2493 2492/2492/2492 2476/2476/2476
f  2496/2496/2496 2495/2495/2495 2494/2494/2494
f  2497/2497/2497 2496/2496/2496 2494/2494/2494
f  2498/2498/2498 2497/2497/2497 2494/2494/2494
f  2499/2499/2499 2498/2498/2498 2494/2494/2494
f  2500/2500/2500 2499/2499/2499 2494/2494/2494
f  2501/2501/2501 2500/2500/2500 2494/2494/2494
f  2502/2502/2502 2501/2501/2501 2494/2494/2494
f  2503/2503/2503 2502/2502/2502 2494/2494/2494
f  2504/2504/2504 2503/2503/2503 2494/2494/2494
f  2505/2505/2505 2504/2504/2504 2494/2494/2494
f  2506/2506/2506 2505/2505/2505 2494/2494/2494
f  2507/2507/2507 2506/2506/2506 2494/2494/2494
f  2508/2508/2508 2507/2507/2507 2494/2494/2494
f  2509/2509/2509 2508/2508/2508 2494/2494/2494
f  2510/2510/2510 2509/2509/2509 2494/2494/2494
f  2513/2513/2513 2512/2512/2512 2511/2511/2511
f  2514/2514/2514 2513/2513/2513 2511/2511/2511
f  2515/2515/2515 2514/2514/2514 2511/2511/2511
f  2516/2516/2516 2515/2515/2515 2511/2511/2511
f  2517/2517/2517 2516/2516/2516 2511/2511/2511
f  2518/2518/2518 2517/2517/2517 2511/2511/2511
f  2519/2519/2519 2518/2518/2518 2511/2511/2511
f  2520/2520/2520 2519/2519/2519 2511/2511/2511
f  2521/2521/2521 2520/2520/2520 2511/2511/2511
f  2522/2522/2522 2521/2521/2521 2511/2511/2511
f  2523/2523/2523 2522/2522/2522 2511/2511/2511
f  2524/2524/2524 2523/2523/2523 2511/2511/2511
f  2525/2525/2525 2524/2524/2524 2511/2511/2511
f  2526/2526/2526 2525/2525/2525 2511/2511/2511
f  2529/2529/2529 2528/2528/2528 2527/2527/2527
f  2530/2530/2530 2529/2529/2529 2527/2527/2527
f  2531/2531/2531 2530/2530/2530 2527/2527/2527
f  2532/2532/2532 2531/2531/2531 2527/2527/2527
f  2533/2533/2533 2532/2532/2532 2527/2527/2527
f  2534/2534/2534 2533/2533/2533 2527/2527/2527
f  2535/2535/2535 2534/2534/2534 2527/2527/2527
f  2536/2536/2536 2535/2535/2535 2527/2527/2527
f  2537/2537/2537 2536/2536/2536 2527/2527/2527
f  2538/2538/2538 2537/2537/2537 2527/2527/2527
f  2539/2539/2539 2538/2538/2538 2527/2527/2527
f  2540/2540/2540 2539/2539/2539 2527/2527/2527
f  2541/2541/2541 2540/2540/2540 2527/2527/2527
f  2542/2542/2542 2541/2541/2541 2527/2527/2527
f  2545/2545/2545 2544/2544/2544 2543/2543/2543
f  2546/2546/2546 2545/2545/2545 2543/2543/2543
f  2547/2547/2547 2546/2546/2546 2543/2543/2543
f  2548/2548/2548 2547/2547/2547 2543/2543/2543
f  2549/2549/2549 2548/2548/2548 2543/2543/2543
f  2550/2550/2550 2549/2549/2549 2543/2543/2543
f  2551/2551/2551 2550/2550/2550 2543/2543/2543
f  2552/2552/2552 2551/2551/2551 2543/2543/2543
f  2553/2553/2553 2552/2552/2552 2543/2543/2543
f  2554/2554/2554 2553/2553/2553 2543/2543/2543
f  2555/2555/2555 2554/2554/2554 2543/2543/2543
f  2556/2556/2556 2555/2555/2555 2543/2543/2543
f  2557/2557/2557 2556/2556/2556 2543/2543/2543
f  2558/2558/2558 2557/2557/2557 2543/2543/2543
f  2561/2561/2561 2560/2560/2560 2559/2559/2559
f  2562/2562/2562 2561/2561/2561 2559/2559/2559
f  2563/2563/2563 2562/2562/2562 2559/2559/2559
f  2564/2564/2564 2563/2563/2563 2559/2559/2559
f  2565/2565/2565 2564/2564/2564 2559/2559/2559
f  2566/2566/2566 2565/2565/2565 2559/2559/2559
f  2567/2567/2567 2566/2566/2566 2559/2559/2559
f  2568/2568/2568 2567/2567/2567 2559/2559/2559
f  2569/2569/2569 2568/2568/2568 2559/2559/2559
f  2570/2570/2570 2569/2569/2569 2559/2559/2559
f  2571/2571/2571 2570/2570/2570 2559/2559/2559
f  2572/2572/2572 2571/2571/2571 2559/2559/2559
f  2573/2573/2573 2572/2572/2572 2559/2559/2559
f  2574/2574/2574 2573/2573/2573 2559/2559/2559
f  2577/2577/2577 2576/2576/2576 2575/2575/2575
f  2578/2578/2578 2577/2577/2577 2575/2575/2575
f  2579/2579/2579 2578/2578/2578 2575/2575/2575
f  2580/2580/2580 2579/2579/2579 2575/2575/2575
f  2581/2581/2581 2580/2580/2580 2575/2575/2575
f  2582/2582/2582 2581/2581/2581 2575/2575/2575
f  2583/2583/2583 2582/2582/2582 2575/2575/2575
f  2584/2584/2584 2583/2583/2583 2575/2575/2575
f  2585/2585/2585 2584/2584/2584 2575/2575/2575
f  2586/2586/2586 2585/2585/2585 2575/2575/2575
f  2587/2587/2587 2586/2586/2586 2575/2575/2575
f  2588/2588/2588 2587/2587/2587 2575/2575/2575
f  2589/2589/2589 2588/2588/2588 2575/2575/2575
f  2592/2592/2592 2591/2591/2591 2590/2590/2590
f  2593/2593/2593 2592/2592/2592 2590/2590/2590
f  2594/2594/2594 2593/2593/2593 2590/2590/2590
f  2595/2595/2595 2594/2594/2594 2590/2590/2590
f  2596/2596/2596 2595/2595/2595 2590/2590/2590
f  2597/2597/2597 2596/2596/2596 2590/2590/2590
f  2598/2598/2598 2597/2597/2597 2590/2590/2590
f  2599/2599/2599 2598/2598/2598 2590/2590/2590
f  2600/2600/2600 2599/2599/2599 2590/2590/2590
f  2601/2601/2601 2600/2600/2600 2590/2590/2590
f  2602/2602/2602 2601/2601/2601 2590/2590/2590
f  2603/2603/2603 2602/2602/2602 2590/2590/2590
f  2604/2604/2604 2603/2603/2603 2590/2590/2590
f  2607/2607/2607 2606/2606/2606 2605/2605/2605
f  2608/2608/2608 2607/2607/2607 2605/2605/2605
f  2609/2609/2609 2608/2608/2608 2605/2605/2605
f  2610/2610/2610 2609/2609/2609 2605/2605/2605
f  2611/2611/2611 2610/2610/2610 2605/2605/2605
f  2612/2612/2612 2611/2611/2611 2605/2605/2605
f  2613/2613/2613 2612/2612/2612 2605/2605/2605
f  2614/2614/2614 2613/2613/2613 2605/2605/2605
f  2615/2615/2615 2614/2614/2614 2605/2605/2605
f  2616/2616/2616 2615/2615/2615 2605/2605/2605
f  2617/2617/2617 2616/2616/2616 2605/2605/2605
f  2620/2620/2620 2619/2619/2619 2618/2618/2618
f  2621/2621/2621 2620/2620/2620 2618/2618/2618
f  2622/2622/2622 2621/2621/2621 2618/2618/2618
f  2623/2623/2623 2622/2622/2622 2618/2618/2618
f  2624/2624/2624 2623/2623/2623 2618/2618/2618
f  2625/2625/2625 2624/2624/2624 2618/2618/2618
f  2626/2626/2626 2625/2625/2625 2618/2618/2618
f  2627/2627/2627 2626/2626/2626 2618/2618/2618
f  2628/2628/2628 2627/2627/2627 2618/2618/2618
f  2629/2629/2629 2628/2628/2628 2618/2618/2618
f  2630/2630/2630 2629/2629/2629 2618/2618/2618
f  2633/2633/2633 2632/2632/2632 2631/2631/2631
f  2634/2634/2634 2633/2633/2633 2631/2631/2631
f  2635/2635/2635 2634/2634/2634 2631/2631/2631
f  2636/2636/2636 2635/2635/2635 2631/2631/2631
f  2637/2637/2637 2636/2636/2636 2631/2631/2631
f  2638/2638/2638 2637/2637/2637 2631/2631/2631
f  2639/2639/2639 2638/2638/2638 2631/2631/2631
f  2640/2640/2640 2639/2639/2639 2631/2631/2631
f  2641/2641/2641 2640/2640/2640 2631/2631/2631
f  2642/2642/2642 2641/2641/2641 2631/2631/2631
f  2645/2645/2645 2644/2644/2644 2643/2643/2643
f  2646/2646/2646 2645/2645/2645 2643/2643/2643
f  2647/2647/2647 2646/2646/2646 2643/2643/2643
f  2648/2648/2648 2647/2647/2647 2643/2643/2643
f  2649/2649/2649 2648/2648/2648 2643/2643/2643
f  2650/2650/2650 2649/2649/2649 2643/2643/2643
f  2651/2651/2651 2650/2650/2650 2643/2643/2643
f  2652/2652/2652 2651/2651/2651 2643/2643/2643
f  2653/2653/2653 2652/2652/2652 2643/2643/2643
f  2656/2656/2656 2655/2655/2655 2654/2654/2654
f  2657/2657/2657 2656/2656/2656 2654/2654/2654
f  2658/2658/2658 2657/2657/2657 2654/2654/2654
f  2659/2659/2659 2658/2658/2658 2654/2654/2654
f  2660/2660/2660 2659/2659/2659 2654/2654/2654
f  2661/2661/2661 2660/2660/2660 2654/2654/2654
f  2662/2662/2662 2661/2661/2661 2654/2654/2654
f  2663/2663/2663 2662/2662/2662 2654/2654/2654
f  2666/2666/2666 2665/2665/2665 2664/2664/2664
f  2667/2667/2667 2666/2666/2666 2664/2664/2664
f  2668/2668/2668 2667/2667/2667 2664/2664/2664
f  2669/2669/2669 2668/2668/2668 2664/2664/2664
f  2670/2670/2670 2669/2669/2669 2664/2664/2664
f  2671/2671/2671 2670/2670/2670 2664/2664/2664
f  2672/2672/2672 2671/2671/2671 2664/2664/2664
f  2675/2675/2675 2674/2674/2674 2673/2673/2673
f  2676/2676/2676 2675/2675/2675 2673/2673/2673
f  2677/2677/2677 2676/2676/2676 2673/2673/2673
f  2678/2678/2678 2677/2677/2677 2673/2673/2673
f  2679/2679/2679 2678/2678/2678 2673/2673/2673
f  2680/2680/2680 2679/2679/2679 2673/2673/2673
f  2683/2683/2683 2682/2682/2682 2681/2681/2681
f  2684/2684/2684 2683/2683/2683 2681/2681/2681
f  2685/2685/2685 2684/2684/2684 2681/2681/2681
f  2686/2686/2686 2685/2685/2685 2681/2681/2681
f  2687/2687/2687 2686/2686/2686 2681/2681/2681
f  2690/2690/2690 2689/2689/2689 2688/2688/2688
f  2691/2691/2691 2690/2690/2690 2688/2688/2688
f  2692/2692/2692 2691/2691/2691 2688/2688/2688
f  2693/2693/2693 2692/2692/2692 2688/2688/2688
f  2696/2696/2696 2695/2695/2695 2694/2694/2694
f  2697/2697/2697 2696/2696/2696 2694/2694/2694
f  2698/2698/2698 2697/2697/2697 2694/2694/2694
f  2699/2699/2699 2698/2698/2698 2694/2694/2694
f  2702/2702/2702 2701/2701/2701 2700/2700/2700
f  2703/2703/2703 2702/2702/2702 2700/2700/2700
f  2704/2704/2704 2703/2703/2703 2700/2700/2700
f  2705/2705/2705 2704/2704/2704 2700/2700/2700
f  2708/2708/2708 2707/2707/2707 2706/2706/2706
f  2707/2707/2707 2708/2708/2708 2709/2709/2709
f  2710/2710/2710 2709/2709/2709 2708/2708/2708
f  2713/2713/2713 2712/2712/2712 2711/2711/2711
f  2712/2712/2712 2713/2713/2713 2714/2714/2714
f  2715/2715/2715 2714/2714/2714 2713/2713/2713
f  2718/2718/2718 2717/2717/2717 2716/2716/2716
f  2717/2717/2717 2718/2718/2718 2719/2719/2719
f  2720/2720/2720 2719/2719/2719 2718/2718/2718
f  2723/2723/2723 2722/2722/2722 2721/2721/2721
f  2722/2722/2722 2723/2723/2723 2724/2724/2724
f  2725/2725/2725 2724/2724/2724 2723/2723/2723
f  2728/2728/2728 2727/2727/2727 2726/2726/2726
f  2727/2727/2727 2728/2728/2728 2729/2729/2729
f  2730/2730/2730 2729/2729/2729 2728/2728/2728
f  2733/2733/2733 2732/2732/2732 2731/2731/2731
f  2732/2732/2732 2733/2733/2733 2734/2734/2734
f  2735/2735/2735 2734/2734/2734 2733/2733/2733
f  2738/2738/2738 2737/2737/2737 2736/2736/2736
f  2737/2737/2737 2738/2738/2738 2739/2739/2739
f  2742/2742/2742 2741/2741/2741 2740/2740/2740
f  2741/2741/2741 2742/2742/2742 2743/2743/2743
f  2746/2746/2746 2745/2745/2745 2744/2744/2744
f  2745/2745/2745 2746/2746/2746 2747/2747/2747
f  2750/2750/2750 2749/2749/2749 2748/2748/2748
f  2753/2753/2753 2752/2752/2752 2751/2751/2751

g
v  2.713870 0.283590 58.343952
v  1.263865 -2.896811 58.690266
v  2.623871 -0.843728 60.791275
v  1.283870 -2.783261 59.440605
v  1.353868 -3.713254 59.420284
v  -0.686130 -2.793250 59.420597
v  -0.746132 -3.713250 59.420280
v  -2.016129 -0.853718 60.791260
v  -1.806134 -2.953825 61.100540
v  -2.246139 -2.754525 63.140610
v  -1.556139 -4.264128 61.980087
v  -1.706142 -4.404530 63.150040
v  -0.046143 -5.654327 62.549614
v  0.043855 -5.364678 63.569714
v  0.653857 -5.654328 62.549614
v  0.613855 -5.384669 63.539707
v  2.173858 -4.374528 63.120060
v  0.433853 -5.074978 64.439812
v  2.123856 -4.354837 64.020065
v  1.363852 -5.185090 64.759781
v  2.653857 -3.384942 64.320404
v  2.883853 -3.245620 66.290451
v  3.243862 -1.364888 64.161095
v  2.973857 -0.285861 66.991470
v  2.923865 1.204851 64.921982
v  1.653860 2.053839 67.872269
v  1.693867 3.004602 65.652596
v  2.973857 -0.285861 66.991470
v  2.883853 -3.245620 66.290451
v  1.693849 -3.146284 68.230484
v  1.823849 -4.895703 66.539879
v  -1.156151 -4.795686 66.509903
v  -0.886148 -5.185085 64.759773
v  -2.206147 -3.145598 66.260475
v  -2.146143 -3.424948 64.370377
v  -2.666139 -1.374896 64.221085
v  -2.246139 -2.754525 63.140610
v  -2.396132 -0.624223 62.261341
v  -2.016129 -0.853718 60.791260
v  -1.016124 2.076138 61.202271
v  -2.176131 0.093504 58.423737
v  -1.256127 2.783397 58.516853
v  3.243862 -1.364888 64.161095
v  2.983868 -0.624207 62.181351
v  2.823861 -2.764509 63.060616
v  2.623871 -0.843728 60.791275
v  2.473866 -2.943834 61.100552
v  1.353868 -3.713254 59.420284
v  2.183861 -4.294150 62.020088
v  1.193862 -4.613814 61.049976
v  0.853859 -5.054136 61.989822
v  0.253861 -5.023888 61.269833
v  -0.266141 -5.054134 61.989819
v  -0.636138 -4.623810 61.049969
v  -1.556139 -4.264128 61.980087
v  -0.746132 -3.713250 59.420280
v  -1.806134 -2.953825 61.100540
v  1.693849 -3.146284 68.230484
v  -1.156151 -4.795686 66.509903
v  -1.096151 -3.146278 68.230476
v  -2.206147 -3.145598 66.260475
v  -2.446143 -0.285877 67.071457
v  -2.666139 -1.374896 64.221085
v  -2.366135 1.204835 65.001968
v  -2.396132 -0.624223 62.261341
v  -1.186127 2.815471 63.142525
v  -1.016124 2.076138 61.202271
v  2.123856 -4.354837 64.020065
v  2.823861 -2.764509 63.060616
v  2.173858 -4.374528 63.120060
v  2.183861 -4.294150 62.020088
v  0.653857 -5.654328 62.549614
v  0.853859 -5.054136 61.989822
v  -0.046143 -5.654327 62.549614
v  -0.266141 -5.054134 61.989819
v  -1.556139 -4.264128 61.980087
v  -1.256127 2.783408 58.506851
v  -1.006127 2.563617 58.326595
v  -2.176131 0.093516 58.413734
v  -2.006131 0.073829 58.143711
v  -0.726135 -2.876855 58.730289
v  -0.676136 -2.505696 57.730721
v  1.263865 -2.886800 58.680275
v  1.293865 -2.485722 57.750740
v  2.623869 0.083822 58.143719
v  -2.246139 -2.754525 63.140610
v  -2.146143 -3.424948 64.370377
v  -1.676144 -4.334819 63.990063
v  -0.886148 -5.185085 64.759773
v  0.123853 -5.074970 64.419815
v  0.433853 -5.074978 64.439812
v  0.043855 -5.364678 63.569714
v  0.613855 -5.384669 63.539707
v  2.713870 0.283590 58.343952
v  2.623871 -0.843728 60.791275
v  1.603876 2.076132 61.202278
v  2.983868 -0.624207 62.181351
v  1.723873 2.815465 63.142532
v  2.923865 1.204851 64.921982
v  1.693867 3.004602 65.652596
v  -1.116140 2.013852 67.852249
v  -1.156133 2.994608 65.652588
v  1.693867 3.004602 65.652596
v  -1.186127 2.815471 63.142525
v  1.723873 2.815465 63.142532
v  -1.016124 2.076138 61.202271
v  1.603876 2.076132 61.202278
v  -2.176131 0.093504 58.423737
v  -2.016129 -0.853718 60.791260
v  -0.726135 -2.876867 58.740292
v  -0.686130 -2.793250 59.420597
v  1.263865 -2.896811 58.690266
v  1.283870 -2.783261 59.440605
v  1.353868 -3.713254 59.420284
v  0.283865 -4.773327 59.639919
v  1.193862 -4.613814 61.049976
v  0.253861 -4.993815 61.059841
v  0.263861 -4.933843 61.139862
v  -0.636138 -4.623810 61.049969
v  1.693849 -3.146284 68.230484
v  -1.096151 -3.146278 68.230476
v  1.693853 -0.586394 68.551361
v  -1.096147 -0.596385 68.541351
v  1.653860 2.053839 67.872269
v  -1.116140 2.013852 67.852249
v  -2.446143 -0.285877 67.071457
v  -2.366135 1.204835 65.001968
v  -1.156133 2.994608 65.652588
v  -1.116140 2.013852 67.852249
v  -1.096147 -0.596385 68.541351
v  -1.096151 -3.146278 68.230476
v  0.433853 -5.074978 64.439812
v  -0.886148 -5.185085 64.759773
v  1.363852 -5.185090 64.759781
v  1.823849 -4.895703 66.539879
v  2.883853 -3.245620 66.290451
v  -2.246139 -2.754525 63.140610
v  -1.676144 -4.334819 63.990063
v  -1.706142 -4.404530 63.150040
v  0.123853 -5.074970 64.419815
v  0.043855 -5.364678 63.569714
v  1.263865 -2.886800 58.680275
v  2.623869 0.083822 58.143719
v  2.713870 0.283601 58.333950
v  1.613873 2.563613 58.326595
v  1.733874 2.773392 58.516838
v  2.123856 -4.354837 64.020065
v  2.653857 -3.384942 64.320404
v  2.823861 -2.764509 63.060616
v  3.243862 -1.364888 64.161095
v  1.193862 -4.613814 61.049976
v  0.253861 -4.953839 61.129856
v  0.253861 -5.023888 61.269833
v  -0.636138 -4.623810 61.049969
v  0.253861 -4.993815 61.059841
v  0.283865 -4.773327 59.639919
v  -0.636138 -4.623810 61.049969
v  -0.746132 -3.713250 59.420280
v  1.603876 2.076132 61.202278
v  -1.016124 2.076138 61.202271
v  1.733874 2.773393 58.516838
v  -1.256127 2.783397 58.516853
v  1.693849 -3.146284 68.230484
v  1.693853 -0.586394 68.551361
v  2.973857 -0.285861 66.991470
v  1.653860 2.053839 67.872269
v  0.263861 -4.933843 61.139862
v  -0.636138 -4.623810 61.049969
v  1.193862 -4.613814 61.049976
v  0.253861 -4.953839 61.129856
v  1.613873 2.563613 58.326595
v  -1.006127 2.563617 58.326595
v  1.733874 2.773392 58.516838
v  -1.256127 2.783408 58.506851
v  2.183861 -4.294150 62.020088
v  2.823861 -2.764509 63.060616
v  2.473866 -2.943834 61.100552
v  1.733874 2.773393 58.516838
v  2.713870 0.283590 58.343952
v  1.603876 2.076132 61.202278
v  -1.116140 2.013852 67.852249
v  1.693867 3.004602 65.652596
v  1.653860 2.053839 67.872269
v  -1.156133 2.994608 65.652588
v  -2.366135 1.204835 65.001968
v  -1.186127 2.815471 63.142525
v  2.923865 1.204851 64.921982
v  2.983868 -0.624207 62.181351
v  3.243862 -1.364888 64.161095
v  0.283865 -4.773327 59.639919
v  1.353868 -3.713254 59.420284
v  -0.746132 -3.713250 59.420280

vt  0.326172 -0.445545 0.000000
vt  0.228516 -0.445545 0.000000
vt  0.300781 -0.388119 0.000000
vt  0.228516 -0.427723 0.000000
vt  0.230469 -0.419802 0.000000
vt  0.179688 -0.427723 0.000000
vt  0.177734 -0.419802 0.000000
vt  0.107422 -0.388119 0.000000
vt  0.150391 -0.374257 0.000000
vt  0.134766 -0.322772 0.000000
vt  0.160156 -0.350495 0.000000
vt  0.154297 -0.322772 0.000000
vt  0.197266 -0.336634 0.000000
vt  0.197266 -0.312871 0.000000
vt  0.210938 -0.336634 0.000000
vt  0.210938 -0.312871 0.000000
vt  0.251953 -0.322772 0.000000
vt  0.208984 -0.289109 0.000000
vt  0.251953 -0.300990 0.000000
vt  0.232422 -0.281188 0.000000
vt  0.265625 -0.293069 0.000000
vt  0.269531 -0.235644 0.000000
vt  0.294922 -0.300990 0.000000
vt  0.320313 -0.225743 0.000000
vt  0.361328 -0.279208 0.000000
vt  0.392578 -0.203960 0.000000
vt  0.404297 -0.261386 0.000000
vt  0.320313 -0.225743 0.000000
vt  0.269531 -0.235644 0.000000
vt  0.242188 -0.188119 0.000000
vt  0.240234 -0.229703 0.000000
vt  0.169922 -0.229703 0.000000
vt  0.173828 -0.281188 0.000000
vt  0.140625 -0.235644 0.000000
vt  0.142578 -0.293069 0.000000
vt  0.113281 -0.300990 0.000000
vt  0.134766 -0.322772 0.000000
vt  0.093750 -0.348515 0.000000
vt  0.107422 -0.388119 0.000000
vt  0.011719 -0.378218 0.000000
vt  0.085938 -0.447525 0.000000
vt  0.007813 -0.447525 0.000000
vt  0.294922 -0.300990 0.000000
vt  0.312500 -0.350495 0.000000
vt  0.273438 -0.326733 0.000000
vt  0.300781 -0.388119 0.000000
vt  0.255859 -0.374257 0.000000
vt  0.230469 -0.419802 0.000000
vt  0.248047 -0.350495 0.000000
vt  0.220703 -0.372277 0.000000
vt  0.216797 -0.350495 0.000000
vt  0.203125 -0.366337 0.000000
vt  0.189453 -0.352475 0.000000
vt  0.185547 -0.372277 0.000000
vt  0.160156 -0.350495 0.000000
vt  0.177734 -0.419802 0.000000
vt  0.150391 -0.374257 0.000000
vt  0.242188 -0.188119 0.000000
vt  0.169922 -0.229703 0.000000
vt  0.164063 -0.188119 0.000000
vt  0.140625 -0.235644 0.000000
vt  0.085938 -0.223762 0.000000
vt  0.113281 -0.300990 0.000000
vt  0.050781 -0.283168 0.000000
vt  0.093750 -0.348515 0.000000
vt  0.000000 -0.330693 0.000000
vt  0.011719 -0.378218 0.000000
vt  0.251953 -0.300990 0.000000
vt  0.273438 -0.326733 0.000000
vt  0.251953 -0.322772 0.000000
vt  0.248047 -0.350495 0.000000
vt  0.210938 -0.336634 0.000000
vt  0.218750 -0.348515 0.000000
vt  0.197266 -0.336634 0.000000
vt  0.189453 -0.350495 0.000000
vt  0.160156 -0.350495 0.000000
vt  0.007813 -0.447525 0.000000
vt  0.011719 -0.407921 0.000000
vt  0.085938 -0.447525 0.000000
vt  0.107422 -0.417822 0.000000
vt  0.177734 -0.443564 0.000000
vt  0.179688 -0.437624 0.000000
vt  0.228516 -0.445545 0.000000
vt  0.228516 -0.437624 0.000000
vt  0.304688 -0.417822 0.000000
vt  0.134766 -0.322772 0.000000
vt  0.142578 -0.293069 0.000000
vt  0.152344 -0.300990 0.000000
vt  0.173828 -0.281188 0.000000
vt  0.199219 -0.289109 0.000000
vt  0.208984 -0.289109 0.000000
vt  0.197266 -0.312871 0.000000
vt  0.210938 -0.312871 0.000000
vt  0.326172 -0.445545 0.000000
vt  0.300781 -0.388119 0.000000
vt  0.400391 -0.378218 0.000000
vt  0.312500 -0.350495 0.000000
vt  0.406250 -0.330693 0.000000
vt  0.361328 -0.279208 0.000000
vt  0.404297 -0.261386 0.000000
vt  0.156250 -0.003960 0.000000
vt  0.156250 -0.059406 0.000000
vt  0.093750 -0.059406 0.000000
vt  0.156250 -0.124752 0.000000
vt  0.091797 -0.124752 0.000000
vt  0.152344 -0.170297 0.000000
vt  0.085938 -0.170297 0.000000
vt  0.085938 -0.447525 0.000000
vt  0.107422 -0.388119 0.000000
vt  0.177734 -0.443564 0.000000
vt  0.179688 -0.427723 0.000000
vt  0.228516 -0.445545 0.000000
vt  0.228516 -0.427723 0.000000
vt  0.230469 -0.419802 0.000000
vt  0.203125 -0.419802 0.000000
vt  0.220703 -0.372277 0.000000
vt  0.203125 -0.374257 0.000000
vt  0.203125 -0.370297 0.000000
vt  0.185547 -0.372277 0.000000
vt  0.242188 -0.188119 0.000000
vt  0.164063 -0.188119 0.000000
vt  0.240234 -0.118812 0.000000
vt  0.166016 -0.118812 0.000000
vt  0.240234 -0.049505 0.000000
vt  0.166016 -0.051485 0.000000
vt  0.085938 -0.223762 0.000000
vt  0.050781 -0.283168 0.000000
vt  0.000000 -0.261386 0.000000
vt  0.021484 -0.203960 0.000000
vt  0.087891 -0.184158 0.000000
vt  0.164063 -0.188119 0.000000
vt  0.208984 -0.289109 0.000000
vt  0.173828 -0.281188 0.000000
vt  0.232422 -0.281188 0.000000
vt  0.240234 -0.229703 0.000000
vt  0.269531 -0.235644 0.000000
vt  0.134766 -0.322772 0.000000
vt  0.152344 -0.300990 0.000000
vt  0.154297 -0.322772 0.000000
vt  0.199219 -0.289109 0.000000
vt  0.197266 -0.312871 0.000000
vt  0.228516 -0.445545 0.000000
vt  0.304688 -0.417822 0.000000
vt  0.326172 -0.445545 0.000000
vt  0.406250 -0.407921 0.000000
vt  0.410156 -0.447525 0.000000
vt  0.251953 -0.300990 0.000000
vt  0.265625 -0.293069 0.000000
vt  0.273438 -0.326733 0.000000
vt  0.294922 -0.300990 0.000000
vt  0.220703 -0.372277 0.000000
vt  0.203125 -0.368317 0.000000
vt  0.203125 -0.366337 0.000000
vt  0.185547 -0.372277 0.000000
vt  0.203125 -0.374257 0.000000
vt  0.203125 -0.419802 0.000000
vt  0.185547 -0.372277 0.000000
vt  0.177734 -0.419802 0.000000
vt  0.011719 -0.057426 0.000000
vt  0.080078 -0.057426 0.000000
vt  0.011719 -0.122772 0.000000
vt  0.078125 -0.122772 0.000000
vt  0.242188 -0.188119 0.000000
vt  0.316406 -0.184158 0.000000
vt  0.320313 -0.225743 0.000000
vt  0.392578 -0.203960 0.000000
vt  0.207031 -0.370297 0.000000
vt  0.207031 -0.370297 0.000000
vt  0.207031 -0.370297 0.000000
vt  0.207031 -0.370297 0.000000
vt  0.011719 -0.057426 0.000000
vt  0.080078 -0.057426 0.000000
vt  0.011719 -0.122772 0.000000
vt  0.078125 -0.122772 0.000000
vt  0.248047 -0.350495 0.000000
vt  0.273438 -0.326733 0.000000
vt  0.255859 -0.374257 0.000000
vt  0.410156 -0.447525 0.000000
vt  0.326172 -0.445545 0.000000
vt  0.400391 -0.378218 0.000000
vt  0.156250 -0.003960 0.000000
vt  0.093750 -0.059406 0.000000
vt  0.080078 -0.003960 0.000000
vt  0.000000 -0.261386 0.000000
vt  0.050781 -0.283168 0.000000
vt  0.000000 -0.330693 0.000000
vt  0.361328 -0.279208 0.000000
vt  0.312500 -0.350495 0.000000
vt  0.294922 -0.300990 0.000000
vt  0.205078 -0.411881 0.000000
vt  0.230469 -0.419802 0.000000
vt  0.177734 -0.419802 0.000000

vn  0.995166 0.083361 0.051914
vn  0.491575 -0.869317 0.051404
vn  0.962154 -0.096612 -0.254805
vn  0.569631 -0.575840 -0.586454
vn  0.532757 -0.316461 -0.784871
vn  -0.386638 -0.678355 -0.624776
vn  -0.610871 -0.351817 -0.709268
vn  -0.964109 -0.112377 -0.240551
vn  -0.919444 -0.246556 -0.306321
vn  -0.957516 -0.253037 -0.138333
vn  -0.741047 -0.602051 -0.297295
vn  -0.710909 -0.699223 0.075464
vn  -0.306954 -0.894334 -0.325492
vn  -0.181070 -0.934106 0.307668
vn  0.317791 -0.941013 -0.116207
vn  0.297697 -0.900916 0.315797
vn  0.713846 -0.690927 0.114210
vn  0.183019 -0.982919 -0.019336
vn  0.725072 -0.682001 -0.095635
vn  0.508756 -0.847876 -0.149244
vn  0.900122 -0.435617 -0.004299
vn  0.918647 -0.364453 0.152518
vn  0.995531 -0.088673 -0.032477
vn  0.917595 0.070373 0.391237
vn  0.931209 0.363084 0.031926
vn  0.846081 0.365717 0.387813
vn  0.838329 0.536798 0.095145
vn  0.917595 0.070373 0.391237
vn  0.918647 -0.364453 0.152518
vn  0.455065 -0.424441 0.782794
vn  0.361791 -0.864652 0.348545
vn  -0.394534 -0.784527 0.478394
vn  -0.385801 -0.919645 -0.073554
vn  -0.910439 -0.366867 0.191072
vn  -0.912163 -0.409339 0.020016
vn  -0.995783 -0.087205 -0.028474
vn  -0.957516 -0.253037 -0.138333
vn  -0.963222 0.158974 -0.216635
vn  -0.964109 -0.112377 -0.240551
vn  -0.939566 0.339683 -0.042801
vn  -0.994902 0.058647 0.082035
vn  -0.934923 0.314046 0.165207
vn  0.995531 -0.088673 -0.032477
vn  0.964051 0.165252 -0.208079
vn  0.955718 -0.277001 -0.099369
vn  0.962154 -0.096612 -0.254805
vn  0.922295 -0.244019 -0.299712
vn  0.532757 -0.316461 -0.784871
vn  0.734192 -0.625658 -0.263654
vn  0.458853 -0.868993 -0.185217
vn  0.279588 -0.939406 -0.198358
vn  -0.002866 -0.951422 -0.307878
vn  -0.291811 -0.939735 -0.178169
vn  -0.474673 -0.862608 -0.174906
vn  -0.741047 -0.602051 -0.297295
vn  -0.610871 -0.351817 -0.709268
vn  -0.919444 -0.246556 -0.306321
vn  0.455065 -0.424441 0.782794
vn  -0.394534 -0.784527 0.478394
vn  -0.461285 -0.327320 0.824668
vn  -0.910439 -0.366867 0.191072
vn  -0.917134 0.118717 0.380488
vn  -0.995783 -0.087205 -0.028474
vn  -0.939523 0.342456 -0.004533
vn  -0.963222 0.158974 -0.216635
vn  -0.880086 0.444495 -0.166952
vn  -0.939566 0.339683 -0.042801
vn  0.725072 -0.682001 -0.095635
vn  0.955718 -0.277001 -0.099369
vn  0.713846 -0.690927 0.114210
vn  0.734192 -0.625658 -0.263654
vn  0.317791 -0.941013 -0.116207
vn  0.140198 -0.698553 -0.701690
vn  -0.306954 -0.894334 -0.325492
vn  -0.216588 -0.705820 -0.674469
vn  -0.741047 -0.602051 -0.297295
vn  0.477497 -0.192988 0.857177
vn  0.660717 -0.284766 0.694522
vn  0.759170 -0.043439 0.649441
vn  0.897869 0.180789 0.401430
vn  0.638359 0.676316 0.367551
vn  0.338190 0.869840 0.359175
vn  -0.533221 0.801230 0.271489
vn  -0.523392 0.786373 0.328143
vn  -0.932072 0.193633 0.306183
vn  -0.957516 -0.253037 -0.138333
vn  -0.912163 -0.409339 0.020016
vn  -0.739169 -0.666683 -0.095724
vn  -0.385801 -0.919645 -0.073554
vn  -0.232092 -0.972318 -0.027054
vn  0.183019 -0.982919 -0.019336
vn  -0.181070 -0.934106 0.307668
vn  0.297697 -0.900916 0.315797
vn  0.995166 0.083361 0.051914
vn  0.962154 -0.096612 -0.254805
vn  0.934214 0.353852 -0.045082
vn  0.964051 0.165252 -0.208079
vn  0.876284 0.455056 -0.158274
vn  0.931209 0.363084 0.031926
vn  0.838329 0.536798 0.095145
vn  -0.009124 0.916757 0.399340
vn  -0.003520 0.984871 0.173253
vn  -0.005575 0.985596 0.169023
vn  -0.001146 0.985686 -0.168587
vn  0.000001 0.963962 -0.266040
vn  0.000001 0.933436 -0.358745
vn  0.000001 0.933436 -0.358745
vn  -0.994902 0.058647 0.082035
vn  -0.964109 -0.112377 -0.240551
vn  -0.628541 -0.776210 0.049342
vn  -0.386638 -0.678355 -0.624776
vn  0.491575 -0.869317 0.051404
vn  0.569631 -0.575840 -0.586454
vn  0.532757 -0.316461 -0.784871
vn  -0.002866 -0.951422 -0.307878
vn  0.458853 -0.868993 -0.185217
vn  0.002026 -0.970030 0.242976
vn  0.004980 -0.800499 0.599313
vn  -0.474673 -0.862608 -0.174906
vn  0.455065 -0.424441 0.782794
vn  -0.461285 -0.327320 0.824668
vn  -0.000583 0.002496 0.999997
vn  -0.003775 0.130700 0.991415
vn  -0.005464 0.253454 0.967332
vn  -0.005464 0.253454 0.967332
vn  -0.917134 0.118717 0.380488
vn  -0.939523 0.342456 -0.004533
vn  -0.853990 0.495155 0.159756
vn  -0.825785 0.320265 0.464230
vn  -0.732184 0.048430 0.679383
vn  -0.461285 -0.327320 0.824668
vn  0.183019 -0.982919 -0.019336
vn  -0.385801 -0.919645 -0.073554
vn  0.508756 -0.847876 -0.149244
vn  0.361791 -0.864652 0.348545
vn  0.918647 -0.364453 0.152518
vn  -0.957516 -0.253037 -0.138333
vn  -0.739169 -0.666683 -0.095724
vn  -0.710909 -0.699223 0.075464
vn  -0.232092 -0.972318 -0.027054
vn  -0.181070 -0.934106 0.307668
vn  -0.533221 0.801230 0.271489
vn  -0.932072 0.193633 0.306183
vn  -0.843251 -0.078249 0.531794
vn  -0.647803 -0.309141 0.696264
vn  -0.606082 -0.288861 0.741097
vn  0.725072 -0.682001 -0.095635
vn  0.900122 -0.435617 -0.004299
vn  0.955718 -0.277001 -0.099369
vn  0.995531 -0.088673 -0.032477
vn  0.458853 -0.868993 -0.185217
vn  -0.001155 -0.903008 -0.429622
vn  -0.002866 -0.951422 -0.307878
vn  -0.474673 -0.862608 -0.174906
vn  0.002026 -0.970030 0.242976
vn  -0.002866 -0.951422 -0.307878
vn  -0.474673 -0.862608 -0.174906
vn  -0.610871 -0.351817 -0.709268
vn  0.000002 0.967748 0.251919
vn  0.000002 0.967748 0.251919
vn  0.000002 0.967749 0.251918
vn  0.000002 0.967749 0.251918
vn  0.455065 -0.424441 0.782794
vn  0.765549 0.051141 0.641342
vn  0.917595 0.070373 0.391237
vn  0.846081 0.365717 0.387813
vn  -0.002435 0.277906 0.960605
vn  -0.004896 0.964986 -0.262255
vn  -0.004896 0.964986 -0.262255
vn  0.002275 -0.246512 -0.969137
vn  -0.000000 -0.645014 0.764171
vn  -0.000000 -0.645014 0.764171
vn  -0.000001 -0.645010 0.764174
vn  -0.000001 -0.645010 0.764174
vn  0.734192 -0.625658 -0.263654
vn  0.955718 -0.277001 -0.099369
vn  0.922295 -0.244019 -0.299712
vn  0.925793 0.353712 0.133396
vn  0.995166 0.083361 0.051914
vn  0.934214 0.353852 -0.045082
vn  -0.009124 0.916757 0.399340
vn  -0.005575 0.985596 0.169023
vn  -0.009124 0.916757 0.399340
vn  -0.853990 0.495155 0.159756
vn  -0.939523 0.342456 -0.004533
vn  -0.880086 0.444495 -0.166952
vn  0.931209 0.363084 0.031926
vn  0.964051 0.165252 -0.208079
vn  0.995531 -0.088673 -0.032477
vn  -0.000002 -0.202878 -0.979204
vn  0.532757 -0.316461 -0.784871
vn  -0.610871 -0.351817 -0.709268

g rdmobj02
usemtl hltex000
f  2756/2756/2756 2755/2755/2755 2754/2754/2754
f  2755/2755/2755 2756/2756/2756 2757/2757/2757
f  2758/2758/2758 2757/2757/2757 2756/2756/2756
f  2757/2757/2757 2758/2758/2758 2759/2759/2759
f  2760/2760/2760 2759/2759/2759 2758/2758/2758
f  2759/2759/2759 2760/2760/2760 2761/2761/2761
f  2762/2762/2762 2761/2761/2761 2760/2760/2760
f  2761/2761/2761 2762/2762/2762 2763/2763/2763
f  2764/2764/2764 2763/2763/2763 2762/2762/2762
f  2763/2763/2763 2764/2764/2764 2765/2765/2765
f  2766/2766/2766 2765/2765/2765 2764/2764/2764
f  2765/2765/2765 2766/2766/2766 2767/2767/2767
f  2768/2768/2768 2767/2767/2767 2766/2766/2766
f  2767/2767/2767 2768/2768/2768 2769/2769/2769
f  2770/2770/2770 2769/2769/2769 2768/2768/2768
f  2769/2769/2769 2770/2770/2770 2771/2771/2771
f  2772/2772/2772 2771/2771/2771 2770/2770/2770
f  2771/2771/2771 2772/2772/2772 2773/2773/2773
f  2774/2774/2774 2773/2773/2773 2772/2772/2772
f  2773/2773/2773 2774/2774/2774 2775/2775/2775
f  2776/2776/2776 2775/2775/2775 2774/2774/2774
f  2775/2775/2775 2776/2776/2776 2777/2777/2777
f  2778/2778/2778 2777/2777/2777 2776/2776/2776
f  2777/2777/2777 2778/2778/2778 2779/2779/2779
f  2780/2780/2780 2779/2779/2779 2778/2778/2778
f  2783/2783/2783 2782/2782/2782 2781/2781/2781
f  2782/2782/2782 2783/2783/2783 2784/2784/2784
f  2785/2785/2785 2784/2784/2784 2783/2783/2783
f  2784/2784/2784 2785/2785/2785 2786/2786/2786
f  2787/2787/2787 2786/2786/2786 2785/2785/2785
f  2786/2786/2786 2787/2787/2787 2788/2788/2788
f  2789/2789/2789 2788/2788/2788 2787/2787/2787
f  2788/2788/2788 2789/2789/2789 2790/2790/2790
f  2791/2791/2791 2790/2790/2790 2789/2789/2789
f  2790/2790/2790 2791/2791/2791 2792/2792/2792
f  2793/2793/2793 2792/2792/2792 2791/2791/2791
f  2792/2792/2792 2793/2793/2793 2794/2794/2794
f  2795/2795/2795 2794/2794/2794 2793/2793/2793
f  2798/2798/2798 2797/2797/2797 2796/2796/2796
f  2797/2797/2797 2798/2798/2798 2799/2799/2799
f  2800/2800/2800 2799/2799/2799 2798/2798/2798
f  2799/2799/2799 2800/2800/2800 2801/2801/2801
f  2802/2802/2802 2801/2801/2801 2800/2800/2800
f  2801/2801/2801 2802/2802/2802 2803/2803/2803
f  2804/2804/2804 2803/2803/2803 2802/2802/2802
f  2803/2803/2803 2804/2804/2804 2805/2805/2805
f  2806/2806/2806 2805/2805/2805 2804/2804/2804
f  2805/2805/2805 2806/2806/2806 2807/2807/2807
f  2808/2808/2808 2807/2807/2807 2806/2806/2806
f  2807/2807/2807 2808/2808/2808 2809/2809/2809
f  2810/2810/2810 2809/2809/2809 2808/2808/2808
f  2813/2813/2813 2812/2812/2812 2811/2811/2811
f  2812/2812/2812 2813/2813/2813 2814/2814/2814
f  2815/2815/2815 2814/2814/2814 2813/2813/2813
f  2814/2814/2814 2815/2815/2815 2816/2816/2816
f  2817/2817/2817 2816/2816/2816 2815/2815/2815
f  2816/2816/2816 2817/2817/2817 2818/2818/2818
f  2819/2819/2819 2818/2818/2818 2817/2817/2817
f  2818/2818/2818 2819/2819/2819 2820/2820/2820
f  2823/2823/2823 2822/2822/2822 2821/2821/2821
f  2822/2822/2822 2823/2823/2823 2824/2824/2824
f  2825/2825/2825 2824/2824/2824 2823/2823/2823
f  2824/2824/2824 2825/2825/2825 2826/2826/2826
f  2827/2827/2827 2826/2826/2826 2825/2825/2825
f  2826/2826/2826 2827/2827/2827 2828/2828/2828
f  2829/2829/2829 2828/2828/2828 2827/2827/2827
f  2832/2832/2832 2831/2831/2831 2830/2830/2830
f  2831/2831/2831 2832/2832/2832 2833/2833/2833
f  2834/2834/2834 2833/2833/2833 2832/2832/2832
f  2833/2833/2833 2834/2834/2834 2835/2835/2835
f  2836/2836/2836 2835/2835/2835 2834/2834/2834
f  2835/2835/2835 2836/2836/2836 2837/2837/2837
f  2838/2838/2838 2837/2837/2837 2836/2836/2836
f  2841/2841/2841 2840/2840/2840 2839/2839/2839
f  2840/2840/2840 2841/2841/2841 2842/2842/2842
f  2843/2843/2843 2842/2842/2842 2841/2841/2841
f  2842/2842/2842 2843/2843/2843 2844/2844/2844
f  2845/2845/2845 2844/2844/2844 2843/2843/2843
f  2844/2844/2844 2845/2845/2845 2846/2846/2846
f  2849/2849/2849 2848/2848/2848 2847/2847/2847
f  2848/2848/2848 2849/2849/2849 2850/2850/2850
f  2851/2851/2851 2850/2850/2850 2849/2849/2849
f  2850/2850/2850 2851/2851/2851 2852/2852/2852
f  2853/2853/2853 2852/2852/2852 2851/2851/2851
f  2856/2856/2856 2855/2855/2855 2854/2854/2854
f  2855/2855/2855 2856/2856/2856 2857/2857/2857
f  2858/2858/2858 2857/2857/2857 2856/2856/2856
f  2857/2857/2857 2858/2858/2858 2859/2859/2859
f  2860/2860/2860 2859/2859/2859 2858/2858/2858
f  2863/2863/2863 2862/2862/2862 2861/2861/2861
f  2862/2862/2862 2863/2863/2863 2864/2864/2864
f  2865/2865/2865 2864/2864/2864 2863/2863/2863
f  2864/2864/2864 2865/2865/2865 2866/2866/2866
f  2869/2869/2869 2868/2868/2868 2867/2867/2867
f  2868/2868/2868 2869/2869/2869 2870/2870/2870
f  2871/2871/2871 2870/2870/2870 2869/2869/2869
f  2870/2870/2870 2871/2871/2871 2872/2872/2872
f  2875/2875/2875 2874/2874/2874 2873/2873/2873
f  2874/2874/2874 2875/2875/2875 2876/2876/2876
f  2877/2877/2877 2876/2876/2876 2875/2875/2875
f  2876/2876/2876 2877/2877/2877 2878/2878/2878
f  2881/2881/2881 2880/2880/2880 2879/2879/2879
f  2882/2882/2882 2881/2881/2881 2879/2879/2879
f  2883/2883/2883 2882/2882/2882 2879/2879/2879
f  2884/2884/2884 2883/2883/2883 2879/2879/2879
f  2887/2887/2887 2886/2886/2886 2885/2885/2885
f  2886/2886/2886 2887/2887/2887 2888/2888/2888
f  2889/2889/2889 2888/2888/2888 2887/2887/2887
f  2892/2892/2892 2891/2891/2891 2890/2890/2890
f  2891/2891/2891 2892/2892/2892 2893/2893/2893
f  2894/2894/2894 2893/2893/2893 2892/2892/2892
f  2897/2897/2897 2896/2896/2896 2895/2895/2895
f  2896/2896/2896 2897/2897/2897 2898/2898/2898
f  2899/2899/2899 2898/2898/2898 2897/2897/2897
f  2902/2902/2902 2901/2901/2901 2900/2900/2900
f  2901/2901/2901 2902/2902/2902 2903/2903/2903
f  2906/2906/2906 2905/2905/2905 2904/2904/2904
f  2905/2905/2905 2906/2906/2906 2907/2907/2907
f  2910/2910/2910 2909/2909/2909 2908/2908/2908
f  2909/2909/2909 2910/2910/2910 2911/2911/2911
f  2914/2914/2914 2913/2913/2913 2912/2912/2912
f  2913/2913/2913 2914/2914/2914 2915/2915/2915
f  2918/2918/2918 2917/2917/2917 2916/2916/2916
f  2917/2917/2917 2918/2918/2918 2919/2919/2919
f  2922/2922/2922 2921/2921/2921 2920/2920/2920
f  2921/2921/2921 2922/2922/2922 2923/2923/2923
f  2926/2926/2926 2925/2925/2925 2924/2924/2924
f  2925/2925/2925 2926/2926/2926 2927/2927/2927
f  2930/2930/2930 2929/2929/2929 2928/2928/2928
f  2933/2933/2933 2932/2932/2932 2931/2931/2931
f  2936/2936/2936 2935/2935/2935 2934/2934/2934
f  2939/2939/2939 2938/2938/2938 2937/2937/2937
f  2942/2942/2942 2941/2941/2941 2940/2940/2940
f  2945/2945/2945 2944/2944/2944 2943/2943/2943

g
