version 1
nodes
  0 "Bip01" -1
  1 "Bip01 Pelvis" 0
  2 "Bip01 Spine" 1
  3 "Bip01 Spine1" 2
  4 "Bip01 Spine2" 3
  5 "Bip01 Spine3" 4
  6 "Bip01 Neck" 5
  7 "Bip01 Head" 6
  8 "Bip01 L Clavicle" 6
  9 "Bip01 L UpperArm" 8
  10 "Bip01 L Forearm" 9
  11 "Bip01 L Hand" 10
  12 "Bip01 L Finger0" 11
  13 "Bip01 L Finger01" 12
  14 "Bip01 L Finger1" 11
  15 "Bip01 L Finger11" 14
  16 "-- L knuckle" 14
  17 "-- L wrist" 10
  18 "-- L Elbow" 9
  19 "-- L bicep twist" 9
  20 "-- L shoulder outside" 8
  21 "-- L Shoulder inside" 8
  22 "Bip01 R Clavicle" 6
  23 "Bip01 R UpperArm" 22
  24 "Bip01 R Forearm" 23
  25 "Bip01 R Hand" 24
  26 "Bip01 R Finger0" 25
  27 "Bip01 R Finger01" 26
  28 "Bip01 R Finger1" 25
  29 "Bip01 R Finger11" 28
  30 "-- R knuckle" 28
  31 "-- R wrist" 24
  32 "-- R Elbow" 23
  33 "-- R bicep twist" 23
  34 "-- R Shoulder inside" 22
  35 "-- R shoulder outside" 22
  36 "-- Neck smooth" 5
  37 "-- R Butt" 1
  38 "-- L butt" 1
  39 "Bip01 L Thigh" 1
  40 "Bip01 L Calf" 39
  41 "Bip01 L Foot" 40
  42 "Bip01 L Toe0" 41
  43 "-- L ankle" 40
  44 "-- L Knee" 39
  45 "Bip01 R Thigh" 1
  46 "Bip01 R Calf" 45
  47 "Bip01 R Foot" 46
  48 "Bip01 R Toe0" 47
  49 "-- R Ankle" 46
  50 "-- R Knee" 45
  51 "head-h" 7
  52 "rotate-head" 51
  53 "b-1" 52
  54 "b-2" 52
  55 "b-3" 52
  56 "b-4" 52
  57 "b-5" 52
  58 "b-6" 52
  59 "b-7" 52
  60 "m-1" 52
  61 "m-2" 52
  62 "m-3" 52
  63 "m-4" 52
  64 "m-5" 52
  65 "m-6" 52
  66 "m-7" 52
  67 "m-8" 52
  68 "t-1" 52
  69 "t-2" 52
  70 "t-3" 52
  71 "t-4" 52
  72 "t-5" 52
  73 "t-6" 52
  74 "t-7" 52
  75 "t-8" 52
  76 "head-3" 7
  77 "head_part1" 76
  78 "head_part2" 76
  79 "head_part3" 76
  80 "head_part4" 76
  81 "neck-2" 36
  82 "neck-part5" 36
  83 "Bomb" 4
end
skeleton
  time 0
    0 0.233849 -2.251689 38.192150 0.000000 0.000000 -1.570795
    1 -2.276935 0.000003 -1.238186 -1.570795 -1.570451 0.000000
    2 1.797145 0.711796 -0.000002 -0.000004 -0.000001 0.000739
    3 4.118605 -0.003279 0.000000 0.000000 0.000000 0.000035
    4 4.118601 -0.003280 0.000000 0.000000 0.000000 0.000049
    5 4.118600 -0.003280 0.000000 0.000000 0.000000 -0.000009
    6 4.118531 -0.003538 0.000000 0.000000 0.000000 -0.019437
    7 4.443601 0.000000 0.000000 0.000000 -0.000001 0.201740
    8 0.000004 0.003534 1.732721 -0.000040 -1.501696 -3.122911
    9 6.384776 0.000000 0.000001 0.025648 -0.046980 0.004099
    10 10.242682 0.000000 -0.000002 0.000000 0.000000 -0.008014
    11 11.375562 0.000000 0.000005 -1.580468 -0.132234 0.009455
    12 0.728679 0.023429 -1.008292 1.705251 0.347372 0.567022
    13 2.136497 0.000000 0.000001 0.000000 0.000000 0.287979
    14 3.115505 -0.886041 -0.021431 -0.000782 0.000152 0.191986
    15 2.011151 0.000000 0.000000 0.000000 0.000000 0.659566
    16 1.734173 0.000003 0.000000 0.000000 0.000000 0.330185
    17 11.375562 0.000000 0.000005 -1.575523 -0.074433 0.005312
    18 10.510129 0.000000 0.000000 0.000000 0.000000 -1.574800
    19 5.500000 0.000000 -0.000001 -0.011814 0.000000 0.000000
    20 6.551491 0.000000 -0.000001 0.019708 -0.055281 0.008457
    21 6.551491 0.000000 -0.000001 0.010051 -0.028020 0.004425
    22 0.000004 0.003543 -1.732721 -0.000040 1.501696 -3.122992
    23 6.384777 0.000000 -0.000001 -0.025648 0.046980 0.004099
    24 10.242681 0.000000 0.000002 0.000000 0.000000 -0.008014
    25 11.375562 0.000000 -0.000002 1.580468 0.132234 0.009455
    26 0.728679 0.023429 1.008292 -1.705251 -0.347372 0.567022
    27 2.136496 -0.000001 0.000000 0.000000 0.000000 0.287979
    28 3.115505 -0.886040 0.021431 0.000782 -0.000152 0.191986
    29 2.011151 0.000000 0.000000 0.000000 0.000000 0.659566
    30 1.734173 -0.000001 0.000000 0.000000 0.000000 0.330185
    31 11.389366 -0.000819 0.158785 1.575523 0.074433 0.005312
    32 10.510130 0.000000 -0.000001 0.000000 0.000000 -1.574800
    33 5.499999 0.000000 0.000001 0.010051 0.000000 0.000000
    34 6.551491 0.000000 0.000001 -0.010051 0.028020 0.004424
    35 6.551491 0.000000 0.000001 -0.010051 0.028020 0.004424
    36 4.226144 -0.003201 0.000000 0.000000 0.000000 0.000000
    37 0.000005 -0.000005 -3.713579 3.134779 0.084610 3.077806
    38 -0.000005 0.000005 3.713579 -3.136294 -0.070511 3.088523
    39 -0.000005 0.000007 3.619081 -3.130461 -0.139304 3.055060
    40 16.573919 0.000000 0.000000 0.000000 0.000000 -0.162458
    41 15.128179 0.000000 0.000001 0.000920 -0.139743 0.076637
    42 5.758665 4.244730 0.000000 0.000000 0.000000 1.570796
    43 15.708952 0.000001 0.000000 0.001562 -0.077726 0.040998
    44 17.210194 0.000000 0.000001 0.000000 0.000000 -1.486823
    45 0.000005 -0.000003 -3.619081 3.130463 0.139307 3.055060
    46 16.573919 0.000000 0.000000 0.000000 0.000000 -0.162458
    47 15.128179 0.000000 0.000000 -0.000920 0.139743 0.076637
    48 5.758665 4.244731 0.000000 0.000000 0.000000 1.570796
    49 15.708952 0.000000 0.000000 -0.001364 0.104219 0.055002
    50 17.210192 0.000000 0.000000 0.000000 0.000000 -1.486823
    51 2.000000 0.000000 0.000000 -1.753915 -1.570792 0.000000
    52 0.000000 1.000000 0.000000 0.000000 0.000000 0.000000
    53 0.000000 1.500000 0.000000 0.000000 0.000000 0.000000
    54 0.000000 1.501000 0.000000 0.000000 0.000000 0.000000
    55 0.000000 1.502000 0.000000 0.000000 0.000000 0.000000
    56 0.000000 1.503000 0.000000 0.000000 0.000000 0.000000
    57 0.000000 1.504000 0.000000 0.000000 0.000000 0.000000
    58 0.000000 1.505000 0.000000 0.000000 0.000000 0.000000
    59 0.000000 1.506000 0.000000 0.000000 0.000000 0.000000
    60 0.000000 1.507000 0.000000 0.000000 0.000000 0.000000
    61 0.000000 1.508000 0.000000 0.000000 0.000000 0.000000
    62 0.000000 1.509000 0.000000 0.000000 0.000000 0.000000
    63 0.000000 1.510000 0.000000 0.000000 0.000000 0.000000
    64 0.000000 1.511000 0.000000 0.000000 0.000000 0.000000
    65 0.000000 1.512000 0.000000 0.000000 0.000000 0.000000
    66 0.000000 1.513000 0.000000 0.000000 0.000000 0.000000
    67 0.000000 1.514000 0.000000 0.000000 0.000000 0.000000
    68 0.000000 1.515000 0.000000 0.000000 0.000000 0.000000
    69 0.000000 1.516000 0.000000 0.000000 0.000000 0.000000
    70 0.000000 1.517000 0.000000 0.000000 0.000000 0.000000
    71 0.000000 1.518000 0.000000 0.000000 0.000000 0.000000
    72 0.000000 1.519000 0.000000 0.000000 0.000000 0.000000
    73 0.000000 1.520000 0.000000 0.000000 0.000000 0.000000
    74 0.000000 1.521000 0.000000 0.000000 0.000000 0.000000
    75 0.000000 1.522000 0.000000 0.000000 0.000000 0.000000
    76 1.000000 0.000000 0.000000 -1.753915 -1.570792 0.000000
    77 0.000000 4.000000 4.000000 0.000000 0.000000 0.000000
    78 0.000000 5.300000 1.000000 0.000000 0.000000 0.000000
    79 2.000000 5.000000 -2.000000 0.000000 0.000000 0.000000
    80 -2.000000 5.000000 -2.000000 0.000000 0.000000 0.000000
    81 2.000000 0.000000 0.000000 0.000000 0.000000 0.000000
    82 3.000000 0.000000 0.000000 0.000000 0.000000 0.000000
    83 1.558341 -6.903261 -0.233856 -0.095171 1.570796 0.000000
end
triangles
blood.bmp
  57 1.323865 -1.497256 64.958323 0.942354 -0.176570 0.284239 0.687023 0.417323
  57 0.383871 -0.286649 63.198737 0.866761 -0.045299 -0.496662 0.870229 0.511811
  57 0.483872 0.193299 63.348902 0.540580 -0.423676 -0.726824 0.854962 0.551181
blood.bmp
  57 1.323865 -1.497256 64.958323 0.942354 -0.176570 0.284239 0.687023 0.417323
  57 0.283870 -0.816611 63.088555 0.886762 0.179340 -0.426017 0.893130 0.464567
  57 0.383871 -0.286649 63.198737 0.866761 -0.045299 -0.496662 0.870229 0.511811
blood.bmp
  57 1.323865 -1.497256 64.958323 0.942354 -0.176570 0.284239 0.687023 0.417323
  57 0.413870 -1.216553 62.918417 0.859038 0.391197 -0.330180 0.923664 0.433071
  57 0.283870 -0.816611 63.088555 0.886762 0.179340 -0.426017 0.893130 0.464567
blood.bmp
  57 1.323865 -1.497256 64.958323 0.942354 -0.176570 0.284239 0.687023 0.417323
  57 0.583869 -1.626539 62.878277 0.815387 0.481419 -0.321527 0.938931 0.393701
  57 0.413870 -1.216553 62.918417 0.859038 0.391197 -0.330180 0.923664 0.433071
blood.bmp
  57 1.323865 -1.497256 64.958323 0.942354 -0.176570 0.284239 0.687023 0.417323
  57 0.753869 -1.936495 62.748171 0.937706 -0.293902 -0.185280 0.969466 0.370079
  57 0.583869 -1.626539 62.878277 0.815387 0.481419 -0.321527 0.938931 0.393701
blood.bmp
  57 1.323865 -1.497256 64.958323 0.942354 -0.176570 0.284239 0.687023 0.417323
  57 0.373868 -2.056608 63.078129 0.858620 -0.404764 -0.314544 0.931298 0.354331
  57 0.753869 -1.936495 62.748171 0.937706 -0.293902 -0.185280 0.969466 0.370079
blood.bmp
  57 1.323865 -1.497256 64.958323 0.942354 -0.176570 0.284239 0.687023 0.417323
  57 0.503867 -2.406584 63.008009 0.934104 -0.107751 -0.340351 0.954198 0.314961
  57 0.373868 -2.056608 63.078129 0.858620 -0.404764 -0.314544 0.931298 0.354331
blood.bmp
  57 1.323865 -1.497256 64.958323 0.942354 -0.176570 0.284239 0.687023 0.417323
  57 0.313865 -2.776807 63.657881 0.824252 -0.557844 -0.097052 0.885496 0.267717
  57 0.503867 -2.406584 63.008009 0.934104 -0.107751 -0.340351 0.954198 0.314961
blood.bmp
  57 1.323865 -1.497256 64.958323 0.942354 -0.176570 0.284239 0.687023 0.417323
  57 0.223863 -3.077054 64.377778 0.525798 -0.594810 0.608061 0.816794 0.212598
  57 0.313865 -2.776807 63.657881 0.824252 -0.557844 -0.097052 0.885496 0.267717
blood.bmp
  57 1.323865 -1.497256 64.958323 0.942354 -0.176570 0.284239 0.687023 0.417323
  57 -0.076136 -2.337115 64.558031 0.241676 -0.722755 0.647470 0.778626 0.299213
  57 0.223863 -3.077054 64.377778 0.525798 -0.594810 0.608061 0.816794 0.212598
blood.bmp
  57 1.323865 -1.497256 64.958323 0.942354 -0.176570 0.284239 0.687023 0.417323
  57 -0.246138 -2.367366 65.288021 0.498371 -0.853387 0.152828 0.709924 0.275591
  57 -0.076136 -2.337115 64.558031 0.241676 -0.722755 0.647470 0.778626 0.299213
blood.bmp
  57 1.323865 -1.497256 64.958323 0.942354 -0.176570 0.284239 0.687023 0.417323
  57 -0.386139 -2.217651 66.118072 0.616426 -0.311482 0.723186 0.610687 0.259843
  57 -0.246138 -2.367366 65.288021 0.498371 -0.853387 0.152828 0.709924 0.275591
blood.bmp
  57 1.323865 -1.497256 64.958323 0.942354 -0.176570 0.284239 0.687023 0.417323
  57 -0.516137 -1.267527 65.758398 0.397697 0.378204 0.835942 0.648855 0.370079
  57 -0.386139 -2.217651 66.118072 0.616426 -0.311482 0.723186 0.610687 0.259843
blood.bmp
  57 1.323865 -1.497256 64.958323 0.942354 -0.176570 0.284239 0.687023 0.417323
  57 -0.776135 -0.707471 65.598590 0.397697 0.378204 0.835942 0.648855 0.425197
  57 -0.516137 -1.267527 65.758398 0.397697 0.378204 0.835942 0.648855 0.370079
blood.bmp
  57 1.323865 -1.497256 64.958323 0.942354 -0.176570 0.284239 0.687023 0.417323
  57 -0.766133 -0.007375 65.318830 -0.025947 -0.264816 0.963950 0.664122 0.488189
  57 -0.776135 -0.707471 65.598590 0.397697 0.378204 0.835942 0.648855 0.425197
blood.bmp
  57 1.323865 -1.497256 64.958323 0.942354 -0.176570 0.284239 0.687023 0.417323
  57 -0.506134 -0.017444 65.518828 -0.132774 -0.486157 0.863726 0.641221 0.488189
  57 -0.766133 -0.007375 65.318830 -0.025947 -0.264816 0.963950 0.664122 0.488189
blood.bmp
  57 1.323865 -1.497256 64.958323 0.942354 -0.176570 0.284239 0.687023 0.417323
  57 -0.236133 -0.007428 65.468832 0.445860 0.171196 0.878579 0.633588 0.472441
  57 -0.506134 -0.017444 65.518828 -0.132774 -0.486157 0.863726 0.641221 0.488189
blood.bmp
  57 1.323865 -1.497256 64.958323 0.942354 -0.176570 0.284239 0.687023 0.417323
  57 0.023868 0.202709 65.068905 -0.728596 -0.582835 0.359794 0.687023 0.503937
  57 -0.236133 -0.007428 65.468832 0.445860 0.171196 0.878579 0.633588 0.472441
blood.bmp
  57 1.323865 -1.497256 64.958323 0.942354 -0.176570 0.284239 0.687023 0.417323
  57 -0.166133 0.492435 65.869004 -0.811455 -0.581004 -0.063052 0.587786 0.527559
  57 0.023868 0.202709 65.068905 -0.728596 -0.582835 0.359794 0.687023 0.503937
blood.bmp
  57 1.323865 -1.497256 64.958323 0.942354 -0.176570 0.284239 0.687023 0.417323
  57 -0.266134 0.522284 66.309014 -0.164131 -0.631680 0.757655 0.534351 0.527559
  57 -0.166133 0.492435 65.869004 -0.811455 -0.581004 -0.063052 0.587786 0.527559
blood.bmp
  57 1.323865 -1.497256 64.958323 0.942354 -0.176570 0.284239 0.687023 0.417323
  57 0.103868 1.152441 65.849231 0.880738 0.279815 0.382106 0.564885 0.606299
  57 -0.266134 0.522284 66.309014 -0.164131 -0.631680 0.757655 0.534351 0.527559
blood.bmp
  57 1.323865 -1.497256 64.958323 0.942354 -0.176570 0.284239 0.687023 0.417323
  57 0.193869 0.972592 65.409169 0.908063 0.418749 0.008465 0.625954 0.590551
  57 0.103868 1.152441 65.849231 0.880738 0.279815 0.382106 0.564885 0.606299
blood.bmp
  57 1.323865 -1.497256 64.958323 0.942354 -0.176570 0.284239 0.687023 0.417323
  57 0.333870 0.682901 64.509070 0.894547 0.430538 0.120093 0.725191 0.574803
  57 0.193869 0.972592 65.409169 0.908063 0.418749 0.008465 0.625954 0.590551
blood.bmp
  57 1.323865 -1.497256 64.958323 0.942354 -0.176570 0.284239 0.687023 0.417323
  57 0.613873 0.653261 63.459061 0.964321 0.193587 -0.180582 0.839695 0.598425
  57 0.333870 0.682901 64.509070 0.894547 0.430538 0.120093 0.725191 0.574803
blood.bmp
  57 1.323865 -1.497256 64.958323 0.942354 -0.176570 0.284239 0.687023 0.417323
  57 0.483872 0.193299 63.348902 0.540580 -0.423676 -0.726824 0.854962 0.551181
  57 0.613873 0.653261 63.459061 0.964321 0.193587 -0.180582 0.839695 0.598425
blood.bmp
  59 1.063867 -0.137342 65.210790 0.456374 0.541256 0.706233 0.190840 0.433071
  59 -0.506136 -1.457397 65.380333 0.066357 0.050706 0.996507 0.374046 0.377953
  59 -0.106137 -1.677487 65.640258 0.201480 0.121612 0.971914 0.343511 0.330709
blood.bmp
  59 1.063867 -0.137342 65.210790 0.456374 0.541256 0.706233 0.190840 0.433071
  59 -0.916136 -0.997537 65.790490 0.147419 0.296237 0.943669 0.442748 0.433071
  59 -0.506136 -1.457397 65.380333 0.066357 0.050706 0.996507 0.374046 0.377953
blood.bmp
  59 1.063867 -0.137342 65.210790 0.456374 0.541256 0.706233 0.190840 0.433071
  59 -0.926135 -0.797430 65.480559 -0.313130 0.949647 0.010948 0.412214 0.480315
  59 -0.916136 -0.997537 65.790490 0.147419 0.296237 0.943669 0.442748 0.433071
blood.bmp
  59 1.063867 -0.137342 65.210790 0.456374 0.541256 0.706233 0.190840 0.433071
  59 -0.556134 -1.167163 64.700432 -0.505393 0.853510 -0.126879 0.297710 0.519685
  59 -0.926135 -0.797430 65.480559 -0.313130 0.949647 0.010948 0.412214 0.480315
blood.bmp
  59 1.063867 -0.137342 65.210790 0.456374 0.541256 0.706233 0.190840 0.433071
  59 -0.476131 -0.796902 63.940560 -0.613904 0.689981 0.383469 0.236641 0.606299
  59 -0.556134 -1.167163 64.700432 -0.505393 0.853510 -0.126879 0.297710 0.519685
blood.bmp
  59 1.063867 -0.137342 65.210790 0.456374 0.541256 0.706233 0.190840 0.433071
  59 -0.506131 -0.706844 63.770591 -0.643154 0.613345 0.458434 0.229008 0.637795
  59 -0.476131 -0.796902 63.940560 -0.613904 0.689981 0.383469 0.236641 0.606299
blood.bmp
  59 1.063867 -0.137342 65.210790 0.456374 0.541256 0.706233 0.190840 0.433071
  59 -0.506130 -0.616802 63.650622 -0.719050 0.269837 0.640433 0.213740 0.661417
  59 -0.506131 -0.706844 63.770591 -0.643154 0.613345 0.458434 0.229008 0.637795
blood.bmp
  59 1.063867 -0.137342 65.210790 0.456374 0.541256 0.706233 0.190840 0.433071
  59 -0.336130 0.083108 63.910863 -0.503444 0.576314 0.643744 0.198473 0.614173
  59 -0.506130 -0.616802 63.650622 -0.719050 0.269837 0.640433 0.213740 0.661417
blood.bmp
  59 1.063867 -0.137342 65.210790 0.456374 0.541256 0.706233 0.190840 0.433071
  59 0.383871 0.193185 63.680902 -0.225651 0.927875 0.296865 0.137405 0.527559
  59 -0.336130 0.083108 63.910863 -0.503444 0.576314 0.643744 0.198473 0.614173
blood.bmp
  59 1.063867 -0.137342 65.210790 0.456374 0.541256 0.706233 0.190840 0.433071
  59 0.383872 0.243227 63.560919 0.050720 0.978391 0.200447 0.122137 0.551181
  59 0.383871 0.193185 63.680902 -0.225651 0.927875 0.296865 0.137405 0.527559
blood.bmp
  59 1.063867 -0.137342 65.210790 0.456374 0.541256 0.706233 0.190840 0.433071
  59 0.953872 -0.066671 63.260814 0.844845 0.534298 -0.027605 0.045802 0.503937
  59 0.383872 0.243227 63.560919 0.050720 0.978391 0.200447 0.122137 0.551181
blood.bmp
  59 1.063867 -0.137342 65.210790 0.456374 0.541256 0.706233 0.190840 0.433071
  59 0.973871 -0.456699 63.340680 0.916933 0.383978 -0.108608 0.053435 0.488189
  59 0.953872 -0.066671 63.260814 0.844845 0.534298 -0.027605 0.045802 0.503937
blood.bmp
  59 1.063867 -0.137342 65.210790 0.456374 0.541256 0.706233 0.190840 0.433071
  59 1.453870 -0.956707 63.360509 0.937780 0.344547 0.043091 0.015267 0.448819
  59 0.973871 -0.456699 63.340680 0.916933 0.383978 -0.108608 0.053435 0.488189
blood.bmp
  59 1.063867 -0.137342 65.210790 0.456374 0.541256 0.706233 0.190840 0.433071
  59 1.423868 -1.576693 63.320296 0.975666 -0.037627 0.216008 0.007634 0.417323
  59 1.453870 -0.956707 63.360509 0.937780 0.344547 0.043091 0.015267 0.448819
blood.bmp
  59 1.063867 -0.137342 65.210790 0.456374 0.541256 0.706233 0.190840 0.433071
  59 1.363867 -1.776789 63.600227 0.989962 0.051601 0.131574 0.038168 0.385827
  59 1.423868 -1.576693 63.320296 0.975666 -0.037627 0.216008 0.007634 0.417323
blood.bmp
  59 1.063867 -0.137342 65.210790 0.456374 0.541256 0.706233 0.190840 0.433071
  59 1.363866 -1.926920 63.980176 0.966161 0.234193 -0.108108 0.068702 0.330709
  59 1.363867 -1.776789 63.600227 0.989962 0.051601 0.131574 0.038168 0.385827
blood.bmp
  59 1.063867 -0.137342 65.210790 0.456374 0.541256 0.706233 0.190840 0.433071
  59 1.443865 -1.897030 64.300186 0.941210 0.291769 -0.170278 0.091603 0.275591
  59 1.363866 -1.926920 63.980176 0.966161 0.234193 -0.108108 0.068702 0.330709
blood.bmp
  59 1.063867 -0.137342 65.210790 0.456374 0.541256 0.706233 0.190840 0.433071
  59 1.463865 -1.857140 64.620200 0.974791 0.179801 0.132117 0.114504 0.228346
  59 1.443865 -1.897030 64.300186 0.941210 0.291769 -0.170278 0.091603 0.275591
blood.bmp
  59 1.063867 -0.137342 65.210790 0.456374 0.541256 0.706233 0.190840 0.433071
  59 1.303863 -2.017315 65.130145 0.459441 0.021196 0.887955 0.167939 0.173228
  59 1.463865 -1.857140 64.620200 0.974791 0.179801 0.132117 0.114504 0.228346
blood.bmp
  59 1.063867 -0.137342 65.210790 0.456374 0.541256 0.706233 0.190840 0.433071
  59 1.003863 -2.117280 65.030110 0.009319 -0.085995 0.996252 0.190840 0.236220
  59 1.303863 -2.017315 65.130145 0.459441 0.021196 0.887955 0.167939 0.173228
blood.bmp
  59 1.063867 -0.137342 65.210790 0.456374 0.541256 0.706233 0.190840 0.433071
  59 0.693863 -2.187310 65.120085 0.225852 -0.079194 0.970937 0.229008 0.275591
  59 1.003863 -2.117280 65.030110 0.009319 -0.085995 0.996252 0.190840 0.236220
blood.bmp
  59 1.063867 -0.137342 65.210790 0.456374 0.541256 0.706233 0.190840 0.433071
  59 0.433863 -2.067327 65.170125 0.633155 -0.217161 0.742937 0.251908 0.314961
  59 0.693863 -2.187310 65.120085 0.225852 -0.079194 0.970937 0.229008 0.275591
blood.bmp
  59 1.063867 -0.137342 65.210790 0.456374 0.541256 0.706233 0.190840 0.433071
  59 0.353862 -1.977454 65.540156 0.498705 -0.034580 0.866082 0.290076 0.267717
  59 0.433863 -2.067327 65.170125 0.633155 -0.217161 0.742937 0.251908 0.314961
blood.bmp
  59 1.063867 -0.137342 65.210790 0.456374 0.541256 0.706233 0.190840 0.433071
  59 0.123863 -1.747415 65.430235 0.238400 -0.008165 0.971133 0.305344 0.330709
  59 0.353862 -1.977454 65.540156 0.498705 -0.034580 0.866082 0.290076 0.267717
blood.bmp
  59 1.063867 -0.137342 65.210790 0.456374 0.541256 0.706233 0.190840 0.433071
  59 -0.106137 -1.677487 65.640258 0.201480 0.121612 0.971914 0.343511 0.330709
  59 0.123863 -1.747415 65.430235 0.238400 -0.008165 0.971133 0.305344 0.330709
blood.bmp
  67 1.223870 0.242923 64.438921 0.732391 0.679992 -0.034836 0.480916 0.653543
  67 1.443863 -2.177249 64.938090 0.983557 0.117732 0.136948 0.679389 0.811024
  67 1.133864 -2.137145 64.638103 0.679402 -0.087258 -0.728560 0.633588 0.748031
blood.bmp
  67 1.223870 0.242923 64.438921 0.732391 0.679992 -0.034836 0.480916 0.653543
  67 0.963863 -2.117320 65.148109 0.860880 0.058093 0.505480 0.587786 0.795276
  67 1.443863 -2.177249 64.938090 0.983557 0.117732 0.136948 0.679389 0.811024
blood.bmp
  67 1.223870 0.242923 64.438921 0.732391 0.679992 -0.034836 0.480916 0.653543
  67 0.973862 -2.187423 65.448085 0.994702 -0.102750 -0.003235 0.580153 0.834646
  67 0.963863 -2.117320 65.148109 0.860880 0.058093 0.505480 0.587786 0.795276
blood.bmp
  67 1.223870 0.242923 64.438921 0.732391 0.679992 -0.034836 0.480916 0.653543
  67 0.953861 -2.177544 65.798089 0.995477 -0.086083 0.040195 0.557252 0.881890
  67 0.973862 -2.187423 65.448085 0.994702 -0.102750 -0.003235 0.580153 0.834646
blood.bmp
  67 1.223870 0.242923 64.438921 0.732391 0.679992 -0.034836 0.480916 0.653543
  67 0.963861 -2.047616 66.008133 0.825104 0.252003 0.505665 0.549618 0.905512
  67 0.953861 -2.177544 65.798089 0.995477 -0.086083 0.040195 0.557252 0.881890
blood.bmp
  67 1.223870 0.242923 64.438921 0.732391 0.679992 -0.034836 0.480916 0.653543
  67 0.243862 -1.667642 66.088262 0.602472 0.319960 0.731200 0.427481 0.858268
  67 0.963861 -2.047616 66.008133 0.825104 0.252003 0.505665 0.549618 0.905512
blood.bmp
  67 1.223870 0.242923 64.438921 0.732391 0.679992 -0.034836 0.480916 0.653543
  67 -0.226138 -0.907809 66.578523 0.096404 0.846985 0.522802 0.312977 0.897638
  67 0.243862 -1.667642 66.088262 0.602472 0.319960 0.731200 0.427481 0.858268
blood.bmp
  67 1.223870 0.242923 64.438921 0.732391 0.679992 -0.034836 0.480916 0.653543
  67 -0.466137 -1.247548 65.818405 -0.742638 0.630254 -0.226425 0.328244 0.771654
  67 -0.226138 -0.907809 66.578523 0.096404 0.846985 0.522802 0.312977 0.897638
blood.bmp
  67 1.223870 0.242923 64.438921 0.732391 0.679992 -0.034836 0.480916 0.653543
  67 -0.506137 -1.437479 65.618340 -0.665565 0.741637 0.083651 0.335878 0.748031
  67 -0.466137 -1.247548 65.818405 -0.742638 0.630254 -0.226425 0.328244 0.771654
blood.bmp
  67 1.223870 0.242923 64.438921 0.732391 0.679992 -0.034836 0.480916 0.653543
  67 -0.606136 -1.287372 65.308391 -0.592950 0.790584 0.152931 0.343511 0.700787
  67 -0.506137 -1.437479 65.618340 -0.665565 0.741637 0.083651 0.335878 0.748031
blood.bmp
  67 1.223870 0.242923 64.438921 0.732391 0.679992 -0.034836 0.480916 0.653543
  67 -0.556135 -1.327279 65.038377 -0.621622 0.765229 0.167361 0.374046 0.677165
  67 -0.606136 -1.287372 65.308391 -0.592950 0.790584 0.152931 0.343511 0.700787
blood.bmp
  67 1.223870 0.242923 64.438921 0.732391 0.679992 -0.034836 0.480916 0.653543
  67 -0.806133 -1.087090 64.488459 -0.441945 0.692918 0.569692 0.358779 0.614173
  67 -0.556135 -1.327279 65.038377 -0.621622 0.765229 0.167361 0.374046 0.677165
blood.bmp
  67 1.223870 0.242923 64.438921 0.732391 0.679992 -0.034836 0.480916 0.653543
  67 -0.876131 -0.706928 64.018590 -0.438927 0.862477 0.251946 0.358779 0.551181
  67 -0.806133 -1.087090 64.488459 -0.441945 0.692918 0.569692 0.358779 0.614173
blood.bmp
  67 1.223870 0.242923 64.438921 0.732391 0.679992 -0.034836 0.480916 0.653543
  67 -0.466129 -0.686613 63.098598 -0.179340 0.900819 -0.395428 0.450382 0.464567
  67 -0.876131 -0.706928 64.018590 -0.438927 0.862477 0.251946 0.358779 0.551181
blood.bmp
  67 1.223870 0.242923 64.438921 0.732391 0.679992 -0.034836 0.480916 0.653543
  67 0.233871 -1.256363 62.368404 0.430038 0.620394 -0.655880 0.603053 0.409449
  67 -0.466129 -0.686613 63.098598 -0.179340 0.900819 -0.395428 0.450382 0.464567
blood.bmp
  67 1.223870 0.242923 64.438921 0.732391 0.679992 -0.034836 0.480916 0.653543
  67 0.573870 -1.486471 62.678325 0.366404 0.593456 -0.716629 0.648855 0.480315
  67 0.233871 -1.256363 62.368404 0.430038 0.620394 -0.655880 0.603053 0.409449
blood.bmp
  67 1.223870 0.242923 64.438921 0.732391 0.679992 -0.034836 0.480916 0.653543
  67 0.833870 -1.496454 62.628322 0.528503 0.553172 -0.643961 0.694656 0.496063
  67 0.573870 -1.486471 62.678325 0.366404 0.593456 -0.716629 0.648855 0.480315
blood.bmp
  67 1.223870 0.242923 64.438921 0.732391 0.679992 -0.034836 0.480916 0.653543
  67 1.003869 -1.726571 62.968244 0.980817 -0.174669 0.086542 0.702290 0.551181
  67 0.833870 -1.496454 62.628322 0.528503 0.553172 -0.643961 0.694656 0.496063
blood.bmp
  67 1.223870 0.242923 64.438921 0.732391 0.679992 -0.034836 0.480916 0.653543
  67 0.973869 -1.696595 63.038254 0.884637 -0.342475 0.316430 0.694656 0.559055
  67 1.003869 -1.726571 62.968244 0.980817 -0.174669 0.086542 0.702290 0.551181
blood.bmp
  67 1.223870 0.242923 64.438921 0.732391 0.679992 -0.034836 0.480916 0.653543
  67 0.863867 -1.856777 63.568199 0.966185 -0.058556 -0.251113 0.641221 0.614173
  67 0.973869 -1.696595 63.038254 0.884637 -0.342475 0.316430 0.694656 0.559055
blood.bmp
  67 1.223870 0.242923 64.438921 0.732391 0.679992 -0.034836 0.480916 0.653543
  67 1.053866 -1.966860 63.808161 0.974710 -0.009080 -0.223287 0.656489 0.653543
  67 0.863867 -1.856777 63.568199 0.966185 -0.058556 -0.251113 0.641221 0.614173
blood.bmp
  67 1.223870 0.242923 64.438921 0.732391 0.679992 -0.034836 0.480916 0.653543
  67 0.913865 -2.117076 64.438109 0.942291 -0.120835 -0.312227 0.603053 0.708661
  67 1.053866 -1.966860 63.808161 0.974710 -0.009080 -0.223287 0.656489 0.653543
blood.bmp
  67 1.223870 0.242923 64.438921 0.732391 0.679992 -0.034836 0.480916 0.653543
  67 1.133864 -2.137145 64.638103 0.679402 -0.087258 -0.728560 0.633588 0.748031
  67 0.913865 -2.117076 64.438109 0.942291 -0.120835 -0.312227 0.603053 0.708661
blood.bmp
  54 -1.076134 -1.007294 65.085486 -0.982474 0.003093 0.186376 0.244275 0.346457
  54 1.003862 -1.797587 65.925219 -0.483096 -0.619913 0.618325 0.251908 0.204724
  54 1.123863 -0.637718 66.305618 -0.409682 -0.336278 0.847985 0.175573 0.220472
blood.bmp
  54 -1.076134 -1.007294 65.085486 -0.982474 0.003093 0.186376 0.244275 0.346457
  54 0.903864 -1.987285 65.045154 -0.167500 -0.380449 0.909507 0.274809 0.275591
  54 1.003862 -1.797587 65.925219 -0.483096 -0.619913 0.618325 0.251908 0.204724
blood.bmp
  54 -1.076134 -1.007294 65.085486 -0.982474 0.003093 0.186376 0.244275 0.346457
  54 0.763861 -2.847429 65.464858 -0.413522 -0.235187 0.879594 0.328244 0.188976
  54 0.903864 -1.987285 65.045154 -0.167500 -0.380449 0.909507 0.274809 0.275591
blood.bmp
  54 -1.076134 -1.007294 65.085486 -0.982474 0.003093 0.186376 0.244275 0.346457
  54 0.563862 -2.807195 64.784871 -0.713511 -0.683064 0.155967 0.335878 0.244094
  54 0.763861 -2.847429 65.464858 -0.413522 -0.235187 0.879594 0.328244 0.188976
blood.bmp
  54 -1.076134 -1.007294 65.085486 -0.982474 0.003093 0.186376 0.244275 0.346457
  54 0.323864 -2.706953 64.084905 -0.770796 -0.637064 -0.004785 0.343511 0.307087
  54 0.563862 -2.807195 64.784871 -0.713511 -0.683064 0.155967 0.335878 0.244094
blood.bmp
  54 -1.076134 -1.007294 65.085486 -0.982474 0.003093 0.186376 0.244275 0.346457
  54 0.233867 -2.356692 63.325025 -0.798754 -0.583479 -0.146783 0.335878 0.370079
  54 0.323864 -2.706953 64.084905 -0.770796 -0.637064 -0.004785 0.343511 0.307087
blood.bmp
  54 -1.076134 -1.007294 65.085486 -0.982474 0.003093 0.186376 0.244275 0.346457
  54 0.043869 -1.956475 62.695162 -0.555466 -0.828734 0.068241 0.328244 0.440945
  54 0.233867 -2.356692 63.325025 -0.798754 -0.583479 -0.146783 0.335878 0.370079
blood.bmp
  54 -1.076134 -1.007294 65.085486 -0.982474 0.003093 0.186376 0.244275 0.346457
  54 -0.296131 -1.896440 62.595182 -0.306337 -0.923053 0.232662 0.328244 0.448819
  54 0.043869 -1.956475 62.695162 -0.555466 -0.828734 0.068241 0.328244 0.440945
blood.bmp
  54 -1.076134 -1.007294 65.085486 -0.982474 0.003093 0.186376 0.244275 0.346457
  54 -0.666130 -1.796360 62.365216 -0.983933 -0.145603 -0.103323 0.328244 0.480315
  54 -0.296131 -1.896440 62.595182 -0.306337 -0.923053 0.232662 0.328244 0.448819
blood.bmp
  54 -1.076134 -1.007294 65.085486 -0.982474 0.003093 0.186376 0.244275 0.346457
  54 -0.276129 -1.466392 62.455330 -0.624520 0.716250 -0.311385 0.297710 0.480315
  54 -0.666130 -1.796360 62.365216 -0.983933 -0.145603 -0.103323 0.328244 0.480315
blood.bmp
  54 -1.076134 -1.007294 65.085486 -0.982474 0.003093 0.186376 0.244275 0.346457
  54 -0.026129 -1.136444 62.605444 -0.764382 0.541983 -0.349248 0.274809 0.480315
  54 -0.276129 -1.466392 62.455330 -0.624520 0.716250 -0.311385 0.297710 0.480315
blood.bmp
  54 -1.076134 -1.007294 65.085486 -0.982474 0.003093 0.186376 0.244275 0.346457
  54 0.143872 -0.746469 62.675578 -0.828636 0.422904 -0.366761 0.251908 0.488189
  54 -0.026129 -1.136444 62.605444 -0.764382 0.541983 -0.349248 0.274809 0.480315
blood.bmp
  54 -1.076134 -1.007294 65.085486 -0.982474 0.003093 0.186376 0.244275 0.346457
  54 0.253872 -0.336538 62.875720 -0.863564 0.218809 -0.454290 0.221374 0.488189
  54 0.143872 -0.746469 62.675578 -0.828636 0.422904 -0.366761 0.251908 0.488189
blood.bmp
  54 -1.076134 -1.007294 65.085486 -0.982474 0.003093 0.186376 0.244275 0.346457
  54 0.183873 0.153421 62.995888 -0.822576 0.534368 -0.194472 0.190840 0.503937
  54 0.253872 -0.336538 62.875720 -0.863564 0.218809 -0.454290 0.221374 0.488189
blood.bmp
  54 -1.076134 -1.007294 65.085486 -0.982474 0.003093 0.186376 0.244275 0.346457
  54 0.433871 0.103153 63.775871 -0.735431 0.574540 -0.359228 0.183206 0.425197
  54 0.183873 0.153421 62.995888 -0.822576 0.534368 -0.194472 0.190840 0.503937
blood.bmp
  54 -1.076134 -1.007294 65.085486 -0.982474 0.003093 0.186376 0.244275 0.346457
  54 0.303871 0.453115 63.885991 -0.805487 0.409569 -0.428303 0.160305 0.440945
  54 0.433871 0.103153 63.775871 -0.735431 0.574540 -0.359228 0.183206 0.425197
blood.bmp
  54 -1.076134 -1.007294 65.085486 -0.982474 0.003093 0.186376 0.244275 0.346457
  54 0.513870 0.632829 64.716054 -0.722444 0.691055 -0.022731 0.137405 0.393701
  54 0.303871 0.453115 63.885991 -0.805487 0.409569 -0.428303 0.160305 0.440945
blood.bmp
  54 -1.076134 -1.007294 65.085486 -0.982474 0.003093 0.186376 0.244275 0.346457
  54 0.713868 0.942533 65.576161 -0.740368 0.671159 0.037421 0.091603 0.346457
  54 0.513870 0.632829 64.716054 -0.722444 0.691055 -0.022731 0.137405 0.393701
blood.bmp
  54 -1.076134 -1.007294 65.085486 -0.982474 0.003093 0.186376 0.244275 0.346457
  54 0.823867 0.962379 66.026168 -0.743305 0.509616 0.433346 0.076336 0.307087
  54 0.713868 0.942533 65.576161 -0.740368 0.671159 0.037421 0.091603 0.346457
blood.bmp
  54 -1.076134 -1.007294 65.085486 -0.982474 0.003093 0.186376 0.244275 0.346457
  54 1.033865 0.412220 66.485979 -0.631160 0.200178 0.749377 0.099237 0.244094
  54 0.823867 0.962379 66.026168 -0.743305 0.509616 0.433346 0.076336 0.307087
blood.bmp
  54 -1.076134 -1.007294 65.085486 -0.982474 0.003093 0.186376 0.244275 0.346457
  54 1.123864 -0.077821 66.605811 -0.501680 -0.183840 0.845293 0.129771 0.220472
  54 1.033865 0.412220 66.485979 -0.631160 0.200178 0.749377 0.099237 0.244094
blood.bmp
  54 -1.076134 -1.007294 65.085486 -0.982474 0.003093 0.186376 0.244275 0.346457
  54 1.123863 -0.637718 66.305618 -0.409682 -0.336278 0.847985 0.175573 0.220472
  54 1.123864 -0.077821 66.605811 -0.501680 -0.183840 0.845293 0.129771 0.220472
blood.bmp
  55 -0.586133 -1.906794 63.626178 -0.734319 -0.678489 0.020670 0.755725 0.779528
  55 1.233866 -0.977293 65.066502 -0.580759 -0.111193 0.806446 0.694656 0.929134
  55 1.033866 -0.737354 65.246584 -0.350460 -0.555391 0.754134 0.755725 0.913386
blood.bmp
  55 -0.586133 -1.906794 63.626178 -0.734319 -0.678489 0.020670 0.755725 0.779528
  55 1.563863 -1.347572 65.876375 -0.600232 -0.423690 0.678386 0.656489 0.881890
  55 1.233866 -0.977293 65.066502 -0.580759 -0.111193 0.806446 0.694656 0.929134
blood.bmp
  55 -0.586133 -1.906794 63.626178 -0.734319 -0.678489 0.020670 0.755725 0.779528
  55 1.483864 -1.437420 65.436344 -0.116728 -0.921093 0.371433 0.610687 0.842520
  55 1.563863 -1.347572 65.876375 -0.600232 -0.423690 0.678386 0.656489 0.881890
blood.bmp
  55 -0.586133 -1.906794 63.626178 -0.734319 -0.678489 0.020670 0.755725 0.779528
  55 1.303865 -1.917128 64.586179 -0.201897 -0.898358 0.390116 0.633588 0.732283
  55 1.483864 -1.437420 65.436344 -0.116728 -0.921093 0.371433 0.610687 0.842520
blood.bmp
  55 -0.586133 -1.906794 63.626178 -0.734319 -0.678489 0.020670 0.755725 0.779528
  55 1.103866 -2.086880 63.866120 -0.169922 -0.643109 0.746684 0.679389 0.661417
  55 1.303865 -1.917128 64.586179 -0.201897 -0.898358 0.390116 0.633588 0.732283
blood.bmp
  55 -0.586133 -1.906794 63.626178 -0.734319 -0.678489 0.020670 0.755725 0.779528
  55 1.173865 -2.406870 63.836010 -0.282719 -0.764141 0.579792 0.717557 0.606299
  55 1.103866 -2.086880 63.866120 -0.169922 -0.643109 0.746684 0.679389 0.661417
blood.bmp
  55 -0.586133 -1.906794 63.626178 -0.734319 -0.678489 0.020670 0.755725 0.779528
  55 0.933868 -2.196598 63.046082 -0.379384 -0.593705 -0.709635 0.801527 0.559055
  55 1.173865 -2.406870 63.836010 -0.282719 -0.764141 0.579792 0.717557 0.606299
blood.bmp
  55 -0.586133 -1.906794 63.626178 -0.734319 -0.678489 0.020670 0.755725 0.779528
  55 0.853868 -1.776611 63.086226 -0.345285 -0.028462 -0.938066 0.839695 0.614173
  55 0.933868 -2.196598 63.046082 -0.379384 -0.593705 -0.709635 0.801527 0.559055
blood.bmp
  55 -0.586133 -1.906794 63.626178 -0.734319 -0.678489 0.020670 0.755725 0.779528
  55 0.743869 -1.286611 63.086394 -0.324295 -0.115135 -0.938923 0.885496 0.669291
  55 0.853868 -1.776611 63.086226 -0.345285 -0.028462 -0.938066 0.839695 0.614173
blood.bmp
  55 -0.586133 -1.906794 63.626178 -0.734319 -0.678489 0.020670 0.755725 0.779528
  55 0.503870 -0.856614 63.096541 -0.255220 -0.207250 -0.944410 0.923664 0.708661
  55 0.743869 -1.286611 63.086394 -0.324295 -0.115135 -0.938923 0.885496 0.669291
blood.bmp
  55 -0.586133 -1.906794 63.626178 -0.734319 -0.678489 0.020670 0.755725 0.779528
  55 -0.226129 -0.376619 63.116705 -0.306041 -0.232520 -0.923187 0.969466 0.755906
  55 0.503870 -0.856614 63.096541 -0.255220 -0.207250 -0.944410 0.923664 0.708661
blood.bmp
  55 -0.586133 -1.906794 63.626178 -0.734319 -0.678489 0.020670 0.755725 0.779528
  55 -0.716129 -0.166680 63.296776 -0.587299 -0.193543 -0.785888 0.984733 0.787402
  55 -0.226129 -0.376619 63.116705 -0.306041 -0.232520 -0.923187 0.969466 0.755906
blood.bmp
  55 -0.586133 -1.906794 63.626178 -0.734319 -0.678489 0.020670 0.755725 0.779528
  55 -1.066130 -0.256824 63.716744 -0.959496 -0.275705 -0.057909 0.938931 0.818898
  55 -0.716129 -0.166680 63.296776 -0.587299 -0.193543 -0.785888 0.984733 0.787402
blood.bmp
  55 -0.586133 -1.906794 63.626178 -0.734319 -0.678489 0.020670 0.755725 0.779528
  55 -0.776131 -0.186976 64.156769 -0.908615 -0.213375 0.359012 0.900763 0.858268
  55 -1.066130 -0.256824 63.716744 -0.959496 -0.275705 -0.057909 0.938931 0.818898
blood.bmp
  55 -0.586133 -1.906794 63.626178 -0.734319 -0.678489 0.020670 0.755725 0.779528
  55 -0.736131 0.162814 64.766889 -0.972331 0.051741 -0.227806 0.893130 0.897638
  55 -0.776131 -0.186976 64.156769 -0.908615 -0.213375 0.359012 0.900763 0.858268
blood.bmp
  55 -0.586133 -1.906794 63.626178 -0.734319 -0.678489 0.020670 0.755725 0.779528
  55 -1.016132 0.452636 65.286988 -0.914973 -0.330273 0.231827 0.885496 0.976378
  55 -0.736131 0.162814 64.766889 -0.972331 0.051741 -0.227806 0.893130 0.897638
blood.bmp
  55 -0.586133 -1.906794 63.626178 -0.734319 -0.678489 0.020670 0.755725 0.779528
  55 -0.096132 0.202638 65.276904 -0.057097 -0.605184 0.794035 0.839695 0.968504
  55 -1.016132 0.452636 65.286988 -0.914973 -0.330273 0.231827 0.885496 0.976378
blood.bmp
  55 -0.586133 -1.906794 63.626178 -0.734319 -0.678489 0.020670 0.755725 0.779528
  55 0.203868 -0.057284 65.046816 -0.239593 -0.527693 0.814945 0.801527 1.000000
  55 -0.096132 0.202638 65.276904 -0.057097 -0.605184 0.794035 0.839695 0.968504
blood.bmp
  55 -0.586133 -1.906794 63.626178 -0.734319 -0.678489 0.020670 0.755725 0.779528
  55 1.033866 -0.737354 65.246584 -0.350460 -0.555391 0.754134 0.755725 0.913386
  55 0.203868 -0.057284 65.046816 -0.239593 -0.527693 0.814945 0.801527 1.000000
blood.bmp
  53 0.263867 0.122511 65.644878 -0.289066 0.676605 0.677235 0.236641 0.362205
  53 1.083872 0.373193 63.654966 0.208338 0.955538 0.208668 0.137405 0.204724
  53 0.733872 0.423242 63.514982 0.041820 0.988016 0.148575 0.175573 0.196850
blood.bmp
  53 0.263867 0.122511 65.644878 -0.289066 0.676605 0.677235 0.236641 0.362205
  53 1.333870 0.082966 64.314866 0.387200 0.874819 0.291149 0.114504 0.244094
  53 1.083872 0.373193 63.654966 0.208338 0.955538 0.208668 0.137405 0.204724
blood.bmp
  53 0.263867 0.122511 65.644878 -0.289066 0.676605 0.677235 0.236641 0.362205
  53 1.443867 -0.267306 65.104746 0.399215 0.885417 0.238044 0.106870 0.283465
  53 1.333870 0.082966 64.314866 0.387200 0.874819 0.291149 0.114504 0.244094
blood.bmp
  53 0.263867 0.122511 65.644878 -0.289066 0.676605 0.677235 0.236641 0.362205
  53 1.603865 -0.437526 65.744688 0.371810 0.917936 0.138388 0.076336 0.299213
  53 1.443867 -0.267306 65.104746 0.399215 0.885417 0.238044 0.106870 0.283465
blood.bmp
  53 0.263867 0.122511 65.644878 -0.289066 0.676605 0.677235 0.236641 0.362205
  53 1.723863 -0.567729 66.334644 0.011249 0.720699 0.693157 0.053435 0.314961
  53 1.603865 -0.437526 65.744688 0.371810 0.917936 0.138388 0.076336 0.299213
blood.bmp
  53 0.263867 0.122511 65.644878 -0.289066 0.676605 0.677235 0.236641 0.362205
  53 1.503862 -1.247743 66.374410 -0.548034 -0.009955 0.836397 0.083969 0.401575
  53 1.723863 -0.567729 66.334644 0.011249 0.720699 0.693157 0.053435 0.314961
blood.bmp
  53 0.263867 0.122511 65.644878 -0.289066 0.676605 0.677235 0.236641 0.362205
  53 0.933862 -1.907491 65.644181 -0.316177 -0.104723 0.942902 0.160305 0.472441
  53 1.503862 -1.247743 66.374410 -0.548034 -0.009955 0.836397 0.083969 0.401575
blood.bmp
  53 0.263867 0.122511 65.644878 -0.289066 0.676605 0.677235 0.236641 0.362205
  53 0.393862 -2.147510 65.704098 -0.548034 -0.009955 0.836397 0.213740 0.503937
  53 0.933862 -1.907491 65.644181 -0.316177 -0.104723 0.942902 0.160305 0.472441
blood.bmp
  53 0.263867 0.122511 65.644878 -0.289066 0.676605 0.677235 0.236641 0.362205
  53 0.203863 -2.117303 65.104108 -0.789580 -0.119665 0.601867 0.236641 0.488189
  53 0.393862 -2.147510 65.704098 -0.548034 -0.009955 0.836397 0.213740 0.503937
blood.bmp
  53 0.263867 0.122511 65.644878 -0.289066 0.676605 0.677235 0.236641 0.362205
  53 0.143863 -2.137290 65.064101 -0.650205 -0.154509 0.743882 0.244275 0.488189
  53 0.203863 -2.117303 65.104108 -0.789580 -0.119665 0.601867 0.236641 0.488189
blood.bmp
  53 0.263867 0.122511 65.644878 -0.289066 0.676605 0.677235 0.236641 0.362205
  53 -0.096136 -2.197189 64.774079 -0.036168 -0.344308 0.938160 0.267176 0.496063
  53 0.143863 -2.137290 65.064101 -0.650205 -0.154509 0.743882 0.244275 0.488189
blood.bmp
  53 0.263867 0.122511 65.644878 -0.289066 0.676605 0.677235 0.236641 0.362205
  53 -0.316137 -2.387237 64.914014 0.103197 -0.298131 0.948930 0.290076 0.527559
  53 -0.096136 -2.197189 64.774079 -0.036168 -0.344308 0.938160 0.267176 0.496063
blood.bmp
  53 0.263867 0.122511 65.644878 -0.289066 0.676605 0.677235 0.236641 0.362205
  53 -1.206133 -0.627122 64.584616 -0.655970 0.504575 0.561344 0.381679 0.322835
  53 -0.316137 -2.387237 64.914014 0.103197 -0.298131 0.948930 0.290076 0.527559
blood.bmp
  53 0.263867 0.122511 65.644878 -0.289066 0.676605 0.677235 0.236641 0.362205
  53 -0.826127 -0.376446 62.614703 -0.491979 0.869812 0.037194 0.351145 0.283465
  53 -1.206133 -0.627122 64.584616 -0.655970 0.504575 0.561344 0.381679 0.322835
blood.bmp
  53 0.263867 0.122511 65.644878 -0.289066 0.676605 0.677235 0.236641 0.362205
  53 -0.286127 -0.056536 62.874815 -0.604185 0.793697 0.070755 0.290076 0.251969
  53 -0.826127 -0.376446 62.614703 -0.491979 0.869812 0.037194 0.351145 0.283465
blood.bmp
  53 0.263867 0.122511 65.644878 -0.289066 0.676605 0.677235 0.236641 0.362205
  53 0.313873 0.463335 63.244995 -0.356265 0.925780 0.126516 0.221374 0.188976
  53 -0.286127 -0.056536 62.874815 -0.604185 0.793697 0.070755 0.290076 0.251969
blood.bmp
  53 0.263867 0.122511 65.644878 -0.289066 0.676605 0.677235 0.236641 0.362205
  53 0.733872 0.423242 63.514982 0.041820 0.988016 0.148575 0.175573 0.196850
  53 0.313873 0.463335 63.244995 -0.356265 0.925780 0.126516 0.221374 0.188976
blood.bmp
  61 -0.846133 -0.977122 64.582497 -0.995782 0.091455 -0.007382 0.587786 0.488189
  61 0.403864 -2.657038 64.331923 -0.799866 -0.600029 -0.013385 0.435115 0.574803
  61 0.373863 -2.767142 64.631885 -0.824681 -0.564618 -0.033290 0.442748 0.614173
blood.bmp
  61 -0.846133 -0.977122 64.582497 -0.995782 0.091455 -0.007382 0.587786 0.488189
  61 0.303864 -2.656945 64.061922 -0.834265 -0.532402 -0.143355 0.419847 0.551181
  61 0.403864 -2.657038 64.331923 -0.799866 -0.600029 -0.013385 0.435115 0.574803
blood.bmp
  61 -0.846133 -0.977122 64.582497 -0.995782 0.091455 -0.007382 0.587786 0.488189
  61 0.523866 -2.466795 63.621988 -0.702262 -0.706844 0.084852 0.404580 0.496063
  61 0.303864 -2.656945 64.061922 -0.834265 -0.532402 -0.143355 0.419847 0.551181
blood.bmp
  61 -0.846133 -0.977122 64.582497 -0.995782 0.091455 -0.007382 0.587786 0.488189
  61 0.333866 -2.686684 63.301912 -0.859462 -0.489365 -0.147805 0.358779 0.488189
  61 0.523866 -2.466795 63.621988 -0.702262 -0.706844 0.084852 0.404580 0.496063
blood.bmp
  61 -0.846133 -0.977122 64.582497 -0.995782 0.091455 -0.007382 0.587786 0.488189
  61 0.683867 -2.126658 63.222105 -0.571235 0.186198 -0.799387 0.412214 0.440945
  61 0.333866 -2.686684 63.301912 -0.859462 -0.489365 -0.147805 0.358779 0.488189
blood.bmp
  61 -0.846133 -0.977122 64.582497 -0.995782 0.091455 -0.007382 0.587786 0.488189
  61 0.953869 -1.416638 63.162350 -0.629424 -0.066797 -0.774185 0.473282 0.385827
  61 0.683867 -2.126658 63.222105 -0.571235 0.186198 -0.799387 0.412214 0.440945
blood.bmp
  61 -0.846133 -0.977122 64.582497 -0.995782 0.091455 -0.007382 0.587786 0.488189
  61 0.953872 -0.396493 62.742701 -0.699283 0.470781 -0.537929 0.541985 0.267717
  61 0.953869 -1.416638 63.162350 -0.629424 -0.066797 -0.774185 0.473282 0.385827
blood.bmp
  61 -0.846133 -0.977122 64.582497 -0.995782 0.091455 -0.007382 0.587786 0.488189
  61 1.173871 -0.286769 63.542739 -0.487682 0.745526 -0.454266 0.603053 0.346457
  61 0.953872 -0.396493 62.742701 -0.699283 0.470781 -0.537929 0.541985 0.267717
blood.bmp
  61 -0.846133 -0.977122 64.582497 -0.995782 0.091455 -0.007382 0.587786 0.488189
  61 1.233872 0.733073 64.003090 -0.654296 0.706297 -0.270263 0.732824 0.299213
  61 1.173871 -0.286769 63.542739 -0.487682 0.745526 -0.454266 0.603053 0.346457
blood.bmp
  61 -0.846133 -0.977122 64.582497 -0.995782 0.091455 -0.007382 0.587786 0.488189
  61 1.243870 0.482867 64.603004 -0.545766 0.779764 0.306771 0.740458 0.377953
  61 1.233872 0.733073 64.003090 -0.654296 0.706297 -0.270263 0.732824 0.299213
blood.bmp
  61 -0.846133 -0.977122 64.582497 -0.995782 0.091455 -0.007382 0.587786 0.488189
  61 1.173868 0.212650 65.232911 -0.528711 0.840335 0.119593 0.755725 0.448819
  61 1.243870 0.482867 64.603004 -0.545766 0.779764 0.306771 0.740458 0.377953
blood.bmp
  61 -0.846133 -0.977122 64.582497 -0.995782 0.091455 -0.007382 0.587786 0.488189
  61 1.043866 0.182393 65.982900 -0.689339 0.506874 0.517582 0.809160 0.519685
  61 1.173868 0.212650 65.232911 -0.528711 0.840335 0.119593 0.755725 0.448819
blood.bmp
  61 -0.846133 -0.977122 64.582497 -0.995782 0.091455 -0.007382 0.587786 0.488189
  61 0.943864 -0.647548 65.812614 -0.577355 0.252385 0.776507 0.709924 0.559055
  61 1.043866 0.182393 65.982900 -0.689339 0.506874 0.517582 0.809160 0.519685
blood.bmp
  61 -0.846133 -0.977122 64.582497 -0.995782 0.091455 -0.007382 0.587786 0.488189
  61 0.543862 -1.477702 66.262328 -0.688371 0.288006 0.665731 0.664122 0.661417
  61 0.943864 -0.647548 65.812614 -0.577355 0.252385 0.776507 0.709924 0.559055
blood.bmp
  61 -0.846133 -0.977122 64.582497 -0.995782 0.091455 -0.007382 0.587786 0.488189
  61 0.143861 -2.267516 65.722056 -0.864322 -0.334435 0.375634 0.557252 0.669291
  61 0.543862 -1.477702 66.262328 -0.688371 0.288006 0.665731 0.664122 0.661417
blood.bmp
  61 -0.846133 -0.977122 64.582497 -0.995782 0.091455 -0.007382 0.587786 0.488189
  61 0.343863 -2.637221 64.861929 -0.812994 -0.564236 0.143799 0.473282 0.622047
  61 0.143861 -2.267516 65.722056 -0.864322 -0.334435 0.375634 0.557252 0.669291
blood.bmp
  61 -0.846133 -0.977122 64.582497 -0.995782 0.091455 -0.007382 0.587786 0.488189
  61 0.373863 -2.767142 64.631885 -0.824681 -0.564618 -0.033290 0.442748 0.614173
  61 0.343863 -2.637221 64.861929 -0.812994 -0.564236 0.143799 0.473282 0.622047
blood.bmp
  66 1.263869 -1.136774 63.557447 0.962170 0.075453 -0.261794 0.488550 0.598425
  66 0.153869 -1.766476 62.697228 0.687205 -0.424533 -0.589509 0.427481 0.393701
  66 -0.166129 -0.986524 62.837495 0.449052 0.323950 -0.832712 0.534351 0.433071
blood.bmp
  66 1.263869 -1.136774 63.557447 0.962170 0.075453 -0.261794 0.488550 0.598425
  66 -0.166133 -1.876750 63.497189 0.444021 -0.834585 -0.326056 0.412214 0.511811
  66 0.153869 -1.766476 62.697228 0.687205 -0.424533 -0.589509 0.427481 0.393701
blood.bmp
  66 1.263869 -1.136774 63.557447 0.962170 0.075453 -0.261794 0.488550 0.598425
  66 -0.036134 -2.236898 63.927066 0.413479 -0.689544 -0.594613 0.366412 0.551181
  66 -0.166133 -1.876750 63.497189 0.444021 -0.834585 -0.326056 0.412214 0.511811
blood.bmp
  66 1.263869 -1.136774 63.557447 0.962170 0.075453 -0.261794 0.488550 0.598425
  66 0.203864 -2.427054 64.377001 0.725886 -0.678082 -0.115302 0.335878 0.606299
  66 -0.036134 -2.236898 63.927066 0.413479 -0.689544 -0.594613 0.366412 0.551181
blood.bmp
  66 1.263869 -1.136774 63.557447 0.962170 0.075453 -0.261794 0.488550 0.598425
  66 0.093863 -2.417153 64.667004 0.734972 -0.678098 -0.000079 0.328244 0.637795
  66 0.203864 -2.427054 64.377001 0.725886 -0.678082 -0.115302 0.335878 0.606299
blood.bmp
  66 1.263869 -1.136774 63.557447 0.962170 0.075453 -0.261794 0.488550 0.598425
  66 0.133863 -2.517263 64.986970 0.747393 -0.662737 -0.046713 0.305344 0.677165
  66 0.093863 -2.417153 64.667004 0.734972 -0.678098 -0.000079 0.328244 0.637795
blood.bmp
  66 1.263869 -1.136774 63.557447 0.962170 0.075453 -0.261794 0.488550 0.598425
  66 0.163862 -2.367342 65.217022 0.833132 -0.526235 0.170198 0.328244 0.700787
  66 0.133863 -2.517263 64.986970 0.747393 -0.662737 -0.046713 0.305344 0.677165
blood.bmp
  66 1.263869 -1.136774 63.557447 0.962170 0.075453 -0.261794 0.488550 0.598425
  66 0.323861 -1.977635 66.067156 0.835397 -0.533072 0.133963 0.366412 0.818898
  66 0.163862 -2.367342 65.217022 0.833132 -0.526235 0.170198 0.328244 0.700787
blood.bmp
  66 1.263869 -1.136774 63.557447 0.962170 0.075453 -0.261794 0.488550 0.598425
  66 1.263865 -0.407516 65.717698 0.938496 0.327720 -0.108742 0.587786 0.826772
  66 0.323861 -1.977635 66.067156 0.835397 -0.533072 0.133963 0.366412 0.818898
blood.bmp
  66 1.263869 -1.136774 63.557447 0.962170 0.075453 -0.261794 0.488550 0.598425
  66 -0.516134 0.452298 66.267989 0.473511 0.859739 -0.191407 0.709924 0.897638
  66 1.263865 -0.407516 65.717698 0.938496 0.327720 -0.108742 0.587786 0.826772
blood.bmp
  66 1.263869 -1.136774 63.557447 0.962170 0.075453 -0.261794 0.488550 0.598425
  66 -0.636133 0.472553 65.527996 -0.018897 0.765860 -0.642729 0.717557 0.795276
  66 -0.516134 0.452298 66.267989 0.473511 0.859739 -0.191407 0.709924 0.897638
blood.bmp
  66 1.263869 -1.136774 63.557447 0.962170 0.075453 -0.261794 0.488550 0.598425
  66 -0.706134 -0.667368 65.297604 -0.134308 0.907461 -0.398091 0.549618 0.732283
  66 -0.636133 0.472553 65.527996 -0.018897 0.765860 -0.642729 0.717557 0.795276
blood.bmp
  66 1.263869 -1.136774 63.557447 0.962170 0.075453 -0.261794 0.488550 0.598425
  66 -0.806132 -0.347127 64.597714 0.456388 0.850370 0.261879 0.595420 0.661417
  66 -0.706134 -0.667368 65.297604 -0.134308 0.907461 -0.398091 0.549618 0.732283
blood.bmp
  66 1.263869 -1.136774 63.557447 0.962170 0.075453 -0.261794 0.488550 0.598425
  66 -0.706131 -0.327017 64.277721 0.476289 0.764756 0.433932 0.603053 0.622047
  66 -0.806132 -0.347127 64.597714 0.456388 0.850370 0.261879 0.595420 0.661417
blood.bmp
  66 1.263869 -1.136774 63.557447 0.962170 0.075453 -0.261794 0.488550 0.598425
  66 -0.646130 0.043116 63.887848 0.535006 0.771844 0.343549 0.664122 0.582677
  66 -0.706131 -0.327017 64.277721 0.476289 0.764756 0.433932 0.603053 0.622047
blood.bmp
  66 1.263869 -1.136774 63.557447 0.962170 0.075453 -0.261794 0.488550 0.598425
  66 -0.426128 -0.076595 63.047807 0.565653 0.675672 -0.472763 0.664122 0.472441
  66 -0.646130 0.043116 63.887848 0.535006 0.771844 0.343549 0.664122 0.582677
blood.bmp
  66 1.263869 -1.136774 63.557447 0.962170 0.075453 -0.261794 0.488550 0.598425
  66 -0.166129 -0.986524 62.837495 0.449052 0.323950 -0.832712 0.534351 0.433071
  66 -0.426128 -0.076595 63.047807 0.565653 0.675672 -0.472763 0.664122 0.472441
blood.bmp
  58 1.303865 -0.937418 65.429516 0.923371 -0.059985 0.379193 0.442748 0.488189
  58 0.433865 -2.156965 64.119094 0.699857 -0.690201 0.183911 0.274809 0.354331
  58 0.483868 -1.796728 63.429218 0.930825 -0.234917 -0.279963 0.229008 0.440945
blood.bmp
  58 1.303865 -0.937418 65.429516 0.923371 -0.059985 0.379193 0.442748 0.488189
  58 -0.106136 -1.837270 65.009203 0.447685 -0.840193 0.306029 0.381679 0.346457
  58 0.433865 -2.156965 64.119094 0.699857 -0.690201 0.183911 0.274809 0.354331
blood.bmp
  58 1.303865 -0.937418 65.429516 0.923371 -0.059985 0.379193 0.442748 0.488189
  58 -0.256138 -1.857486 65.639196 0.448883 -0.613391 0.649812 0.435115 0.283465
  58 -0.106136 -1.837270 65.009203 0.447685 -0.840193 0.306029 0.381679 0.346457
blood.bmp
  58 1.303865 -0.937418 65.429516 0.923371 -0.059985 0.379193 0.442748 0.488189
  58 -0.566136 -1.067551 65.829467 0.215907 -0.112220 0.969944 0.519084 0.370079
  58 -0.256138 -1.857486 65.639196 0.448883 -0.613391 0.649812 0.435115 0.283465
blood.bmp
  58 1.303865 -0.937418 65.429516 0.923371 -0.059985 0.379193 0.442748 0.488189
  58 -0.786135 -0.197592 65.949765 0.367557 0.495204 0.787194 0.618321 0.472441
  58 -0.566136 -1.067551 65.829467 0.215907 -0.112220 0.969944 0.519084 0.370079
blood.bmp
  58 1.303865 -0.937418 65.429516 0.923371 -0.059985 0.379193 0.442748 0.488189
  58 -0.656133 -0.047383 65.339817 0.368536 0.763062 -0.530960 0.557252 0.535433
  58 -0.786135 -0.197592 65.949765 0.367557 0.495204 0.787194 0.618321 0.472441
blood.bmp
  58 1.303865 -0.937418 65.429516 0.923371 -0.059985 0.379193 0.442748 0.488189
  58 -0.476135 -0.967352 65.249501 0.032881 0.881373 -0.471275 0.465649 0.433071
  58 -0.656133 -0.047383 65.339817 0.368536 0.763062 -0.530960 0.557252 0.535433
blood.bmp
  58 1.303865 -0.937418 65.429516 0.923371 -0.059985 0.379193 0.442748 0.488189
  58 -0.446132 -0.547067 64.419646 -0.040087 0.905771 0.421867 0.419847 0.519685
  58 -0.476135 -0.967352 65.249501 0.032881 0.881373 -0.471275 0.465649 0.433071
blood.bmp
  58 1.303865 -0.937418 65.429516 0.923371 -0.059985 0.379193 0.442748 0.488189
  58 -0.126130 -0.226823 63.709756 -0.633384 0.367608 0.680947 0.343511 0.606299
  58 -0.446132 -0.547067 64.419646 -0.040087 0.905771 0.421867 0.419847 0.519685
blood.bmp
  58 1.303865 -0.937418 65.429516 0.923371 -0.059985 0.379193 0.442748 0.488189
  58 -0.256129 0.143115 63.889883 -0.562661 0.290939 0.773801 0.389313 0.645669
  58 -0.126130 -0.226823 63.709756 -0.633384 0.367608 0.680947 0.343511 0.606299
blood.bmp
  58 1.303865 -0.937418 65.429516 0.923371 -0.059985 0.379193 0.442748 0.488189
  58 1.203871 0.183170 63.719900 0.708247 0.610874 0.353863 0.419847 0.779528
  58 -0.256129 0.143115 63.889883 -0.562661 0.290939 0.773801 0.389313 0.645669
blood.bmp
  58 1.303865 -0.937418 65.429516 0.923371 -0.059985 0.379193 0.442748 0.488189
  58 1.243870 -0.766637 63.159574 0.774049 -0.629354 -0.069006 0.282443 0.590551
  58 1.203871 0.183170 63.719900 0.708247 0.610874 0.353863 0.419847 0.779528
blood.bmp
  58 1.303865 -0.937418 65.429516 0.923371 -0.059985 0.379193 0.442748 0.488189
  58 0.553870 -0.876684 63.299535 0.671648 -0.695357 -0.255672 0.297710 0.559055
  58 1.243870 -0.766637 63.159574 0.774049 -0.629354 -0.069006 0.282443 0.590551
blood.bmp
  58 1.303865 -0.937418 65.429516 0.923371 -0.059985 0.379193 0.442748 0.488189
  58 0.393869 -1.586625 63.129290 0.932995 -0.150239 -0.327030 0.213740 0.488189
  58 0.553870 -0.876684 63.299535 0.671648 -0.695357 -0.255672 0.297710 0.559055
blood.bmp
  58 1.303865 -0.937418 65.429516 0.923371 -0.059985 0.379193 0.442748 0.488189
  58 0.413868 -1.686666 63.249256 0.932927 -0.096381 -0.346925 0.221374 0.464567
  58 0.393869 -1.586625 63.129290 0.932995 -0.150239 -0.327030 0.213740 0.488189
blood.bmp
  58 1.303865 -0.937418 65.429516 0.923371 -0.059985 0.379193 0.442748 0.488189
  58 0.483868 -1.796728 63.429218 0.930825 -0.234917 -0.279963 0.229008 0.440945
  58 0.413868 -1.686666 63.249256 0.932927 -0.096381 -0.346925 0.221374 0.464567
blood.bmp
  70 -0.686132 -0.867022 64.291535 -0.859895 -0.108301 -0.498850 0.320611 0.685039
  70 -0.706136 -0.657655 66.131607 -0.806550 0.586254 -0.076047 0.145038 0.748031
  70 -0.086136 -0.577615 66.011636 -0.575060 0.815505 0.065254 0.160305 0.685039
blood.bmp
  70 -0.686132 -0.867022 64.291535 -0.859895 -0.108301 -0.498850 0.320611 0.685039
  70 -0.496139 -1.897679 66.201181 -0.713585 -0.642997 -0.278121 0.213740 0.834646
  70 -0.706136 -0.657655 66.131607 -0.806550 0.586254 -0.076047 0.145038 0.748031
blood.bmp
  70 -0.686132 -0.867022 64.291535 -0.859895 -0.108301 -0.498850 0.320611 0.685039
  70 0.113862 -1.897608 65.991183 -0.443248 -0.841817 -0.308020 0.244275 0.818898
  70 -0.496139 -1.897679 66.201181 -0.713585 -0.642997 -0.278121 0.213740 0.834646
blood.bmp
  70 -0.686132 -0.867022 64.291535 -0.859895 -0.108301 -0.498850 0.320611 0.685039
  70 0.573862 -2.257444 65.511060 -0.789786 -0.597922 0.136848 0.320611 0.818898
  70 0.113862 -1.897608 65.991183 -0.443248 -0.841817 -0.308020 0.244275 0.818898
blood.bmp
  70 -0.686132 -0.867022 64.291535 -0.859895 -0.108301 -0.498850 0.320611 0.685039
  70 0.633862 -2.997217 64.850806 -0.725542 -0.557835 -0.402999 0.450382 0.850394
  70 0.573862 -2.257444 65.511060 -0.789786 -0.597922 0.136848 0.320611 0.818898
blood.bmp
  70 -0.686132 -0.867022 64.291535 -0.859895 -0.108301 -0.498850 0.320611 0.685039
  70 0.883864 -2.337122 64.571034 -0.477669 -0.629025 -0.613319 0.435115 0.787402
  70 0.633862 -2.997217 64.850806 -0.725542 -0.557835 -0.402999 0.450382 0.850394
blood.bmp
  70 -0.686132 -0.867022 64.291535 -0.859895 -0.108301 -0.498850 0.320611 0.685039
  70 1.013866 -2.316837 63.741041 -0.578030 -0.407979 -0.706707 0.534351 0.748031
  70 0.883864 -2.337122 64.571034 -0.477669 -0.629025 -0.613319 0.435115 0.787402
blood.bmp
  70 -0.686132 -0.867022 64.291535 -0.859895 -0.108301 -0.498850 0.320611 0.685039
  70 1.213868 -1.296861 63.811392 -0.258268 -0.052902 -0.964624 0.458015 0.692913
  70 1.013866 -2.316837 63.741041 -0.578030 -0.407979 -0.706707 0.534351 0.748031
blood.bmp
  70 -0.686132 -0.867022 64.291535 -0.859895 -0.108301 -0.498850 0.320611 0.685039
  70 1.173870 -0.316786 63.591729 -0.206856 -0.419101 -0.884062 0.427481 0.622047
  70 1.213868 -1.296861 63.811392 -0.258268 -0.052902 -0.964624 0.458015 0.692913
blood.bmp
  70 -0.686132 -0.867022 64.291535 -0.859895 -0.108301 -0.498850 0.320611 0.685039
  70 1.053872 0.233349 63.201917 -0.126929 -0.593719 -0.794599 0.450382 0.559055
  70 1.173870 -0.316786 63.591729 -0.206856 -0.419101 -0.884062 0.427481 0.622047
blood.bmp
  70 -0.686132 -0.867022 64.291535 -0.859895 -0.108301 -0.498850 0.320611 0.685039
  70 0.723875 0.853487 62.802130 -0.748240 0.039950 -0.662224 0.465649 0.496063
  70 1.053872 0.233349 63.201917 -0.126929 -0.593719 -0.794599 0.450382 0.559055
blood.bmp
  70 -0.686132 -0.867022 64.291535 -0.859895 -0.108301 -0.498850 0.320611 0.685039
  70 0.703872 0.853123 63.862130 -0.772713 0.551792 -0.313752 0.328244 0.551181
  70 0.723875 0.853487 62.802130 -0.748240 0.039950 -0.662224 0.465649 0.496063
blood.bmp
  70 -0.686132 -0.867022 64.291535 -0.859895 -0.108301 -0.498850 0.320611 0.685039
  70 0.303871 0.992931 64.422177 -0.876564 0.478163 -0.054722 0.251908 0.566929
  70 0.703872 0.853123 63.862130 -0.772713 0.551792 -0.313752 0.328244 0.551181
blood.bmp
  70 -0.686132 -0.867022 64.291535 -0.859895 -0.108301 -0.498850 0.320611 0.685039
  70 0.413869 0.522752 64.942015 -0.810851 0.540641 0.224116 0.229008 0.622047
  70 0.303871 0.992931 64.422177 -0.876564 0.478163 -0.054722 0.251908 0.566929
blood.bmp
  70 -0.686132 -0.867022 64.291535 -0.859895 -0.108301 -0.498850 0.320611 0.685039
  70 0.223868 0.342594 65.401953 -0.829680 0.552453 0.080163 0.183206 0.653543
  70 0.413869 0.522752 64.942015 -0.810851 0.540641 0.224116 0.229008 0.622047
blood.bmp
  70 -0.686132 -0.867022 64.291535 -0.859895 -0.108301 -0.498850 0.320611 0.685039
  70 -0.086136 -0.577615 66.011636 -0.575060 0.815505 0.065254 0.160305 0.685039
  70 0.223868 0.342594 65.401953 -0.829680 0.552453 0.080163 0.183206 0.653543
blood.bmp
  71 -0.406133 -1.456920 63.992333 -0.341534 -0.728427 -0.593926 0.259542 0.488189
  71 -0.576138 -1.627610 66.002274 -0.573324 -0.811049 -0.116185 0.175573 0.377953
  71 -1.136137 -1.437582 65.922338 -0.604607 -0.765602 -0.219780 0.114504 0.362205
blood.bmp
  71 -0.406133 -1.456920 63.992333 -0.341534 -0.728427 -0.593926 0.259542 0.488189
  71 -0.016140 -2.407663 66.152007 -0.349951 -0.880613 -0.319462 0.244275 0.377953
  71 -0.576138 -1.627610 66.002274 -0.573324 -0.811049 -0.116185 0.175573 0.377953
blood.bmp
  71 -0.406133 -1.456920 63.992333 -0.341534 -0.728427 -0.593926 0.259542 0.488189
  71 0.503861 -2.257647 66.102060 0.087951 -0.919184 -0.383881 0.305344 0.401575
  71 -0.016140 -2.407663 66.152007 -0.349951 -0.880613 -0.319462 0.244275 0.377953
blood.bmp
  71 -0.406133 -1.456920 63.992333 -0.341534 -0.728427 -0.593926 0.259542 0.488189
  71 1.113861 -2.207583 65.912079 0.250870 -0.819001 -0.516044 0.366412 0.433071
  71 0.503861 -2.257647 66.102060 0.087951 -0.919184 -0.383881 0.305344 0.401575
blood.bmp
  71 -0.406133 -1.456920 63.992333 -0.341534 -0.728427 -0.593926 0.259542 0.488189
  71 1.473864 -1.387415 65.422361 0.383310 -0.798007 -0.465035 0.381679 0.488189
  71 1.113861 -2.207583 65.912079 0.250870 -0.819001 -0.516044 0.366412 0.433071
blood.bmp
  71 -0.406133 -1.456920 63.992333 -0.341534 -0.728427 -0.593926 0.259542 0.488189
  71 1.683865 -1.207265 64.982424 0.335358 -0.793155 -0.508369 0.389313 0.527559
  71 1.473864 -1.387415 65.422361 0.383310 -0.798007 -0.465035 0.381679 0.488189
blood.bmp
  71 -0.406133 -1.456920 63.992333 -0.341534 -0.728427 -0.593926 0.259542 0.488189
  71 1.613868 -0.637086 64.462620 0.410168 -0.891835 -0.190768 0.358779 0.559055
  71 1.683865 -1.207265 64.982424 0.335358 -0.793155 -0.508369 0.389313 0.527559
blood.bmp
  71 -0.406133 -1.456920 63.992333 -0.341534 -0.728427 -0.593926 0.259542 0.488189
  71 1.923869 -0.796897 63.912565 0.278453 -0.947297 0.158407 0.389313 0.622047
  71 1.613868 -0.637086 64.462620 0.410168 -0.891835 -0.190768 0.358779 0.559055
blood.bmp
  71 -0.406133 -1.456920 63.992333 -0.341534 -0.728427 -0.593926 0.259542 0.488189
  71 1.873871 -0.716537 62.862593 -0.130157 -0.684739 -0.717072 0.351145 0.708661
  71 1.923869 -0.796897 63.912565 0.278453 -0.947297 0.158407 0.389313 0.622047
blood.bmp
  71 -0.406133 -1.456920 63.992333 -0.341534 -0.728427 -0.593926 0.259542 0.488189
  71 0.803872 0.103273 63.422872 -0.577096 0.154278 -0.801972 0.244275 0.622047
  71 1.873871 -0.716537 62.862593 -0.130157 -0.684739 -0.717072 0.351145 0.708661
blood.bmp
  71 -0.406133 -1.456920 63.992333 -0.341534 -0.728427 -0.593926 0.259542 0.488189
  71 0.283871 0.233078 63.992916 -0.239754 0.095267 -0.966148 0.213740 0.559055
  71 0.803872 0.103273 63.422872 -0.577096 0.154278 -0.801972 0.244275 0.622047
blood.bmp
  71 -0.406133 -1.456920 63.992333 -0.341534 -0.728427 -0.593926 0.259542 0.488189
  71 -0.566128 0.413176 63.712975 -0.569314 -0.168109 -0.804749 0.106870 0.559055
  71 0.283871 0.233078 63.992916 -0.239754 0.095267 -0.966148 0.213740 0.559055
blood.bmp
  71 -0.406133 -1.456920 63.992333 -0.341534 -0.728427 -0.593926 0.259542 0.488189
  71 -0.606130 0.292919 64.462934 -0.993114 -0.090460 -0.074438 0.129771 0.503937
  71 -0.566128 0.413176 63.712975 -0.569314 -0.168109 -0.804749 0.106870 0.559055
blood.bmp
  71 -0.406133 -1.456920 63.992333 -0.341534 -0.728427 -0.593926 0.259542 0.488189
  71 -0.626133 -0.097311 65.132800 -0.862694 0.235694 -0.447445 0.099237 0.456693
  71 -0.606130 0.292919 64.462934 -0.993114 -0.090460 -0.074438 0.129771 0.503937
blood.bmp
  71 -0.406133 -1.456920 63.992333 -0.341534 -0.728427 -0.593926 0.259542 0.488189
  71 -1.416134 -0.607385 65.352623 -0.801461 0.013027 -0.597905 0.061069 0.401575
  71 -0.626133 -0.097311 65.132800 -0.862694 0.235694 -0.447445 0.099237 0.456693
blood.bmp
  71 -0.406133 -1.456920 63.992333 -0.341534 -0.728427 -0.593926 0.259542 0.488189
  71 -1.136137 -1.437582 65.922338 -0.604607 -0.765602 -0.219780 0.114504 0.362205
  71 -1.416134 -0.607385 65.352623 -0.801461 0.013027 -0.597905 0.061069 0.401575
blood.bmp
  73 1.183866 -1.906903 63.934182 0.479822 -0.703908 -0.523722 0.671756 0.385827
  73 0.803866 -0.497315 65.134666 0.890494 -0.132965 0.435134 0.778626 0.496063
  73 1.003863 -1.427494 65.654347 0.720321 0.683676 -0.117156 0.778626 0.559055
blood.bmp
  73 1.183866 -1.906903 63.934182 0.479822 -0.703908 -0.523722 0.671756 0.385827
  73 1.573868 -0.137190 64.764791 0.878774 -0.350275 0.324134 0.809160 0.456693
  73 0.803866 -0.497315 65.134666 0.890494 -0.132965 0.435134 0.778626 0.496063
blood.bmp
  73 1.183866 -1.906903 63.934182 0.479822 -0.703908 -0.523722 0.671756 0.385827
  73 1.543870 0.223020 64.154915 0.981498 -0.154736 -0.112773 0.839695 0.401575
  73 1.573868 -0.137190 64.764791 0.878774 -0.350275 0.324134 0.809160 0.456693
blood.bmp
  73 1.183866 -1.906903 63.934182 0.479822 -0.703908 -0.523722 0.671756 0.385827
  73 1.503872 0.363257 63.464963 0.562243 -0.244605 -0.789969 0.847328 0.346457
  73 1.543870 0.223020 64.154915 0.981498 -0.154736 -0.112773 0.839695 0.401575
blood.bmp
  73 1.183866 -1.906903 63.934182 0.479822 -0.703908 -0.523722 0.671756 0.385827
  73 0.693871 0.173173 63.714896 0.274535 -0.040762 -0.960713 0.755725 0.338583
  73 1.503872 0.363257 63.464963 0.562243 -0.244605 -0.789969 0.847328 0.346457
blood.bmp
  73 1.183866 -1.906903 63.934182 0.479822 -0.703908 -0.523722 0.671756 0.385827
  73 0.193872 0.093360 63.174867 0.368778 -0.164841 -0.914784 0.740458 0.267717
  73 0.693871 0.173173 63.714896 0.274535 -0.040762 -0.960713 0.755725 0.338583
blood.bmp
  73 1.183866 -1.906903 63.934182 0.479822 -0.703908 -0.523722 0.671756 0.385827
  73 -0.956131 -0.746789 63.614576 -0.146539 -0.507698 -0.848981 0.610687 0.259843
  73 0.193872 0.093360 63.174867 0.368778 -0.164841 -0.914784 0.740458 0.267717
blood.bmp
  73 1.183866 -1.906903 63.934182 0.479822 -0.703908 -0.523722 0.671756 0.385827
  73 -1.086133 -1.256947 64.074400 -0.219105 -0.608107 -0.763020 0.580153 0.299213
  73 -0.956131 -0.746789 63.614576 -0.146539 -0.507698 -0.848981 0.610687 0.259843
blood.bmp
  73 1.183866 -1.906903 63.934182 0.479822 -0.703908 -0.523722 0.671756 0.385827
  73 -1.046135 -1.847095 64.504198 -0.167955 -0.810217 -0.561551 0.557252 0.338583
  73 -1.086133 -1.256947 64.074400 -0.219105 -0.608107 -0.763020 0.580153 0.299213
blood.bmp
  73 1.183866 -1.906903 63.934182 0.479822 -0.703908 -0.523722 0.671756 0.385827
  73 -0.906136 -1.997239 64.924146 0.188967 -0.929129 0.317823 0.549618 0.377953
  73 -1.046135 -1.847095 64.504198 -0.167955 -0.810217 -0.561551 0.557252 0.338583
blood.bmp
  73 1.183866 -1.906903 63.934182 0.479822 -0.703908 -0.523722 0.671756 0.385827
  73 -0.556135 -1.377309 65.124360 -0.156651 -0.966336 0.204094 0.587786 0.409449
  73 -0.906136 -1.997239 64.924146 0.188967 -0.929129 0.317823 0.549618 0.377953
blood.bmp
  73 1.183866 -1.906903 63.934182 0.479822 -0.703908 -0.523722 0.671756 0.385827
  73 -0.176138 -2.177475 65.604086 -0.317924 -0.862029 -0.394754 0.580153 0.472441
  73 -0.556135 -1.377309 65.124360 -0.156651 -0.966336 0.204094 0.587786 0.409449
blood.bmp
  73 1.183866 -1.906903 63.934182 0.479822 -0.703908 -0.523722 0.671756 0.385827
  73 0.413861 -2.217538 65.784074 -0.116291 -0.971148 -0.208201 0.625954 0.511811
  73 -0.176138 -2.177475 65.604086 -0.317924 -0.862029 -0.394754 0.580153 0.472441
blood.bmp
  73 1.183866 -1.906903 63.934182 0.479822 -0.703908 -0.523722 0.671756 0.385827
  73 0.953861 -2.347552 65.824030 0.342340 -0.923712 -0.171930 0.671756 0.543307
  73 0.413861 -2.217538 65.784074 -0.116291 -0.971148 -0.208201 0.625954 0.511811
blood.bmp
  73 1.183866 -1.906903 63.934182 0.479822 -0.703908 -0.523722 0.671756 0.385827
  73 1.533863 -1.577492 65.644296 0.924908 0.288904 -0.247141 0.732824 0.543307
  73 0.953861 -2.347552 65.824030 0.342340 -0.923712 -0.171930 0.671756 0.543307
blood.bmp
  73 1.183866 -1.906903 63.934182 0.479822 -0.703908 -0.523722 0.671756 0.385827
  73 1.003863 -1.427494 65.654347 0.720321 0.683676 -0.117156 0.778626 0.559055
  73 1.533863 -1.577492 65.644296 0.924908 0.288904 -0.247141 0.732824 0.543307
blood.bmp
  75 1.093870 -0.206942 64.046766 0.691538 0.622060 -0.367172 0.625954 0.464567
  75 1.183865 -2.176990 64.186089 0.993238 0.033898 -0.111033 0.625954 0.598425
  75 1.123866 -2.296760 63.516048 0.993238 0.033898 -0.111033 0.541985 0.622047
blood.bmp
  75 1.093870 -0.206942 64.046766 0.691538 0.622060 -0.367172 0.625954 0.464567
  75 1.263864 -1.917224 64.866179 0.993238 0.033898 -0.111033 0.694656 0.559055
  75 1.183865 -2.176990 64.186089 0.993238 0.033898 -0.111033 0.625954 0.598425
blood.bmp
  75 1.093870 -0.206942 64.046766 0.691538 0.622060 -0.367172 0.625954 0.464567
  75 1.273863 -1.607430 65.466285 0.993417 0.112209 -0.023072 0.763359 0.511811
  75 1.263864 -1.917224 64.866179 0.993238 0.033898 -0.111033 0.694656 0.559055
blood.bmp
  75 1.093870 -0.206942 64.046766 0.691538 0.622060 -0.367172 0.625954 0.464567
  75 1.203864 -0.797578 65.896564 0.993417 0.112209 -0.023072 0.801527 0.409449
  75 1.273863 -1.607430 65.466285 0.993417 0.112209 -0.023072 0.763359 0.511811
blood.bmp
  75 1.093870 -0.206942 64.046766 0.691538 0.622060 -0.367172 0.625954 0.464567
  75 1.113865 -0.077657 66.126811 0.793577 0.607020 -0.041987 0.824427 0.322835
  75 1.203864 -0.797578 65.896564 0.993417 0.112209 -0.023072 0.801527 0.409449
blood.bmp
  75 1.093870 -0.206942 64.046766 0.691538 0.622060 -0.367172 0.625954 0.464567
  75 0.443866 0.192386 66.006902 0.032975 0.982064 -0.185643 0.809160 0.291339
  75 1.113865 -0.077657 66.126811 0.793577 0.607020 -0.041987 0.824427 0.322835
blood.bmp
  75 1.093870 -0.206942 64.046766 0.691538 0.622060 -0.367172 0.625954 0.464567
  75 0.023866 -0.067500 65.676812 -0.279623 0.924193 -0.260152 0.748092 0.291339
  75 0.443866 0.192386 66.006902 0.032975 0.982064 -0.185643 0.809160 0.291339
blood.bmp
  75 1.093870 -0.206942 64.046766 0.691538 0.622060 -0.367172 0.625954 0.464567
  75 -0.346133 -0.277331 65.186739 0.182572 0.938294 0.293719 0.687023 0.330709
  75 0.023866 -0.067500 65.676812 -0.279623 0.924193 -0.260152 0.748092 0.291339
blood.bmp
  75 1.093870 -0.206942 64.046766 0.691538 0.622060 -0.367172 0.625954 0.464567
  75 -0.586131 0.382780 64.866965 0.436726 0.852852 0.286204 0.664122 0.283465
  75 -0.346133 -0.277331 65.186739 0.182572 0.938294 0.293719 0.687023 0.330709
blood.bmp
  75 1.093870 -0.206942 64.046766 0.691538 0.622060 -0.367172 0.625954 0.464567
  75 -0.666130 0.292969 64.316934 0.238738 0.956789 -0.166008 0.603053 0.299213
  75 -0.586131 0.382780 64.866965 0.436726 0.852852 0.286204 0.664122 0.283465
blood.bmp
  75 1.093870 -0.206942 64.046766 0.691538 0.622060 -0.367172 0.625954 0.464567
  75 -0.766128 0.203234 63.546903 0.315576 0.752718 -0.577778 0.511450 0.314961
  75 -0.666130 0.292969 64.316934 0.238738 0.956789 -0.166008 0.603053 0.299213
blood.bmp
  75 1.093870 -0.206942 64.046766 0.691538 0.622060 -0.367172 0.625954 0.464567
  75 -0.596130 -0.906632 63.156522 0.381344 0.214139 -0.899289 0.480916 0.456693
  75 -0.766128 0.203234 63.546903 0.315576 0.752718 -0.577778 0.511450 0.314961
blood.bmp
  75 1.093870 -0.206942 64.046766 0.691538 0.622060 -0.367172 0.625954 0.464567
  75 -0.056131 -1.396713 63.386355 0.202452 0.310665 -0.928709 0.526718 0.511811
  75 -0.596130 -0.906632 63.156522 0.381344 0.214139 -0.899289 0.480916 0.456693
blood.bmp
  75 1.093870 -0.206942 64.046766 0.691538 0.622060 -0.367172 0.625954 0.464567
  75 0.433868 -2.056559 62.936129 0.098616 0.479610 -0.871923 0.465649 0.598425
  75 -0.056131 -1.396713 63.386355 0.202452 0.310665 -0.928709 0.526718 0.511811
blood.bmp
  75 1.093870 -0.206942 64.046766 0.691538 0.622060 -0.367172 0.625954 0.464567
  75 1.083867 -2.396570 62.966013 0.766573 0.278223 -0.578755 0.473282 0.645669
  75 0.433868 -2.056559 62.936129 0.098616 0.479610 -0.871923 0.465649 0.598425
blood.bmp
  75 1.093870 -0.206942 64.046766 0.691538 0.622060 -0.367172 0.625954 0.464567
  75 1.123866 -2.296760 63.516048 0.993238 0.033898 -0.111033 0.541985 0.622047
  75 1.083867 -2.396570 62.966013 0.766573 0.278223 -0.578755 0.473282 0.645669
blood.bmp
  65 1.673867 -1.027084 64.456486 0.886010 -0.266190 -0.379643 0.167939 0.385827
  65 -0.666132 0.282742 64.976930 0.501545 0.687792 0.524781 0.068702 0.425197
  65 -0.756134 -0.597354 65.256628 0.137309 0.983171 -0.120507 0.122137 0.362205
blood.bmp
  65 1.673867 -1.027084 64.456486 0.886010 -0.266190 -0.379643 0.167939 0.385827
  65 -0.636131 0.242921 64.456917 0.442165 0.804252 0.397075 0.099237 0.464567
  65 -0.666132 0.282742 64.976930 0.501545 0.687792 0.524781 0.068702 0.425197
blood.bmp
  65 1.673867 -1.027084 64.456486 0.886010 -0.266190 -0.379643 0.167939 0.385827
  65 -0.366128 0.723078 63.997082 0.530514 0.733346 0.425157 0.076336 0.535433
  65 -0.636131 0.242921 64.456917 0.442165 0.804252 0.397075 0.099237 0.464567
blood.bmp
  65 1.673867 -1.027084 64.456486 0.886010 -0.266190 -0.379643 0.167939 0.385827
  65 -0.246128 0.623247 63.507048 0.677581 0.728675 -0.099581 0.106870 0.574803
  65 -0.366128 0.723078 63.997082 0.530514 0.733346 0.425157 0.076336 0.535433
blood.bmp
  65 1.673867 -1.027084 64.456486 0.886010 -0.266190 -0.379643 0.167939 0.385827
  65 -0.026127 0.153524 62.696887 0.616842 -0.236965 -0.750569 0.145038 0.598425
  65 -0.246128 0.623247 63.507048 0.677581 0.728675 -0.099581 0.106870 0.574803
blood.bmp
  65 1.673867 -1.027084 64.456486 0.886010 -0.266190 -0.379643 0.167939 0.385827
  65 -0.276128 -0.036643 63.186821 -0.209122 -0.900315 -0.381707 0.175573 0.551181
  65 -0.026127 0.153524 62.696887 0.616842 -0.236965 -0.750569 0.145038 0.598425
blood.bmp
  65 1.673867 -1.027084 64.456486 0.886010 -0.266190 -0.379643 0.167939 0.385827
  65 -0.516128 0.063391 63.086855 0.204275 -0.582872 -0.786468 0.198473 0.574803
  65 -0.276128 -0.036643 63.186821 -0.209122 -0.900315 -0.381707 0.175573 0.551181
blood.bmp
  65 1.673867 -1.027084 64.456486 0.886010 -0.266190 -0.379643 0.167939 0.385827
  65 -0.736127 0.043443 62.936848 0.490858 -0.123984 -0.862372 0.236641 0.551181
  65 -0.516128 0.063391 63.086855 0.204275 -0.582872 -0.786468 0.198473 0.574803
blood.bmp
  65 1.673867 -1.027084 64.456486 0.886010 -0.266190 -0.379643 0.167939 0.385827
  65 -0.776129 -0.546618 63.116645 0.462518 -0.110240 -0.879730 0.251908 0.511811
  65 -0.736127 0.043443 62.936848 0.490858 -0.123984 -0.862372 0.236641 0.551181
blood.bmp
  65 1.673867 -1.027084 64.456486 0.886010 -0.266190 -0.379643 0.167939 0.385827
  65 -0.566130 -1.056646 63.196470 0.488503 -0.162459 -0.857305 0.282443 0.472441
  65 -0.776129 -0.546618 63.116645 0.462518 -0.110240 -0.879730 0.251908 0.511811
blood.bmp
  65 1.673867 -1.027084 64.456486 0.886010 -0.266190 -0.379643 0.167939 0.385827
  65 -0.516134 -2.096828 63.726113 0.488264 -0.511871 -0.706814 0.305344 0.425197
  65 -0.566130 -1.056646 63.196470 0.488503 -0.162459 -0.857305 0.282443 0.472441
blood.bmp
  65 1.673867 -1.027084 64.456486 0.886010 -0.266190 -0.379643 0.167939 0.385827
  65 -0.476135 -2.476973 64.145982 0.564179 -0.793815 -0.227067 0.320611 0.370079
  65 -0.516134 -2.096828 63.726113 0.488264 -0.511871 -0.706814 0.305344 0.425197
blood.bmp
  65 1.673867 -1.027084 64.456486 0.886010 -0.266190 -0.379643 0.167939 0.385827
  65 -0.586136 -2.477072 64.435982 0.536677 -0.837673 -0.101398 0.305344 0.338583
  65 -0.476135 -2.476973 64.145982 0.564179 -0.793815 -0.227067 0.320611 0.370079
blood.bmp
  65 1.673867 -1.027084 64.456486 0.886010 -0.266190 -0.379643 0.167939 0.385827
  65 -0.476138 -2.707286 65.055903 0.633498 -0.702557 0.324182 0.297710 0.275591
  65 -0.586136 -2.477072 64.435982 0.536677 -0.837673 -0.101398 0.305344 0.338583
blood.bmp
  65 1.673867 -1.027084 64.456486 0.886010 -0.266190 -0.379643 0.167939 0.385827
  65 -0.606137 -1.567426 65.466295 0.230333 -0.973112 0.000734 0.183206 0.299213
  65 -0.476138 -2.707286 65.055903 0.633498 -0.702557 0.324182 0.297710 0.275591
blood.bmp
  60 0.503870 0.452875 64.581992 -0.342716 0.915421 0.211067 0.320611 0.401575
  60 1.903868 -0.627086 64.461624 0.597533 0.794875 -0.105485 0.412214 0.598425
  60 1.753868 -0.926952 64.071520 0.067888 -0.296174 0.952718 0.458015 0.559055
blood.bmp
  60 0.503870 0.452875 64.581992 -0.342716 0.915421 0.211067 0.320611 0.401575
  60 1.713866 -0.807254 64.951561 0.684851 0.709171 0.167501 0.335878 0.598425
  60 1.903868 -0.627086 64.461624 0.597533 0.794875 -0.105485 0.412214 0.598425
blood.bmp
  60 0.503870 0.452875 64.581992 -0.342716 0.915421 0.211067 0.320611 0.401575
  60 1.773866 -0.807347 65.221561 0.668313 0.735251 0.112977 0.297710 0.629921
  60 1.713866 -0.807254 64.951561 0.684851 0.709171 0.167501 0.335878 0.598425
blood.bmp
  60 0.503870 0.452875 64.581992 -0.342716 0.915421 0.211067 0.320611 0.401575
  60 -0.176133 0.342471 65.761952 -0.212451 0.976407 -0.038650 0.137405 0.456693
  60 1.773866 -0.807347 65.221561 0.668313 0.735251 0.112977 0.297710 0.629921
blood.bmp
  60 0.503870 0.452875 64.581992 -0.342716 0.915421 0.211067 0.320611 0.401575
  60 -1.246137 -1.697516 65.731249 -0.806406 0.568544 -0.162690 0.091603 0.338583
  60 -0.176133 0.342471 65.761952 -0.212451 0.976407 -0.038650 0.137405 0.456693
blood.bmp
  60 0.503870 0.452875 64.581992 -0.342716 0.915421 0.211067 0.320611 0.401575
  60 -1.286137 -1.687396 65.381252 -0.695538 0.675016 0.246131 0.145038 0.314961
  60 -1.246137 -1.697516 65.731249 -0.806406 0.568544 -0.162690 0.091603 0.338583
blood.bmp
  60 0.503870 0.452875 64.581992 -0.342716 0.915421 0.211067 0.320611 0.401575
  60 -1.346136 -1.577292 65.081290 -0.714409 0.545654 -0.438043 0.190840 0.291339
  60 -1.286137 -1.687396 65.381252 -0.695538 0.675016 0.246131 0.145038 0.314961
blood.bmp
  60 0.503870 0.452875 64.581992 -0.342716 0.915421 0.211067 0.320611 0.401575
  60 -0.936136 -1.737242 64.931236 -0.830534 0.507475 -0.229525 0.236641 0.330709
  60 -1.346136 -1.577292 65.081290 -0.714409 0.545654 -0.438043 0.190840 0.291339
blood.bmp
  60 0.503870 0.452875 64.581992 -0.342716 0.915421 0.211067 0.320611 0.401575
  60 -1.256135 -1.597131 64.611283 -0.520020 0.458616 0.720590 0.259542 0.275591
  60 -0.936136 -1.737242 64.931236 -0.830534 0.507475 -0.229525 0.236641 0.330709
blood.bmp
  60 0.503870 0.452875 64.581992 -0.342716 0.915421 0.211067 0.320611 0.401575
  60 -1.436134 -1.507065 64.421314 -0.676889 0.640927 0.361986 0.282443 0.244094
  60 -1.256135 -1.597131 64.611283 -0.520020 0.458616 0.720590 0.259542 0.275591
blood.bmp
  60 0.503870 0.452875 64.581992 -0.342716 0.915421 0.211067 0.320611 0.401575
  60 -1.296133 -1.416870 63.851345 -0.741277 0.581774 0.334735 0.366412 0.220472
  60 -1.436134 -1.507065 64.421314 -0.676889 0.640927 0.361986 0.282443 0.244094
blood.bmp
  60 0.503870 0.452875 64.581992 -0.342716 0.915421 0.211067 0.320611 0.401575
  60 -1.426132 -1.306804 63.661382 -0.701171 0.508466 0.499822 0.389313 0.188976
  60 -1.296133 -1.416870 63.851345 -0.741277 0.581774 0.334735 0.366412 0.220472
blood.bmp
  60 0.503870 0.452875 64.581992 -0.342716 0.915421 0.211067 0.320611 0.401575
  60 -0.316126 0.413527 62.691976 -0.062162 0.998045 0.006499 0.595420 0.244094
  60 -1.426132 -1.306804 63.661382 -0.701171 0.508466 0.499822 0.389313 0.188976
blood.bmp
  60 0.503870 0.452875 64.581992 -0.342716 0.915421 0.211067 0.320611 0.401575
  60 1.363870 -0.906635 63.151526 0.121688 0.759040 -0.639570 0.580153 0.464567
  60 -0.316126 0.413527 62.691976 -0.062162 0.998045 0.006499 0.595420 0.244094
blood.bmp
  62 -0.836136 -1.327377 65.323377 -0.990727 -0.121961 -0.059886 0.274809 0.448819
  62 1.043862 -1.587649 66.103292 -0.374355 0.051517 0.925853 0.259542 0.559055
  62 1.103864 -0.727580 65.903587 -0.372598 0.387265 0.843325 0.320611 0.480315
blood.bmp
  62 -0.836136 -1.327377 65.323377 -0.990727 -0.121961 -0.059886 0.274809 0.448819
  62 0.943860 -2.517586 65.922972 -0.581433 -0.592994 0.557041 0.160305 0.622047
  62 1.043862 -1.587649 66.103292 -0.374355 0.051517 0.925853 0.259542 0.559055
blood.bmp
  62 -0.836136 -1.327377 65.323377 -0.990727 -0.121961 -0.059886 0.274809 0.448819
  62 1.053862 -2.587329 65.172948 -0.550695 -0.808793 -0.206369 0.106870 0.574803
  62 0.943860 -2.517586 65.922972 -0.581433 -0.592994 0.557041 0.160305 0.622047
blood.bmp
  62 -0.836136 -1.327377 65.323377 -0.990727 -0.121961 -0.059886 0.274809 0.448819
  62 1.163864 -2.347126 64.583031 -0.525823 -0.758608 -0.384739 0.091603 0.511811
  62 1.053862 -2.587329 65.172948 -0.550695 -0.808793 -0.206369 0.106870 0.574803
blood.bmp
  62 -0.836136 -1.327377 65.323377 -0.990727 -0.121961 -0.059886 0.274809 0.448819
  62 1.193866 -2.066913 63.963127 -0.582926 -0.126571 -0.802607 0.076336 0.448819
  62 1.163864 -2.347126 64.583031 -0.525823 -0.758608 -0.384739 0.091603 0.511811
blood.bmp
  62 -0.836136 -1.327377 65.323377 -0.990727 -0.121961 -0.059886 0.274809 0.448819
  62 1.323866 -1.507044 64.343320 -0.389003 0.201017 -0.899038 0.152672 0.433071
  62 1.193866 -2.066913 63.963127 -0.582926 -0.126571 -0.802607 0.076336 0.448819
blood.bmp
  62 -0.836136 -1.327377 65.323377 -0.990727 -0.121961 -0.059886 0.274809 0.448819
  62 1.273868 -0.947003 64.223512 -0.335951 -0.470758 -0.815796 0.198473 0.393701
  62 1.323866 -1.507044 64.343320 -0.389003 0.201017 -0.899038 0.152672 0.433071
blood.bmp
  62 -0.836136 -1.327377 65.323377 -0.990727 -0.121961 -0.059886 0.274809 0.448819
  62 0.983870 -0.346834 63.733718 -0.058871 -0.816473 -0.574374 0.213740 0.322835
  62 1.273868 -0.947003 64.223512 -0.335951 -0.470758 -0.815796 0.198473 0.393701
blood.bmp
  62 -0.836136 -1.327377 65.323377 -0.990727 -0.121961 -0.059886 0.274809 0.448819
  62 0.443873 -0.026548 62.903827 -0.717281 -0.376318 -0.586424 0.190840 0.228346
  62 0.983870 -0.346834 63.733718 -0.058871 -0.816473 -0.574374 0.213740 0.322835
blood.bmp
  62 -0.836136 -1.327377 65.323377 -0.990727 -0.121961 -0.059886 0.274809 0.448819
  62 0.533872 0.253298 63.353923 -0.833135 0.530808 -0.155336 0.244275 0.244094
  62 0.443873 -0.026548 62.903827 -0.717281 -0.376318 -0.586424 0.190840 0.228346
blood.bmp
  62 -0.836136 -1.327377 65.323377 -0.990727 -0.121961 -0.059886 0.274809 0.448819
  62 0.623871 0.513132 63.834012 -0.800481 0.597619 -0.045620 0.297710 0.251969
  62 0.533872 0.253298 63.353923 -0.833135 0.530808 -0.155336 0.244275 0.244094
blood.bmp
  62 -0.836136 -1.327377 65.323377 -0.990727 -0.121961 -0.059886 0.274809 0.448819
  62 0.753869 0.582751 64.944037 -0.617440 0.613090 0.492838 0.381679 0.322835
  62 0.623871 0.513132 63.834012 -0.800481 0.597619 -0.045620 0.297710 0.251969
blood.bmp
  62 -0.836136 -1.327377 65.323377 -0.990727 -0.121961 -0.059886 0.274809 0.448819
  62 1.073866 -0.117425 65.453797 -0.367006 0.491138 0.789994 0.343511 0.409449
  62 0.753869 0.582751 64.944037 -0.617440 0.613090 0.492838 0.381679 0.322835
blood.bmp
  62 -0.836136 -1.327377 65.323377 -0.990727 -0.121961 -0.059886 0.274809 0.448819
  62 1.103864 -0.727580 65.903587 -0.372598 0.387265 0.843325 0.320611 0.480315
  62 1.073866 -0.117425 65.453797 -0.367006 0.491138 0.789994 0.343511 0.409449
blood.bmp
  69 -1.116133 -1.167079 64.460431 -0.812811 0.084447 -0.576374 0.465649 0.692913
  69 0.553864 -1.957251 64.950163 -0.263444 -0.843302 -0.468443 0.503817 0.566929
  69 0.053863 -2.277267 65.000052 -0.330301 -0.671225 -0.663595 0.564885 0.551181
blood.bmp
  69 -1.116133 -1.167079 64.460431 -0.812811 0.084447 -0.576374 0.465649 0.692913
  69 0.623865 -2.227028 64.300071 -0.498704 -0.848718 0.175987 0.450382 0.551181
  69 0.553864 -1.957251 64.950163 -0.263444 -0.843302 -0.468443 0.503817 0.566929
blood.bmp
  69 -1.116133 -1.167079 64.460431 -0.812811 0.084447 -0.576374 0.465649 0.692913
  69 0.653866 -2.276842 63.760054 -0.593759 -0.737586 -0.321586 0.381679 0.527559
  69 0.623865 -2.227028 64.300071 -0.498704 -0.848718 0.175987 0.450382 0.551181
blood.bmp
  69 -1.116133 -1.167079 64.460431 -0.812811 0.084447 -0.576374 0.465649 0.692913
  69 1.063867 -1.666809 63.660264 -0.316905 0.131049 -0.939360 0.374046 0.622047
  69 0.653866 -2.276842 63.760054 -0.593759 -0.737586 -0.321586 0.381679 0.527559
blood.bmp
  69 -1.116133 -1.167079 64.460431 -0.812811 0.084447 -0.576374 0.465649 0.692913
  69 1.363870 -0.846655 63.210547 -0.453473 0.016296 -0.891121 0.297710 0.732283
  69 1.063867 -1.666809 63.660264 -0.316905 0.131049 -0.939360 0.374046 0.622047
blood.bmp
  69 -1.116133 -1.167079 64.460431 -0.812811 0.084447 -0.576374 0.465649 0.692913
  69 1.493871 -0.016755 63.500832 -0.499258 0.686328 -0.528862 0.328244 0.858268
  69 1.363870 -0.846655 63.210547 -0.453473 0.016296 -0.891121 0.297710 0.732283
blood.bmp
  69 -1.116133 -1.167079 64.460431 -0.812811 0.084447 -0.576374 0.465649 0.692913
  69 1.393870 0.052994 64.230856 -0.343819 0.798031 0.494909 0.427481 0.874016
  69 1.493871 -0.016755 63.500832 -0.499258 0.686328 -0.528862 0.328244 0.858268
blood.bmp
  69 -1.116133 -1.167079 64.460431 -0.812811 0.084447 -0.576374 0.465649 0.692913
  69 1.303867 -0.687105 64.520602 -0.197287 0.972928 0.120372 0.473282 0.803150
  69 1.393870 0.052994 64.230856 -0.343819 0.798031 0.494909 0.427481 0.874016
blood.bmp
  69 -1.116133 -1.167079 64.460431 -0.812811 0.084447 -0.576374 0.465649 0.692913
  69 1.133868 0.092692 65.110869 -0.154241 0.657083 -0.737870 0.534351 0.881890
  69 1.303867 -0.687105 64.520602 -0.197287 0.972928 0.120372 0.473282 0.803150
blood.bmp
  69 -1.116133 -1.167079 64.460431 -0.812811 0.084447 -0.576374 0.465649 0.692913
  69 0.673867 0.362542 65.550961 -0.257713 0.742352 -0.618464 0.587786 0.929134
  69 1.133868 0.092692 65.110869 -0.154241 0.657083 -0.737870 0.534351 0.881890
blood.bmp
  69 -1.116133 -1.167079 64.460431 -0.812811 0.084447 -0.576374 0.465649 0.692913
  69 0.093867 0.322454 65.810946 -0.714547 0.688988 -0.121314 0.625954 0.929134
  69 0.673867 0.362542 65.550961 -0.257713 0.742352 -0.618464 0.587786 0.929134
blood.bmp
  69 -1.116133 -1.167079 64.460431 -0.812811 0.084447 -0.576374 0.465649 0.692913
  69 -0.486137 -1.117555 65.840450 -0.905980 0.125483 0.404294 0.633588 0.708661
  69 0.093867 0.322454 65.810946 -0.714547 0.688988 -0.121314 0.625954 0.929134
blood.bmp
  69 -1.116133 -1.167079 64.460431 -0.812811 0.084447 -0.576374 0.465649 0.692913
  69 -0.536137 -1.857448 65.530195 -0.864516 -0.479453 0.150786 0.603053 0.606299
  69 -0.486137 -1.117555 65.840450 -0.905980 0.125483 0.404294 0.633588 0.708661
blood.bmp
  69 -1.116133 -1.167079 64.460431 -0.812811 0.084447 -0.576374 0.465649 0.692913
  69 0.053863 -2.277267 65.000052 -0.330301 -0.671225 -0.663595 0.564885 0.551181
  69 -0.536137 -1.857448 65.530195 -0.864516 -0.479453 0.150786 0.603053 0.606299
blood.bmp
  74 1.103869 -1.026794 63.615484 0.787055 0.013806 -0.616728 0.221374 0.354331
  74 0.433862 -2.757339 65.204888 0.784749 -0.555032 -0.275877 0.412214 0.448819
  74 0.133862 -3.007152 64.664802 0.426648 -0.580443 -0.693583 0.351145 0.496063
blood.bmp
  74 1.103869 -1.026794 63.615484 0.787055 0.013806 -0.616728 0.221374 0.354331
  74 0.873861 -2.417481 65.615006 0.917006 -0.368299 -0.153155 0.442748 0.401575
  74 0.433862 -2.757339 65.204888 0.784749 -0.555032 -0.275877 0.412214 0.448819
blood.bmp
  74 1.103869 -1.026794 63.615484 0.787055 0.013806 -0.616728 0.221374 0.354331
  74 1.013863 -1.157563 65.855439 0.992342 -0.119945 0.029494 0.374046 0.307087
  74 0.873861 -2.417481 65.615006 0.917006 -0.368299 -0.153155 0.442748 0.401575
blood.bmp
  74 1.103869 -1.026794 63.615484 0.787055 0.013806 -0.616728 0.221374 0.354331
  74 1.173866 0.102491 65.695873 0.828364 0.478329 -0.291571 0.267176 0.212598
  74 1.013863 -1.157563 65.855439 0.992342 -0.119945 0.029494 0.374046 0.307087
blood.bmp
  74 1.103869 -1.026794 63.615484 0.787055 0.013806 -0.616728 0.221374 0.354331
  74 0.553867 0.212544 65.545909 0.674720 0.692516 -0.255294 0.236641 0.220472
  74 1.173866 0.102491 65.695873 0.828364 0.478329 -0.291571 0.267176 0.212598
blood.bmp
  74 1.103869 -1.026794 63.615484 0.787055 0.013806 -0.616728 0.221374 0.354331
  74 0.253870 1.012765 64.906183 0.477897 0.606185 -0.635731 0.091603 0.181102
  74 0.553867 0.212544 65.545909 0.674720 0.692516 -0.255294 0.236641 0.220472
blood.bmp
  74 1.103869 -1.026794 63.615484 0.787055 0.013806 -0.616728 0.221374 0.354331
  74 -0.226131 0.442800 64.805986 0.291621 0.747610 -0.596688 0.122137 0.236220
  74 0.253870 1.012765 64.906183 0.477897 0.606185 -0.635731 0.091603 0.181102
blood.bmp
  74 1.103869 -1.026794 63.615484 0.787055 0.013806 -0.616728 0.221374 0.354331
  74 -0.356130 0.572958 64.346031 0.563234 0.710266 -0.422244 0.045802 0.244094
  74 -0.226131 0.442800 64.805986 0.291621 0.747610 -0.596688 0.122137 0.236220
blood.bmp
  74 1.103869 -1.026794 63.615484 0.787055 0.013806 -0.616728 0.221374 0.354331
  74 -0.666129 -0.466711 63.385673 0.239112 0.387351 -0.890384 0.000000 0.362205
  74 -0.356130 0.572958 64.346031 0.563234 0.710266 -0.422244 0.045802 0.244094
blood.bmp
  74 1.103869 -1.026794 63.615484 0.787055 0.013806 -0.616728 0.221374 0.354331
  74 -0.576131 -1.546663 63.245302 0.155991 0.181421 -0.970955 0.045802 0.440945
  74 -0.666129 -0.466711 63.385673 0.239112 0.387351 -0.890384 0.000000 0.362205
blood.bmp
  74 1.103869 -1.026794 63.615484 0.787055 0.013806 -0.616728 0.221374 0.354331
  74 -0.376133 -2.396605 63.075010 0.574670 -0.327408 -0.750039 0.076336 0.519685
  74 -0.576131 -1.546663 63.245302 0.155991 0.181421 -0.970955 0.045802 0.440945
blood.bmp
  74 1.103869 -1.026794 63.615484 0.787055 0.013806 -0.616728 0.221374 0.354331
  74 -0.266135 -2.436870 63.844997 0.709433 -0.701626 -0.066520 0.190840 0.480315
  74 -0.376133 -2.396605 63.075010 0.574670 -0.327408 -0.750039 0.076336 0.519685
blood.bmp
  74 1.103869 -1.026794 63.615484 0.787055 0.013806 -0.616728 0.221374 0.354331
  74 -0.216136 -2.377066 64.415017 0.381930 -0.719847 -0.579612 0.259542 0.448819
  74 -0.266135 -2.436870 63.844997 0.709433 -0.701626 -0.066520 0.190840 0.480315
blood.bmp
  74 1.103869 -1.026794 63.615484 0.787055 0.013806 -0.616728 0.221374 0.354331
  74 0.133862 -3.007152 64.664802 0.426648 -0.580443 -0.693583 0.351145 0.496063
  74 -0.216136 -2.377066 64.415017 0.381930 -0.719847 -0.579612 0.259542 0.448819
blood.bmp
  56 0.803862 -2.167433 65.477092 0.458470 -0.827791 0.323369 0.687023 0.362205
  56 0.473871 -0.676625 63.127603 0.345062 -0.769924 -0.536796 0.832061 0.456693
  56 1.643871 -0.486699 63.337671 0.915988 -0.398741 0.044392 0.832061 0.574803
blood.bmp
  56 0.803862 -2.167433 65.477092 0.458470 -0.827791 0.323369 0.687023 0.362205
  56 -0.266130 -1.156633 63.157437 0.622894 -0.570296 -0.535505 0.877863 0.393701
  56 0.473871 -0.676625 63.127603 0.345062 -0.769924 -0.536796 0.832061 0.456693
blood.bmp
  56 0.803862 -2.167433 65.477092 0.458470 -0.827791 0.323369 0.687023 0.362205
  56 -0.476131 -1.576633 63.157292 0.363477 -0.834685 -0.413745 0.893130 0.338583
  56 -0.266130 -1.156633 63.157437 0.622894 -0.570296 -0.535505 0.877863 0.393701
blood.bmp
  56 0.803862 -2.167433 65.477092 0.458470 -0.827791 0.323369 0.687023 0.362205
  56 -0.796134 -1.676969 64.137257 -0.345394 -0.935779 0.070851 0.778626 0.244094
  56 -0.476131 -1.576633 63.157292 0.363477 -0.834685 -0.413745 0.893130 0.338583
blood.bmp
  56 0.803862 -2.167433 65.477092 0.458470 -0.827791 0.323369 0.687023 0.362205
  56 -0.946135 -1.267275 65.027397 -0.495832 -0.794698 0.350151 0.679389 0.173228
  56 -0.796134 -1.676969 64.137257 -0.345394 -0.935779 0.070851 0.778626 0.244094
blood.bmp
  56 0.803862 -2.167433 65.477092 0.458470 -0.827791 0.323369 0.687023 0.362205
  56 -0.986135 -0.997433 65.487490 -0.498008 -0.768526 0.401691 0.625954 0.141732
  56 -0.946135 -1.267275 65.027397 -0.495832 -0.794698 0.350151 0.679389 0.173228
blood.bmp
  56 0.803862 -2.167433 65.477092 0.458470 -0.827791 0.323369 0.687023 0.362205
  56 -1.026136 -0.757580 65.917572 -0.157041 -0.472661 0.867139 0.557252 0.165354
  56 -0.986135 -0.997433 65.487490 -0.498008 -0.768526 0.401691 0.625954 0.141732
blood.bmp
  56 0.803862 -2.167433 65.477092 0.458470 -0.827791 0.323369 0.687023 0.362205
  56 0.073866 -0.047476 65.607819 0.235141 0.022640 0.971698 0.557252 0.267717
  56 -1.026136 -0.757580 65.917572 -0.157041 -0.472661 0.867139 0.557252 0.165354
blood.bmp
  56 0.803862 -2.167433 65.477092 0.458470 -0.827791 0.323369 0.687023 0.362205
  56 1.323867 0.192621 65.317904 0.533619 -0.062406 0.843419 0.519084 0.448819
  56 0.073866 -0.047476 65.607819 0.235141 0.022640 0.971698 0.557252 0.267717
blood.bmp
  56 0.803862 -2.167433 65.477092 0.458470 -0.827791 0.323369 0.687023 0.362205
  56 1.683868 -0.167194 64.777781 0.871594 -0.232624 0.431521 0.564885 0.519685
  56 1.323867 0.192621 65.317904 0.533619 -0.062406 0.843419 0.519084 0.448819
blood.bmp
  56 0.803862 -2.167433 65.477092 0.458470 -0.827791 0.323369 0.687023 0.362205
  56 1.713869 -0.536988 64.177654 0.836898 -0.538881 -0.095962 0.641221 0.559055
  56 1.683868 -0.167194 64.777781 0.871594 -0.232624 0.431521 0.564885 0.519685
blood.bmp
  56 0.803862 -2.167433 65.477092 0.458470 -0.827791 0.323369 0.687023 0.362205
  56 1.373870 -0.546826 63.707650 0.971408 -0.198548 0.130174 0.717557 0.535433
  56 1.713869 -0.536988 64.177654 0.836898 -0.538881 -0.095962 0.641221 0.559055
blood.bmp
  56 0.803862 -2.167433 65.477092 0.458470 -0.827791 0.323369 0.687023 0.362205
  56 1.643871 -0.486699 63.337671 0.915988 -0.398741 0.044392 0.832061 0.574803
  56 1.373870 -0.546826 63.707650 0.971408 -0.198548 0.130174 0.717557 0.535433
blood.bmp
  64 1.523864 -2.137200 64.795104 0.890735 -0.452701 -0.040657 0.290076 0.669291
  64 -0.626138 -2.467426 65.464986 0.261152 -0.872364 0.413256 0.282443 0.464567
  64 -0.766136 -2.617030 64.314934 0.279025 -0.799107 -0.532515 0.389313 0.503937
blood.bmp
  64 1.523864 -2.137200 64.795104 0.890735 -0.452701 -0.040657 0.290076 0.669291
  64 -0.376138 -1.467725 66.335330 0.590864 -0.143309 0.793941 0.160305 0.535433
  64 -0.626138 -2.467426 65.464986 0.261152 -0.872364 0.413256 0.282443 0.464567
blood.bmp
  64 1.523864 -2.137200 64.795104 0.890735 -0.452701 -0.040657 0.290076 0.669291
  64 -0.426136 -0.877598 65.965532 0.650561 0.421562 0.631708 0.160305 0.614173
  64 -0.376138 -1.467725 66.335330 0.590864 -0.143309 0.793941 0.160305 0.535433
blood.bmp
  64 1.523864 -2.137200 64.795104 0.890735 -0.452701 -0.040657 0.290076 0.669291
  64 -0.346134 -0.307447 65.525728 0.537219 0.227466 0.812192 0.175573 0.685039
  64 -0.426136 -0.877598 65.965532 0.650561 0.421562 0.631708 0.160305 0.614173
blood.bmp
  64 1.523864 -2.137200 64.795104 0.890735 -0.452701 -0.040657 0.290076 0.669291
  64 0.873869 0.542739 64.976023 0.801566 0.153222 0.577941 0.175573 0.803150
  64 -0.346134 -0.307447 65.525728 0.537219 0.227466 0.812192 0.175573 0.685039
blood.bmp
  64 1.523864 -2.137200 64.795104 0.890735 -0.452701 -0.040657 0.290076 0.669291
  64 0.953872 0.533155 63.766020 0.978008 0.208568 0.000425 0.274809 0.850394
  64 0.873869 0.542739 64.976023 0.801566 0.153222 0.577941 0.175573 0.803150
blood.bmp
  64 1.523864 -2.137200 64.795104 0.890735 -0.452701 -0.040657 0.290076 0.669291
  64 0.943873 0.293475 62.835938 0.761835 -0.287040 -0.580702 0.366412 0.874016
  64 0.953872 0.533155 63.766020 0.978008 0.208568 0.000425 0.274809 0.850394
blood.bmp
  64 1.523864 -2.137200 64.795104 0.890735 -0.452701 -0.040657 0.290076 0.669291
  64 -0.216129 -0.326623 63.125722 0.686136 -0.011585 -0.727381 0.366412 0.787402
  64 0.943873 0.293475 62.835938 0.761835 -0.287040 -0.580702 0.366412 0.874016
blood.bmp
  64 1.523864 -2.137200 64.795104 0.890735 -0.452701 -0.040657 0.290076 0.669291
  64 -0.106128 -0.606475 62.695626 0.781660 -0.024073 -0.623240 0.419847 0.779528
  64 -0.216129 -0.326623 63.125722 0.686136 -0.011585 -0.727381 0.366412 0.787402
blood.bmp
  64 1.523864 -2.137200 64.795104 0.890735 -0.452701 -0.040657 0.290076 0.669291
  64 -0.516131 -1.266612 63.095398 0.305307 -0.651490 -0.694513 0.419847 0.692913
  64 -0.106128 -0.606475 62.695626 0.781660 -0.024073 -0.623240 0.419847 0.779528
blood.bmp
  64 1.523864 -2.137200 64.795104 0.890735 -0.452701 -0.040657 0.290076 0.669291
  64 -0.746133 -1.846776 63.575198 0.068757 -0.935095 -0.347662 0.404580 0.614173
  64 -0.516131 -1.266612 63.095398 0.305307 -0.651490 -0.694513 0.419847 0.692913
blood.bmp
  64 1.523864 -2.137200 64.795104 0.890735 -0.452701 -0.040657 0.290076 0.669291
  64 -0.836134 -1.796948 64.075215 0.061340 -0.818249 -0.571581 0.358779 0.598425
  64 -0.746133 -1.846776 63.575198 0.068757 -0.935095 -0.347662 0.404580 0.614173
blood.bmp
  64 1.523864 -2.137200 64.795104 0.890735 -0.452701 -0.040657 0.290076 0.669291
  64 -0.766136 -2.617030 64.314934 0.279025 -0.799107 -0.532515 0.389313 0.503937
  64 -0.836134 -1.796948 64.075215 0.061340 -0.818249 -0.571581 0.358779 0.598425
blood.bmp
  63 -0.446136 -2.077144 64.644120 -0.142473 -0.873621 0.465282 0.694656 0.755906
  63 2.083868 -1.096868 63.824463 0.405909 -0.895158 0.184201 0.854962 0.645669
  63 2.213866 -1.027253 64.944487 0.276293 -0.837702 0.471081 0.740458 0.574803
blood.bmp
  63 -0.446136 -2.077144 64.644120 -0.142473 -0.873621 0.465282 0.694656 0.755906
  63 1.973869 -1.346706 63.354376 0.409309 -0.868694 0.278991 0.900763 0.685039
  63 2.083868 -1.096868 63.824463 0.405909 -0.895158 0.184201 0.854962 0.645669
blood.bmp
  63 -0.446136 -2.077144 64.644120 -0.142473 -0.873621 0.465282 0.694656 0.755906
  63 0.123868 -2.216585 63.014073 -0.221052 -0.975212 0.009899 0.847328 0.858268
  63 1.973869 -1.346706 63.354376 0.409309 -0.868694 0.278991 0.900763 0.685039
blood.bmp
  63 -0.446136 -2.077144 64.644120 -0.142473 -0.873621 0.465282 0.694656 0.755906
  63 -1.606130 -0.416733 63.454688 -0.794947 -0.603135 -0.065480 0.732824 0.984252
  63 0.123868 -2.216585 63.014073 -0.221052 -0.975212 0.009899 0.847328 0.858268
blood.bmp
  63 -0.446136 -2.077144 64.644120 -0.142473 -0.873621 0.465282 0.694656 0.755906
  63 -1.656131 -0.227066 64.424753 -0.837595 -0.546126 0.013470 0.633588 0.929134
  63 -1.606130 -0.416733 63.454688 -0.794947 -0.603135 -0.065480 0.732824 0.984252
blood.bmp
  63 -0.446136 -2.077144 64.644120 -0.142473 -0.873621 0.465282 0.694656 0.755906
  63 -1.686134 -0.257468 65.594743 -0.730866 -0.632397 0.256726 0.503817 0.874016
  63 -1.656131 -0.227066 64.424753 -0.837595 -0.546126 0.013470 0.633588 0.929134
blood.bmp
  63 -0.446136 -2.077144 64.644120 -0.142473 -0.873621 0.465282 0.694656 0.755906
  63 -1.196135 -0.217665 66.164757 -0.084047 -0.648934 0.756189 0.465649 0.803150
  63 -1.686134 -0.257468 65.594743 -0.730866 -0.632397 0.256726 0.503817 0.874016
blood.bmp
  63 -0.446136 -2.077144 64.644120 -0.142473 -0.873621 0.465282 0.694656 0.755906
  63 -0.336134 0.112419 65.914873 -0.012470 -0.500676 0.865545 0.534351 0.740157
  63 -1.196135 -0.217665 66.164757 -0.084047 -0.648934 0.756189 0.465649 0.803150
blood.bmp
  63 -0.446136 -2.077144 64.644120 -0.142473 -0.873621 0.465282 0.694656 0.755906
  63 0.533865 -0.187693 66.234772 0.039299 -0.653312 0.756068 0.541985 0.653543
  63 -0.336134 0.112419 65.914873 -0.012470 -0.500676 0.865545 0.534351 0.740157
blood.bmp
  63 -0.446136 -2.077144 64.644120 -0.142473 -0.873621 0.465282 0.694656 0.755906
  63 1.083866 -0.207505 65.684766 0.321725 -0.645941 0.692281 0.625954 0.637795
  63 0.533865 -0.187693 66.234772 0.039299 -0.653312 0.756068 0.541985 0.653543
blood.bmp
  63 -0.446136 -2.077144 64.644120 -0.142473 -0.873621 0.465282 0.694656 0.755906
  63 2.213866 -1.027253 64.944487 0.276293 -0.837702 0.471081 0.740458 0.574803
  63 1.083866 -0.207505 65.684766 0.321725 -0.645941 0.692281 0.625954 0.637795
blood.bmp
  72 0.213870 -0.796702 63.353561 -0.139817 0.058111 -0.988471 0.564885 0.472441
  72 -1.166135 -0.827407 65.413548 -0.831860 -0.028403 -0.554259 0.709924 0.543307
  72 -0.896132 0.432641 65.273982 -0.378629 0.666340 -0.642363 0.732824 0.440945
blood.bmp
  72 0.213870 -0.796702 63.353561 -0.139817 0.058111 -0.988471 0.564885 0.472441
  72 -0.496138 -2.417395 65.373003 -0.416953 -0.631369 -0.653852 0.595420 0.614173
  72 -1.166135 -0.827407 65.413548 -0.831860 -0.028403 -0.554259 0.709924 0.543307
blood.bmp
  72 0.213870 -0.796702 63.353561 -0.139817 0.058111 -0.988471 0.564885 0.472441
  72 0.283861 -2.647393 65.362926 -0.439543 -0.668055 -0.600420 0.496183 0.590551
  72 -0.496138 -2.417395 65.373003 -0.416953 -0.631369 -0.653852 0.595420 0.614173
blood.bmp
  72 0.213870 -0.796702 63.353561 -0.139817 0.058111 -0.988471 0.564885 0.472441
  72 0.943861 -3.077277 65.022779 0.286901 -0.503213 -0.815147 0.404580 0.598425
  72 0.283861 -2.647393 65.362926 -0.439543 -0.668055 -0.600420 0.496183 0.590551
blood.bmp
  72 0.213870 -0.796702 63.353561 -0.139817 0.058111 -0.988471 0.564885 0.472441
  72 1.043862 -2.407398 65.373010 0.876576 -0.127119 -0.464172 0.419847 0.535433
  72 0.943861 -3.077277 65.022779 0.286901 -0.503213 -0.815147 0.404580 0.598425
blood.bmp
  72 0.213870 -0.796702 63.353561 -0.139817 0.058111 -0.988471 0.564885 0.472441
  72 1.683865 -0.837413 65.413551 0.809005 -0.099278 -0.579357 0.396947 0.393701
  72 1.043862 -2.407398 65.373010 0.876576 -0.127119 -0.464172 0.419847 0.535433
blood.bmp
  72 0.213870 -0.796702 63.353561 -0.139817 0.058111 -0.988471 0.564885 0.472441
  72 1.413868 0.422639 65.263983 0.363070 0.666086 -0.651544 0.458015 0.314961
  72 1.683865 -0.837413 65.413551 0.809005 -0.099278 -0.579357 0.396947 0.393701
blood.bmp
  72 0.213870 -0.796702 63.353561 -0.139817 0.058111 -0.988471 0.564885 0.472441
  72 0.883867 0.312599 65.383944 0.293972 0.795868 -0.529315 0.519084 0.354331
  72 1.413868 0.422639 65.263983 0.363070 0.666086 -0.651544 0.458015 0.314961
blood.bmp
  72 0.213870 -0.796702 63.353561 -0.139817 0.058111 -0.988471 0.564885 0.472441
  72 0.283870 1.062693 65.114201 0.005094 0.691348 -0.722504 0.610687 0.322835
  72 0.883867 0.312599 65.383944 0.293972 0.795868 -0.529315 0.519084 0.354331
blood.bmp
  72 0.213870 -0.796702 63.353561 -0.139817 0.058111 -0.988471 0.564885 0.472441
  72 -0.336132 0.322598 65.393945 -0.291241 0.805350 -0.516324 0.656489 0.417323
  72 0.283870 1.062693 65.114201 0.005094 0.691348 -0.722504 0.610687 0.322835
blood.bmp
  72 0.213870 -0.796702 63.353561 -0.139817 0.058111 -0.988471 0.564885 0.472441
  72 -0.896132 0.432641 65.273982 -0.378629 0.666340 -0.642363 0.732824 0.440945
  72 -0.336132 0.322598 65.393945 -0.291241 0.805350 -0.516324 0.656489 0.417323
blood.bmp
  53 -1.206133 -0.627122 64.584616 -0.932763 -0.325384 -0.155176 0.458015 0.519685
  53 -0.386136 -2.457096 64.503989 -0.913618 -0.404857 -0.037333 0.641221 0.614173
  53 -0.316137 -2.387237 64.914014 -0.887290 -0.404398 0.221762 0.648855 0.574803
blood.bmp
  53 -1.206133 -0.627122 64.584616 -0.932763 -0.325384 -0.155176 0.458015 0.519685
  53 -0.336135 -2.346996 64.214027 -0.881720 -0.383974 -0.274105 0.618321 0.637795
  53 -0.386136 -2.457096 64.503989 -0.913618 -0.404857 -0.037333 0.641221 0.614173
blood.bmp
  53 -1.206133 -0.627122 64.584616 -0.932763 -0.325384 -0.155176 0.458015 0.519685
  53 -0.316134 -2.196897 63.924079 -0.820051 -0.540799 0.187223 0.587786 0.661417
  53 -0.336135 -2.346996 64.214027 -0.881720 -0.383974 -0.274105 0.618321 0.637795
blood.bmp
  53 -1.206133 -0.627122 64.584616 -0.932763 -0.325384 -0.155176 0.458015 0.519685
  53 -0.586134 -2.276776 63.574051 -0.935285 -0.353772 0.009329 0.595420 0.708661
  53 -0.316134 -2.196897 63.924079 -0.820051 -0.540799 0.187223 0.587786 0.661417
blood.bmp
  53 -1.206133 -0.627122 64.584616 -0.932763 -0.325384 -0.155176 0.458015 0.519685
  53 -0.366133 -2.296670 63.264045 -0.905774 -0.132700 -0.402448 0.580153 0.740157
  53 -0.586134 -2.276776 63.574051 -0.935285 -0.353772 0.009329 0.595420 0.708661
blood.bmp
  53 -1.206133 -0.627122 64.584616 -0.932763 -0.325384 -0.155176 0.458015 0.519685
  53 -0.336132 -2.126543 62.894103 -0.932606 -0.289178 -0.215921 0.549618 0.771654
  53 -0.366133 -2.296670 63.264045 -0.905774 -0.132700 -0.402448 0.580153 0.740157
blood.bmp
  53 -1.206133 -0.627122 64.584616 -0.932763 -0.325384 -0.155176 0.458015 0.519685
  53 -0.346131 -1.916457 62.644175 -0.936773 -0.139873 -0.320769 0.519084 0.787402
  53 -0.336132 -2.126543 62.894103 -0.932606 -0.289178 -0.215921 0.549618 0.771654
blood.bmp
  53 -1.206133 -0.627122 64.584616 -0.932763 -0.325384 -0.155176 0.458015 0.519685
  53 -0.346130 -1.286464 62.664392 -0.881720 -0.383974 -0.274105 0.450382 0.748031
  53 -0.346131 -1.916457 62.644175 -0.936773 -0.139873 -0.320769 0.519084 0.787402
blood.bmp
  53 -1.206133 -0.627122 64.584616 -0.932763 -0.325384 -0.155176 0.458015 0.519685
  53 -0.846129 -0.786477 62.704562 -0.915693 -0.375002 -0.144498 0.396947 0.724409
  53 -0.346130 -1.286464 62.664392 -0.881720 -0.383974 -0.274105 0.450382 0.748031
blood.bmp
  53 -1.206133 -0.627122 64.584616 -0.932763 -0.325384 -0.155176 0.458015 0.519685
  53 -0.826127 -0.376446 62.614703 -0.982075 -0.006898 -0.188364 0.343511 0.716535
  53 -0.846129 -0.786477 62.704562 -0.915693 -0.375002 -0.144498 0.396947 0.724409
blood.bmp
  60 -0.316126 0.413527 62.691976 -0.088226 0.256417 -0.962531 0.404580 0.748031
  60 -0.736130 -1.516421 62.541312 -0.084160 0.097489 -0.991672 0.320611 0.535433
  60 -1.056129 -1.356437 62.591366 0.578751 -0.194832 -0.791889 0.297710 0.559055
blood.bmp
  60 -0.316126 0.413527 62.691976 -0.088226 0.256417 -0.962531 0.404580 0.748031
  60 -0.456130 -1.606414 62.521282 -0.043207 0.094571 -0.994580 0.351145 0.519685
  60 -0.736130 -1.516421 62.541312 -0.084160 0.097489 -0.991672 0.320611 0.535433
blood.bmp
  60 -0.316126 0.413527 62.691976 -0.088226 0.256417 -0.962531 0.404580 0.748031
  60 -0.186130 -1.516412 62.511313 -0.043207 0.094571 -0.994580 0.374046 0.527559
  60 -0.456130 -1.606414 62.521282 -0.043207 0.094571 -0.994580 0.351145 0.519685
blood.bmp
  60 -0.316126 0.413527 62.691976 -0.088226 0.256417 -0.962531 0.404580 0.748031
  60 0.123871 -1.356412 62.511369 -0.243865 0.037524 -0.969083 0.412214 0.535433
  60 -0.186130 -1.516412 62.511313 -0.043207 0.094571 -0.994580 0.374046 0.527559
blood.bmp
  60 -0.316126 0.413527 62.691976 -0.088226 0.256417 -0.962531 0.404580 0.748031
  60 0.353871 -1.096371 62.391459 0.072887 0.232025 -0.969975 0.435115 0.559055
  60 0.123871 -1.356412 62.511369 -0.243865 0.037524 -0.969083 0.412214 0.535433
blood.bmp
  60 -0.316126 0.413527 62.691976 -0.088226 0.256417 -0.962531 0.404580 0.748031
  60 0.573871 -1.046441 62.591476 0.479384 0.353614 -0.803211 0.458015 0.559055
  60 0.353871 -1.096371 62.391459 0.072887 0.232025 -0.969975 0.435115 0.559055
blood.bmp
  60 -0.316126 0.413527 62.691976 -0.088226 0.256417 -0.962531 0.404580 0.748031
  60 0.623871 -1.016451 62.621487 0.652762 0.464011 -0.598829 0.465649 0.566929
  60 0.573871 -1.046441 62.591476 0.479384 0.353614 -0.803211 0.458015 0.559055
blood.bmp
  60 -0.316126 0.413527 62.691976 -0.088226 0.256417 -0.962531 0.404580 0.748031
  60 0.853870 -1.166634 63.151436 0.596777 0.225624 -0.770033 0.473282 0.543307
  60 0.623871 -1.016451 62.621487 0.652762 0.464011 -0.598829 0.465649 0.566929
blood.bmp
  60 -0.316126 0.413527 62.691976 -0.088226 0.256417 -0.962531 0.404580 0.748031
  60 1.363870 -0.906635 63.151526 0.104442 -0.202060 -0.973788 0.526718 0.566929
  60 0.853870 -1.166634 63.151436 0.596777 0.225624 -0.770033 0.473282 0.543307
blood.bmp
  60 -0.176133 0.342471 65.761952 -0.122885 0.663921 0.737637 0.259542 0.314961
  60 1.713865 -0.967453 65.531506 0.568397 0.822706 -0.008909 0.396947 0.606299
  60 1.773866 -0.807347 65.221561 0.541275 0.698965 0.467406 0.374046 0.614173
blood.bmp
  60 -0.176133 0.342471 65.761952 -0.122885 0.663921 0.737637 0.259542 0.314961
  60 1.663864 -0.797525 65.741565 0.495475 0.804155 -0.328388 0.374046 0.598425
  60 1.713865 -0.967453 65.531506 0.568397 0.822706 -0.008909 0.396947 0.606299
blood.bmp
  60 -0.176133 0.342471 65.761952 -0.122885 0.663921 0.737637 0.259542 0.314961
  60 1.373863 -0.477790 66.511674 0.183012 0.828761 0.528831 0.328244 0.566929
  60 1.663864 -0.797525 65.741565 0.495475 0.804155 -0.328388 0.374046 0.598425
blood.bmp
  60 -0.176133 0.342471 65.761952 -0.122885 0.663921 0.737637 0.259542 0.314961
  60 0.933862 -1.007813 66.581491 -0.244078 0.341259 0.907727 0.419847 0.511811
  60 1.373863 -0.477790 66.511674 0.183012 0.828761 0.528831 0.328244 0.566929
blood.bmp
  60 -0.176133 0.342471 65.761952 -0.122885 0.663921 0.737637 0.259542 0.314961
  60 0.253861 -1.407804 66.561352 -0.473630 0.263577 0.840358 0.496183 0.417323
  60 0.933862 -1.007813 66.581491 -0.244078 0.341259 0.907727 0.419847 0.511811
blood.bmp
  60 -0.176133 0.342471 65.761952 -0.122885 0.663921 0.737637 0.259542 0.314961
  60 -0.496138 -1.797583 65.921216 -0.299814 0.111671 0.947439 0.564885 0.322835
  60 0.253861 -1.407804 66.561352 -0.473630 0.263577 0.840358 0.496183 0.417323
blood.bmp
  60 -0.176133 0.342471 65.761952 -0.122885 0.663921 0.737637 0.259542 0.314961
  60 -1.216138 -1.577592 65.951290 -0.636752 0.406123 0.655447 0.557252 0.204724
  60 -0.496138 -1.797583 65.921216 -0.299814 0.111671 0.947439 0.564885 0.322835
blood.bmp
  60 -0.176133 0.342471 65.761952 -0.122885 0.663921 0.737637 0.259542 0.314961
  60 -1.246137 -1.697516 65.731249 -0.743182 0.379486 0.551064 0.572519 0.204724
  60 -1.216138 -1.577592 65.951290 -0.636752 0.406123 0.655447 0.557252 0.204724
blood.bmp
  68 -0.446129 0.013160 63.759838 -0.364835 0.785216 -0.500332 0.503817 0.456693
  68 -1.026136 -1.227426 65.469411 -0.958599 0.240797 -0.152002 0.374046 0.559055
  68 -1.006135 -0.437567 65.879682 -0.871363 -0.378853 -0.311765 0.374046 0.606299
blood.bmp
  68 -0.446129 0.013160 63.759838 -0.364835 0.785216 -0.500332 0.503817 0.456693
  68 -1.086135 -1.527224 64.879307 -0.941151 0.320473 -0.107384 0.374046 0.496063
  68 -1.026136 -1.227426 65.469411 -0.958599 0.240797 -0.152002 0.374046 0.559055
blood.bmp
  68 -0.446129 0.013160 63.759838 -0.364835 0.785216 -0.500332 0.503817 0.456693
  68 -1.116134 -1.796990 64.199215 -0.941151 0.320473 -0.107384 0.366412 0.425197
  68 -1.086135 -1.527224 64.879307 -0.941151 0.320473 -0.107384 0.374046 0.496063
blood.bmp
  68 -0.446129 0.013160 63.759838 -0.364835 0.785216 -0.500332 0.503817 0.456693
  68 -1.076133 -1.936756 63.519167 -0.872104 0.323444 -0.367175 0.366412 0.354331
  68 -1.116134 -1.796990 64.199215 -0.941151 0.320473 -0.107384 0.366412 0.425197
blood.bmp
  68 -0.446129 0.013160 63.759838 -0.364835 0.785216 -0.500332 0.503817 0.456693
  68 -0.316132 -2.236531 62.859065 -0.036598 0.369498 -0.928510 0.465649 0.275591
  68 -1.076133 -1.936756 63.519167 -0.872104 0.323444 -0.367175 0.366412 0.354331
blood.bmp
  68 -0.446129 0.013160 63.759838 -0.364835 0.785216 -0.500332 0.503817 0.456693
  68 0.383867 -1.986732 63.439153 0.255065 0.256376 -0.932316 0.564885 0.354331
  68 -0.316132 -2.236531 62.859065 -0.036598 0.369498 -0.928510 0.465649 0.275591
blood.bmp
  68 -0.446129 0.013160 63.759838 -0.364835 0.785216 -0.500332 0.503817 0.456693
  68 1.093868 -1.566747 63.479299 -0.364904 -0.189467 -0.911563 0.656489 0.354331
  68 0.383867 -1.986732 63.439153 0.255065 0.256376 -0.932316 0.564885 0.354331
blood.bmp
  81 0.293870 0.403824 58.144090 -0.014331 -0.138301 0.990287 0.496183 0.181102
  81 1.293865 -2.485723 57.750739 -0.014331 -0.138301 0.990287 0.847328 0.259843
  81 2.623870 0.083821 58.143717 -0.014331 -0.138301 0.990287 0.534351 0.362205
blood.bmp
  81 0.293870 0.403824 58.144090 -0.014331 -0.138301 0.990287 0.496183 0.181102
  81 -0.676135 -2.505697 57.730718 -0.014331 -0.138301 0.990287 0.854962 0.110236
  81 1.293865 -2.485723 57.750739 -0.014331 -0.138301 0.990287 0.847328 0.259843
blood.bmp
  81 0.293870 0.403824 58.144090 -0.014331 -0.138301 0.990287 0.496183 0.181102
  81 -2.006131 0.073828 58.143710 0.009084 -0.078921 0.996839 0.541985 0.000000
  81 -0.676135 -2.505697 57.730718 -0.014331 -0.138301 0.990287 0.854962 0.110236
blood.bmp
  81 0.293870 0.403824 58.144090 -0.014331 -0.138301 0.990287 0.496183 0.181102
  81 -1.006127 2.563616 58.326596 0.009084 -0.078921 0.996839 0.244275 0.070866
  81 -2.006131 0.073828 58.143710 0.009084 -0.078921 0.996839 0.541985 0.000000
blood.bmp
  81 0.293870 0.403824 58.144090 -0.014331 -0.138301 0.990287 0.496183 0.181102
  81 1.613873 2.563612 58.326593 0.009084 -0.078921 0.996839 0.236641 0.275591
  81 -1.006127 2.563616 58.326596 0.009084 -0.078921 0.996839 0.244275 0.070866
blood.bmp
  81 0.293870 0.403824 58.144090 -0.014331 -0.138301 0.990287 0.496183 0.181102
  81 2.623870 0.083821 58.143717 -0.014331 -0.138301 0.990287 0.534351 0.362205
  81 1.613873 2.563612 58.326593 0.009084 -0.078921 0.996839 0.236641 0.275591
blood.bmp
  68 -0.446129 0.013160 63.759838 -0.364835 0.785216 -0.500332 0.503817 0.456693
  68 1.593867 -0.727160 64.679589 0.424515 0.873662 -0.237700 0.717557 0.480315
  68 1.613868 -0.846958 64.089547 0.332147 0.902512 0.274137 0.725191 0.417323
blood.bmp
  68 -0.446129 0.013160 63.759838 -0.364835 0.785216 -0.500332 0.503817 0.456693
  68 1.453866 -0.427373 65.299691 0.058318 0.976512 0.207419 0.709924 0.543307
  68 1.593867 -0.727160 64.679589 0.424515 0.873662 -0.237700 0.717557 0.480315
blood.bmp
  68 -0.446129 0.013160 63.759838 -0.364835 0.785216 -0.500332 0.503817 0.456693
  68 1.013865 -0.787424 65.449567 0.078176 0.924462 0.373173 0.641221 0.551181
  68 1.453866 -0.427373 65.299691 0.058318 0.976512 0.207419 0.709924 0.543307
blood.bmp
  68 -0.446129 0.013160 63.759838 -0.364835 0.785216 -0.500332 0.503817 0.456693
  68 0.333865 -0.407594 65.949696 0.526763 0.849651 -0.024785 0.557252 0.606299
  68 1.013865 -0.787424 65.449567 0.078176 0.924462 0.373173 0.641221 0.551181
blood.bmp
  68 -0.446129 0.013160 63.759838 -0.364835 0.785216 -0.500332 0.503817 0.456693
  68 -0.316135 0.062338 66.149856 0.822539 0.566195 -0.053414 0.465649 0.637795
  68 0.333865 -0.407594 65.949696 0.526763 0.849651 -0.024785 0.557252 0.606299
blood.bmp
  58 1.203871 0.183170 63.719900 0.419337 0.754532 -0.504815 0.671756 0.196850
  58 0.143872 0.193238 63.529901 0.077412 0.915409 -0.395012 0.595420 0.000000
  58 -0.256129 0.143115 63.889883 -0.014610 0.994073 0.107725 0.564885 0.000000
blood.bmp
  58 1.203871 0.183170 63.719900 0.419337 0.754532 -0.504815 0.671756 0.196850
  58 0.643871 -0.166705 63.359779 0.139935 0.600756 -0.787090 0.687023 0.015748
  58 0.143872 0.193238 63.529901 0.077412 0.915409 -0.395012 0.595420 0.000000
blood.bmp
  58 1.203871 0.183170 63.719900 0.419337 0.754532 -0.504815 0.671756 0.196850
  58 1.223871 -0.696596 63.039598 0.722654 0.438079 -0.534656 0.801527 0.007874
  58 0.643871 -0.166705 63.359779 0.139935 0.600756 -0.787090 0.687023 0.015748
blood.bmp
  58 1.203871 0.183170 63.719900 0.419337 0.754532 -0.504815 0.671756 0.196850
  58 1.243870 -0.766637 63.159574 0.995922 0.073776 -0.051920 0.816794 0.023622
  58 1.223871 -0.696596 63.039598 0.722654 0.438079 -0.534656 0.801527 0.007874
blood.bmp
  63 0.123868 -2.216585 63.014073 -0.183848 0.069676 -0.980482 0.702290 0.543307
  63 0.953871 -0.806515 62.804560 -0.385638 0.095656 -0.917678 0.396947 0.543307
  63 1.973869 -1.346706 63.354376 0.312319 -0.316577 -0.895676 0.427481 0.629921
blood.bmp
  63 0.123868 -2.216585 63.014073 -0.183848 0.069676 -0.980482 0.702290 0.543307
  63 0.973871 -0.356700 63.344714 -0.421125 0.344964 -0.838841 0.404580 0.464567
  63 0.953871 -0.806515 62.804560 -0.385638 0.095656 -0.917678 0.396947 0.543307
blood.bmp
  63 0.123868 -2.216585 63.014073 -0.183848 0.069676 -0.980482 0.702290 0.543307
  63 -0.366128 -0.086629 63.144804 -0.040380 0.049999 -0.997933 0.488550 0.346457
  63 0.973871 -0.356700 63.344714 -0.421125 0.344964 -0.838841 0.404580 0.464567
blood.bmp
  63 0.123868 -2.216585 63.014073 -0.183848 0.069676 -0.980482 0.702290 0.543307
  63 -1.606130 -0.416733 63.454688 -0.247655 0.001011 -0.968848 0.641221 0.259843
  63 -0.366128 -0.086629 63.144804 -0.040380 0.049999 -0.997933 0.488550 0.346457
blood.bmp
  65 1.673867 -1.027084 64.456486 0.886010 -0.266190 -0.379643 0.167939 0.385827
  65 -0.446138 -1.487677 66.196323 0.563529 -0.642632 0.519095 0.145038 0.228346
  65 -0.606137 -1.567426 65.466295 0.230333 -0.973112 0.000734 0.183206 0.299213
blood.bmp
  65 1.673867 -1.027084 64.456486 0.886010 -0.266190 -0.379643 0.167939 0.385827
  65 -0.506136 -0.507719 66.316659 0.563006 0.679493 0.470440 0.053435 0.267717
  65 -0.446138 -1.487677 66.196323 0.563529 -0.642632 0.519095 0.145038 0.228346
blood.bmp
  65 1.673867 -1.027084 64.456486 0.886010 -0.266190 -0.379643 0.167939 0.385827
  65 -0.756134 -0.597354 65.256628 0.137309 0.983171 -0.120507 0.122137 0.362205
  65 -0.506136 -0.507719 66.316659 0.563006 0.679493 0.470440 0.053435 0.267717
blood.bmp
  65 1.673867 -1.027084 64.456486 0.886010 -0.266190 -0.379643 0.167939 0.385827
  65 -0.606137 -1.567426 65.466295 0.230333 -0.973112 0.000734 0.183206 0.299213
  65 -0.756134 -0.597354 65.256628 0.137309 0.983171 -0.120507 0.122137 0.362205
blood.bmp
  60 -1.056129 -1.356437 62.591366 0.578751 -0.194832 -0.791889 0.297710 0.559055
  60 -0.316126 0.413527 62.691976 -0.088226 0.256417 -0.962531 0.404580 0.748031
  60 -1.166130 -1.276557 62.941393 -0.871877 0.457756 0.174040 0.290076 0.574803
blood.bmp
  60 -1.166130 -1.276557 62.941393 -0.871877 0.457756 0.174040 0.290076 0.574803
  60 -0.316126 0.413527 62.691976 -0.088226 0.256417 -0.962531 0.404580 0.748031
  60 -1.266129 -1.096396 62.471455 -0.544707 0.444750 -0.710980 0.282443 0.598425
blood.bmp
  60 -0.316126 0.413527 62.691976 -0.088226 0.256417 -0.962531 0.404580 0.748031
  60 -1.056129 -1.356437 62.591366 0.578751 -0.194832 -0.791889 0.297710 0.559055
  60 -1.266129 -1.096396 62.471455 -0.544707 0.444750 -0.710980 0.282443 0.598425
blood.bmp
  60 -1.426132 -1.306804 63.661382 -0.871533 0.443893 -0.208299 0.267176 0.574803
  60 -0.316126 0.413527 62.691976 -0.088226 0.256417 -0.962531 0.404580 0.748031
  60 -1.246130 -1.216612 63.101414 -0.841636 0.385025 -0.378688 0.282443 0.582677
blood.bmp
  60 -1.246130 -1.216612 63.101414 -0.841636 0.385025 -0.378688 0.282443 0.582677
  60 -0.316126 0.413527 62.691976 -0.088226 0.256417 -0.962531 0.404580 0.748031
  60 -1.206130 -1.256585 63.021400 -0.778340 0.308478 -0.546835 0.290076 0.574803
blood.bmp
  60 -0.316126 0.413527 62.691976 -0.088226 0.256417 -0.962531 0.404580 0.748031
  60 -1.166130 -1.276557 62.941393 -0.871877 0.457756 0.174040 0.290076 0.574803
  60 -1.206130 -1.256585 63.021400 -0.778340 0.308478 -0.546835 0.290076 0.574803
blood.bmp
  60 1.753868 -0.926952 64.071520 0.067888 -0.296174 0.952718 0.458015 0.559055
  60 0.503870 0.452875 64.581992 -0.342716 0.915421 0.211067 0.320611 0.401575
  60 1.363870 -0.906635 63.151526 0.121688 0.759040 -0.639570 0.580153 0.464567
blood.bmp
  60 1.363870 -0.906635 63.151526 0.121688 0.759040 -0.639570 0.580153 0.464567
  60 0.503870 0.452875 64.581992 -0.342716 0.915421 0.211067 0.320611 0.401575
  60 1.993869 -0.286949 64.061741 0.513296 0.768070 0.382878 0.480916 0.590551
blood.bmp
  60 0.503870 0.452875 64.581992 -0.342716 0.915421 0.211067 0.320611 0.401575
  60 1.753868 -0.926952 64.071520 0.067888 -0.296174 0.952718 0.458015 0.559055
  60 1.993869 -0.286949 64.061741 0.513296 0.768070 0.382878 0.480916 0.590551
blood.bmp
  66 0.323861 -1.977635 66.067156 -0.171721 0.307902 0.935793 0.519084 0.314961
  66 1.263865 -0.407516 65.717698 0.089611 -0.021028 0.995755 0.633588 0.488189
  66 -0.256137 -1.537548 65.817306 0.021842 0.055141 0.998240 0.442748 0.362205
blood.bmp
  66 -0.256137 -1.537548 65.817306 0.021842 0.055141 0.998240 0.442748 0.362205
  66 1.263865 -0.407516 65.717698 0.089611 -0.021028 0.995755 0.633588 0.488189
  66 -0.426136 -0.367647 66.107708 0.214319 -0.184120 0.959253 0.412214 0.480315
blood.bmp
  66 1.263865 -0.407516 65.717698 0.089611 -0.021028 0.995755 0.633588 0.488189
  66 -0.516134 0.452298 66.267989 0.214319 -0.184120 0.959253 0.389313 0.574803
  66 -0.426136 -0.367647 66.107708 0.214319 -0.184120 0.959253 0.412214 0.480315
blood.bmp
  68 -1.006135 -0.437567 65.879682 -0.871363 -0.378853 -0.311765 0.374046 0.606299
  68 -0.446129 0.013160 63.759838 -0.364835 0.785216 -0.500332 0.503817 0.456693
  68 -0.316135 0.062338 66.149856 0.822539 0.566195 -0.053414 0.465649 0.637795
blood.bmp
  68 -0.316135 0.062338 66.149856 0.822539 0.566195 -0.053414 0.465649 0.637795
  68 -0.446129 0.013160 63.759838 -0.364835 0.785216 -0.500332 0.503817 0.456693
  68 -1.006134 0.252354 66.109919 -0.546340 0.810813 -0.209987 0.366412 0.637795
blood.bmp
  68 -0.446129 0.013160 63.759838 -0.364835 0.785216 -0.500332 0.503817 0.456693
  68 -1.006135 -0.437567 65.879682 -0.871363 -0.378853 -0.311765 0.374046 0.606299
  68 -1.006134 0.252354 66.109919 -0.546340 0.810813 -0.209987 0.366412 0.637795
blood.bmp
  68 1.613868 -0.846958 64.089547 0.332147 0.902512 0.274137 0.725191 0.417323
  68 -0.446129 0.013160 63.759838 -0.364835 0.785216 -0.500332 0.503817 0.456693
  68 1.093868 -1.566747 63.479299 -0.364904 -0.189467 -0.911563 0.656489 0.354331
blood.bmp
  68 1.093868 -1.566747 63.479299 -0.364904 -0.189467 -0.911563 0.656489 0.354331
  68 -0.446129 0.013160 63.759838 -0.364835 0.785216 -0.500332 0.503817 0.456693
  68 1.543869 -0.986748 63.479499 0.188775 0.594786 -0.781405 0.717557 0.354331
blood.bmp
  68 -0.446129 0.013160 63.759838 -0.364835 0.785216 -0.500332 0.503817 0.456693
  68 1.613868 -0.846958 64.089547 0.332147 0.902512 0.274137 0.725191 0.417323
  68 1.543869 -0.986748 63.479499 0.188775 0.594786 -0.781405 0.717557 0.354331
blood.bmp
  68 -0.316132 -2.236531 62.859065 -0.036598 0.369498 -0.928510 0.465649 0.275591
  68 -1.036132 -2.056567 62.969126 -0.616839 0.427145 -0.661102 0.366412 0.283465
  68 -0.446129 0.013160 63.759838 -0.364835 0.785216 -0.500332 0.503817 0.456693
blood.bmp
  68 -0.446129 0.013160 63.759838 -0.364835 0.785216 -0.500332 0.503817 0.456693
  68 -1.036132 -2.056567 62.969126 -0.616839 0.427145 -0.661102 0.366412 0.283465
  68 -1.076133 -1.936756 63.519167 -0.872104 0.323444 -0.367175 0.366412 0.354331
blood.bmp
  69 0.653866 -2.276842 63.760054 -0.593759 -0.737586 -0.321586 0.381679 0.527559
  69 -1.116133 -1.167079 64.460431 -0.812811 0.084447 -0.576374 0.465649 0.692913
  69 0.613867 -2.356650 63.200026 -0.684172 -0.274584 -0.675657 0.312977 0.503937
blood.bmp
  69 0.613867 -2.356650 63.200026 -0.684172 -0.274584 -0.675657 0.312977 0.503937
  69 -1.116133 -1.167079 64.460431 -0.812811 0.084447 -0.576374 0.465649 0.692913
  69 1.063867 -1.666809 63.660264 -0.316905 0.131049 -0.939360 0.374046 0.622047
blood.bmp
  72 -0.496138 -2.417395 65.373003 -0.416953 -0.631369 -0.653852 0.595420 0.614173
  72 -1.206137 -2.117335 65.203104 -0.590724 -0.371591 -0.716216 0.687023 0.637795
  72 0.213870 -0.796702 63.353561 -0.139817 0.058111 -0.988471 0.564885 0.472441
blood.bmp
  72 0.213870 -0.796702 63.353561 -0.139817 0.058111 -0.988471 0.564885 0.472441
  72 -1.206137 -2.117335 65.203104 -0.590724 -0.371591 -0.716216 0.687023 0.637795
  72 -1.166135 -0.827407 65.413548 -0.831860 -0.028403 -0.554259 0.709924 0.543307
blood.bmp
  57 1.323865 -1.497256 64.958323 0.942354 -0.176570 0.284239 0.687023 0.417323
  57 0.023868 0.202709 65.068905 -0.728596 -0.582835 0.359794 0.687023 0.503937
  57 0.483872 0.193299 63.348902 0.540580 -0.423676 -0.726824 0.854962 0.551181
blood.bmp
  60 -0.176133 0.342471 65.761952 -0.122885 0.663921 0.737637 0.259542 0.314961
  60 -1.246137 -1.697516 65.731249 -0.743182 0.379486 0.551064 0.572519 0.204724
  60 -0.496138 -1.797583 65.921216 -0.299814 0.111671 0.947439 0.564885 0.322835
artic_working1.bmp
  82 2.713870 0.283589 58.343949 0.995166 0.083361 0.051914 0.326810 0.553571
  76 2.623871 -0.843729 60.791270 0.962154 -0.096612 -0.254805 0.301370 0.611111
  82 1.263866 -2.896813 58.690263 0.491575 -0.869317 0.051404 0.228963 0.553571
artic_working1.bmp
  82 1.263866 -2.896813 58.690263 0.491575 -0.869317 0.051404 0.228963 0.553571
  76 2.623871 -0.843729 60.791270 0.962154 -0.096612 -0.254805 0.301370 0.611111
  76 1.283870 -2.783262 59.440600 0.569631 -0.575840 -0.586454 0.228963 0.571429
artic_working1.bmp
  76 2.623871 -0.843729 60.791270 0.962154 -0.096612 -0.254805 0.301370 0.611111
  77 1.353869 -3.713256 59.420281 0.532757 -0.316461 -0.784871 0.230920 0.579365
  76 1.283870 -2.783262 59.440600 0.569631 -0.575840 -0.586454 0.228963 0.571429
artic_working1.bmp
  76 1.283870 -2.783262 59.440600 0.569631 -0.575840 -0.586454 0.228963 0.571429
  77 1.353869 -3.713256 59.420281 0.532757 -0.316461 -0.784871 0.230920 0.579365
  76 -0.686130 -2.793251 59.420592 -0.386638 -0.678355 -0.624776 0.180039 0.571429
artic_working1.bmp
  77 1.353869 -3.713256 59.420281 0.532757 -0.316461 -0.784871 0.230920 0.579365
  77 -0.746131 -3.713251 59.420276 -0.610871 -0.351817 -0.709268 0.178082 0.579365
  76 -0.686130 -2.793251 59.420592 -0.386638 -0.678355 -0.624776 0.180039 0.571429
artic_working1.bmp
  76 -0.686130 -2.793251 59.420592 -0.386638 -0.678355 -0.624776 0.180039 0.571429
  77 -0.746131 -3.713251 59.420276 -0.610871 -0.351817 -0.709268 0.178082 0.579365
  76 -2.016129 -0.853720 60.791256 -0.964109 -0.112377 -0.240551 0.107632 0.611111
artic_working1.bmp
  77 -0.746131 -3.713251 59.420276 -0.610871 -0.351817 -0.709268 0.178082 0.579365
  80 -1.806134 -2.953826 61.100534 -0.919444 -0.246556 -0.306321 0.150685 0.625000
  76 -2.016129 -0.853720 60.791256 -0.964109 -0.112377 -0.240551 0.107632 0.611111
artic_working1.bmp
  76 -2.016129 -0.853720 60.791256 -0.964109 -0.112377 -0.240551 0.107632 0.611111
  80 -1.806134 -2.953826 61.100534 -0.919444 -0.246556 -0.306321 0.150685 0.625000
  80 -2.246138 -2.754527 63.140602 -0.957516 -0.253037 -0.138333 0.135029 0.676587
artic_working1.bmp
  80 -1.806134 -2.953826 61.100534 -0.919444 -0.246556 -0.306321 0.150685 0.625000
  77 -1.556138 -4.264129 61.980085 -0.741047 -0.602051 -0.297295 0.160470 0.648810
  80 -2.246138 -2.754527 63.140602 -0.957516 -0.253037 -0.138333 0.135029 0.676587
artic_working1.bmp
  80 -2.246138 -2.754527 63.140602 -0.957516 -0.253037 -0.138333 0.135029 0.676587
  77 -1.556138 -4.264129 61.980085 -0.741047 -0.602051 -0.297295 0.160470 0.648810
  77 -1.706142 -4.404531 63.150036 -0.710909 -0.699223 0.075464 0.154599 0.676587
artic_working1.bmp
  77 -1.556138 -4.264129 61.980085 -0.741047 -0.602051 -0.297295 0.160470 0.648810
  77 -0.046143 -5.654328 62.549611 -0.306954 -0.894334 -0.325492 0.197652 0.662698
  77 -1.706142 -4.404531 63.150036 -0.710909 -0.699223 0.075464 0.154599 0.676587
artic_working1.bmp
  77 -1.706142 -4.404531 63.150036 -0.710909 -0.699223 0.075464 0.154599 0.676587
  77 -0.046143 -5.654328 62.549611 -0.306954 -0.894334 -0.325492 0.197652 0.662698
  77 0.043856 -5.364679 63.569711 -0.181070 -0.934106 0.307668 0.197652 0.686508
artic_working1.bmp
  77 -0.046143 -5.654328 62.549611 -0.306954 -0.894334 -0.325492 0.197652 0.662698
  77 0.653857 -5.654330 62.549612 0.317791 -0.941013 -0.116207 0.211350 0.662698
  77 0.043856 -5.364679 63.569711 -0.181070 -0.934106 0.307668 0.197652 0.686508
artic_working1.bmp
  77 0.043856 -5.364679 63.569711 -0.181070 -0.934106 0.307668 0.197652 0.686508
  77 0.653857 -5.654330 62.549612 0.317791 -0.941013 -0.116207 0.211350 0.662698
  77 0.613856 -5.384670 63.539705 0.297697 -0.900915 0.315797 0.211350 0.686508
artic_working1.bmp
  77 0.653857 -5.654330 62.549612 0.317791 -0.941013 -0.116207 0.211350 0.662698
  77 2.173859 -4.374529 63.120056 0.713846 -0.690927 0.114210 0.252446 0.676587
  77 0.613856 -5.384670 63.539705 0.297697 -0.900915 0.315797 0.211350 0.686508
artic_working1.bmp
  77 0.613856 -5.384670 63.539705 0.297697 -0.900915 0.315797 0.211350 0.686508
  77 2.173859 -4.374529 63.120056 0.713846 -0.690927 0.114210 0.252446 0.676587
  77 0.433854 -5.074979 64.439811 0.183019 -0.982919 -0.019336 0.209393 0.710317
artic_working1.bmp
  77 2.173859 -4.374529 63.120056 0.713846 -0.690927 0.114210 0.252446 0.676587
  77 2.123857 -4.354838 64.020062 0.725072 -0.682001 -0.095635 0.252446 0.698413
  77 0.433854 -5.074979 64.439811 0.183019 -0.982919 -0.019336 0.209393 0.710317
artic_working1.bmp
  77 0.433854 -5.074979 64.439811 0.183019 -0.982919 -0.019336 0.209393 0.710317
  77 2.123857 -4.354838 64.020062 0.725072 -0.682001 -0.095635 0.252446 0.698413
  77 1.363853 -5.185091 64.759775 0.508756 -0.847876 -0.149244 0.232877 0.718254
artic_working1.bmp
  77 2.123857 -4.354838 64.020062 0.725072 -0.682001 -0.095635 0.252446 0.698413
  79 2.653858 -3.384943 64.320397 0.900122 -0.435617 -0.004299 0.266145 0.706349
  77 1.363853 -5.185091 64.759775 0.508756 -0.847876 -0.149244 0.232877 0.718254
artic_working1.bmp
  77 1.363853 -5.185091 64.759775 0.508756 -0.847876 -0.149244 0.232877 0.718254
  79 2.653858 -3.384943 64.320397 0.900122 -0.435617 -0.004299 0.266145 0.706349
  78 2.883854 -3.245620 66.290446 0.918647 -0.364453 0.152518 0.270059 0.763889
artic_working1.bmp
  79 2.653858 -3.384943 64.320397 0.900122 -0.435617 -0.004299 0.266145 0.706349
  79 3.243862 -1.364889 64.161093 0.995531 -0.088673 -0.032477 0.295499 0.698413
  78 2.883854 -3.245620 66.290446 0.918647 -0.364453 0.152518 0.270059 0.763889
artic_working1.bmp
  78 2.883854 -3.245620 66.290446 0.918647 -0.364453 0.152518 0.270059 0.763889
  79 3.243862 -1.364889 64.161093 0.995531 -0.088673 -0.032477 0.295499 0.698413
  78 2.973858 -0.285861 66.991463 0.917595 0.070373 0.391237 0.320939 0.773810
artic_working1.bmp
  79 3.243862 -1.364889 64.161093 0.995531 -0.088673 -0.032477 0.295499 0.698413
  79 2.923866 1.204851 64.921975 0.931209 0.363084 0.031926 0.362035 0.720238
  78 2.973858 -0.285861 66.991463 0.917595 0.070373 0.391237 0.320939 0.773810
artic_working1.bmp
  78 2.973858 -0.285861 66.991463 0.917595 0.070373 0.391237 0.320939 0.773810
  79 2.923866 1.204851 64.921975 0.931209 0.363084 0.031926 0.362035 0.720238
  78 1.653861 2.053839 67.872264 0.846081 0.365717 0.387813 0.393346 0.795635
artic_working1.bmp
  79 2.923866 1.204851 64.921975 0.931209 0.363084 0.031926 0.362035 0.720238
  79 1.693868 3.004602 65.652591 0.838329 0.536798 0.095145 0.405088 0.738095
  78 1.653861 2.053839 67.872264 0.846081 0.365717 0.387813 0.393346 0.795635
artic_working1.bmp
  78 2.973858 -0.285861 66.991463 0.917595 0.070373 0.391237 0.320939 0.773810
  78 1.693849 -3.146284 68.230477 0.455065 -0.424441 0.782794 0.242661 0.811508
  78 2.883854 -3.245620 66.290446 0.918647 -0.364453 0.152518 0.270059 0.763889
artic_working1.bmp
  78 2.883854 -3.245620 66.290446 0.918647 -0.364453 0.152518 0.270059 0.763889
  78 1.693849 -3.146284 68.230477 0.455065 -0.424441 0.782794 0.242661 0.811508
  77 1.823850 -4.895704 66.539876 0.361791 -0.864652 0.348545 0.240705 0.769841
artic_working1.bmp
  78 1.693849 -3.146284 68.230477 0.455065 -0.424441 0.782794 0.242661 0.811508
  77 -1.156150 -4.795687 66.509904 -0.394534 -0.784527 0.478394 0.170254 0.769841
  77 1.823850 -4.895704 66.539876 0.361791 -0.864652 0.348545 0.240705 0.769841
artic_working1.bmp
  77 1.823850 -4.895704 66.539876 0.361791 -0.864652 0.348545 0.240705 0.769841
  77 -1.156150 -4.795687 66.509904 -0.394534 -0.784527 0.478394 0.170254 0.769841
  77 -0.886147 -5.185086 64.759770 -0.385801 -0.919645 -0.073554 0.174168 0.718254
artic_working1.bmp
  77 -1.156150 -4.795687 66.509904 -0.394534 -0.784527 0.478394 0.170254 0.769841
  78 -2.206146 -3.145599 66.260468 -0.910439 -0.366867 0.191072 0.140900 0.763889
  77 -0.886147 -5.185086 64.759770 -0.385801 -0.919645 -0.073554 0.174168 0.718254
artic_working1.bmp
  77 -0.886147 -5.185086 64.759770 -0.385801 -0.919645 -0.073554 0.174168 0.718254
  78 -2.206146 -3.145599 66.260468 -0.910439 -0.366867 0.191072 0.140900 0.763889
  80 -2.146142 -3.424950 64.370372 -0.912163 -0.409339 0.020016 0.142857 0.706349
artic_working1.bmp
  78 -2.206146 -3.145599 66.260468 -0.910439 -0.366867 0.191072 0.140900 0.763889
  80 -2.666138 -1.374897 64.221076 -0.995783 -0.087205 -0.028474 0.113503 0.698413
  80 -2.146142 -3.424950 64.370372 -0.912163 -0.409339 0.020016 0.142857 0.706349
artic_working1.bmp
  80 -2.146142 -3.424950 64.370372 -0.912163 -0.409339 0.020016 0.142857 0.706349
  80 -2.666138 -1.374897 64.221076 -0.995783 -0.087205 -0.028474 0.113503 0.698413
  80 -2.246138 -2.754527 63.140602 -0.957516 -0.253037 -0.138333 0.135029 0.676587
artic_working1.bmp
  80 -2.666138 -1.374897 64.221076 -0.995783 -0.087205 -0.028474 0.113503 0.698413
  80 -2.396132 -0.624224 62.261334 -0.963222 0.158974 -0.216635 0.093933 0.650794
  80 -2.246138 -2.754527 63.140602 -0.957516 -0.253037 -0.138333 0.135029 0.676587
artic_working1.bmp
  80 -2.246138 -2.754527 63.140602 -0.957516 -0.253037 -0.138333 0.135029 0.676587
  80 -2.396132 -0.624224 62.261334 -0.963222 0.158974 -0.216635 0.093933 0.650794
  76 -2.016129 -0.853720 60.791256 -0.964109 -0.112377 -0.240551 0.107632 0.611111
artic_working1.bmp
  80 -2.396132 -0.624224 62.261334 -0.963222 0.158974 -0.216635 0.093933 0.650794
  76 -1.016124 2.076137 61.202265 -0.939566 0.339683 -0.042801 0.011742 0.621032
  76 -2.016129 -0.853720 60.791256 -0.964109 -0.112377 -0.240551 0.107632 0.611111
artic_working1.bmp
  76 -2.016129 -0.853720 60.791256 -0.964109 -0.112377 -0.240551 0.107632 0.611111
  76 -1.016124 2.076137 61.202265 -0.939566 0.339683 -0.042801 0.011742 0.621032
  82 -2.176130 0.093503 58.423733 -0.994902 0.058647 0.082035 0.086106 0.551587
artic_working1.bmp
  76 -1.016124 2.076137 61.202265 -0.939566 0.339683 -0.042801 0.011742 0.621032
  82 -1.256126 2.783396 58.516851 -0.934923 0.314046 0.165207 0.007828 0.551587
  82 -2.176130 0.093503 58.423733 -0.994902 0.058647 0.082035 0.086106 0.551587
artic_working1.bmp
  79 3.243862 -1.364889 64.161093 0.995531 -0.088673 -0.032477 0.295499 0.698413
  79 2.823862 -2.764510 63.060611 0.955718 -0.277001 -0.099369 0.273973 0.672619
  79 2.983869 -0.624208 62.181346 0.964051 0.165252 -0.208079 0.313112 0.648810
artic_working1.bmp
  79 2.983869 -0.624208 62.181346 0.964051 0.165252 -0.208079 0.313112 0.648810
  79 2.823862 -2.764510 63.060611 0.955718 -0.277001 -0.099369 0.273973 0.672619
  76 2.623871 -0.843729 60.791270 0.962154 -0.096612 -0.254805 0.301370 0.611111
artic_working1.bmp
  79 2.823862 -2.764510 63.060611 0.955718 -0.277001 -0.099369 0.273973 0.672619
  79 2.473866 -2.943835 61.100548 0.922295 -0.244019 -0.299712 0.256360 0.625000
  76 2.623871 -0.843729 60.791270 0.962154 -0.096612 -0.254805 0.301370 0.611111
artic_working1.bmp
  76 2.623871 -0.843729 60.791270 0.962154 -0.096612 -0.254805 0.301370 0.611111
  79 2.473866 -2.943835 61.100548 0.922295 -0.244019 -0.299712 0.256360 0.625000
  77 1.353869 -3.713256 59.420281 0.532757 -0.316461 -0.784871 0.230920 0.579365
artic_working1.bmp
  79 2.473866 -2.943835 61.100548 0.922295 -0.244019 -0.299712 0.256360 0.625000
  77 2.183861 -4.294151 62.020083 0.734192 -0.625658 -0.263654 0.248532 0.648810
  77 1.353869 -3.713256 59.420281 0.532757 -0.316461 -0.784871 0.230920 0.579365
artic_working1.bmp
  77 1.353869 -3.713256 59.420281 0.532757 -0.316461 -0.784871 0.230920 0.579365
  77 2.183861 -4.294151 62.020083 0.734192 -0.625658 -0.263654 0.248532 0.648810
  77 1.193863 -4.613815 61.049971 0.458853 -0.868993 -0.185217 0.221135 0.626984
artic_working1.bmp
  77 2.183861 -4.294151 62.020083 0.734192 -0.625658 -0.263654 0.248532 0.648810
  77 0.853860 -5.054138 61.989819 0.279588 -0.939406 -0.198358 0.217221 0.648810
  77 1.193863 -4.613815 61.049971 0.458853 -0.868993 -0.185217 0.221135 0.626984
artic_working1.bmp
  77 1.193863 -4.613815 61.049971 0.458853 -0.868993 -0.185217 0.221135 0.626984
  77 0.853860 -5.054138 61.989819 0.279588 -0.939406 -0.198358 0.217221 0.648810
  77 0.253862 -5.023889 61.269828 -0.002866 -0.951422 -0.307878 0.203523 0.632937
artic_working1.bmp
  77 0.853860 -5.054138 61.989819 0.279588 -0.939406 -0.198358 0.217221 0.648810
  77 -0.266140 -5.054135 61.989816 -0.291811 -0.939735 -0.178169 0.189824 0.646825
  77 0.253862 -5.023889 61.269828 -0.002866 -0.951422 -0.307878 0.203523 0.632937
artic_working1.bmp
  77 0.253862 -5.023889 61.269828 -0.002866 -0.951422 -0.307878 0.203523 0.632937
  77 -0.266140 -5.054135 61.989816 -0.291811 -0.939735 -0.178169 0.189824 0.646825
  77 -0.636137 -4.623812 61.049964 -0.474673 -0.862608 -0.174906 0.185910 0.626984
artic_working1.bmp
  77 -0.266140 -5.054135 61.989816 -0.291811 -0.939735 -0.178169 0.189824 0.646825
  77 -1.556138 -4.264129 61.980085 -0.741047 -0.602051 -0.297295 0.160470 0.648810
  77 -0.636137 -4.623812 61.049964 -0.474673 -0.862608 -0.174906 0.185910 0.626984
artic_working1.bmp
  77 -0.636137 -4.623812 61.049964 -0.474673 -0.862608 -0.174906 0.185910 0.626984
  77 -1.556138 -4.264129 61.980085 -0.741047 -0.602051 -0.297295 0.160470 0.648810
  77 -0.746131 -3.713251 59.420276 -0.610871 -0.351817 -0.709268 0.178082 0.579365
artic_working1.bmp
  77 -1.556138 -4.264129 61.980085 -0.741047 -0.602051 -0.297295 0.160470 0.648810
  80 -1.806134 -2.953826 61.100534 -0.919444 -0.246556 -0.306321 0.150685 0.625000
  77 -0.746131 -3.713251 59.420276 -0.610871 -0.351817 -0.709268 0.178082 0.579365
artic_working1.bmp
  78 1.693849 -3.146284 68.230477 0.455065 -0.424441 0.782794 0.242661 0.811508
  78 -1.096151 -3.146278 68.230471 -0.461285 -0.327320 0.824668 0.164384 0.811508
  77 -1.156150 -4.795687 66.509904 -0.394534 -0.784527 0.478394 0.170254 0.769841
artic_working1.bmp
  77 -1.156150 -4.795687 66.509904 -0.394534 -0.784527 0.478394 0.170254 0.769841
  78 -1.096151 -3.146278 68.230471 -0.461285 -0.327320 0.824668 0.164384 0.811508
  78 -2.206146 -3.145599 66.260468 -0.910439 -0.366867 0.191072 0.140900 0.763889
artic_working1.bmp
  78 -1.096151 -3.146278 68.230471 -0.461285 -0.327320 0.824668 0.164384 0.811508
  78 -2.446142 -0.285877 67.071451 -0.917134 0.118717 0.380488 0.086106 0.775794
  78 -2.206146 -3.145599 66.260468 -0.910439 -0.366867 0.191072 0.140900 0.763889
artic_working1.bmp
  78 -2.206146 -3.145599 66.260468 -0.910439 -0.366867 0.191072 0.140900 0.763889
  78 -2.446142 -0.285877 67.071451 -0.917134 0.118717 0.380488 0.086106 0.775794
  80 -2.666138 -1.374897 64.221076 -0.995783 -0.087205 -0.028474 0.113503 0.698413
artic_working1.bmp
  78 -2.446142 -0.285877 67.071451 -0.917134 0.118717 0.380488 0.086106 0.775794
  80 -2.366134 1.204834 65.001963 -0.939523 0.342456 -0.004533 0.050881 0.716270
  80 -2.666138 -1.374897 64.221076 -0.995783 -0.087205 -0.028474 0.113503 0.698413
artic_working1.bmp
  80 -2.666138 -1.374897 64.221076 -0.995783 -0.087205 -0.028474 0.113503 0.698413
  80 -2.366134 1.204834 65.001963 -0.939523 0.342456 -0.004533 0.050881 0.716270
  80 -2.396132 -0.624224 62.261334 -0.963222 0.158974 -0.216635 0.093933 0.650794
artic_working1.bmp
  80 -2.366134 1.204834 65.001963 -0.939523 0.342456 -0.004533 0.050881 0.716270
  80 -1.186127 2.815471 63.142519 -0.880086 0.444495 -0.166952 0.000000 0.668651
  80 -2.396132 -0.624224 62.261334 -0.963222 0.158974 -0.216635 0.093933 0.650794
artic_working1.bmp
  80 -2.396132 -0.624224 62.261334 -0.963222 0.158974 -0.216635 0.093933 0.650794
  80 -1.186127 2.815471 63.142519 -0.880086 0.444495 -0.166952 0.000000 0.668651
  76 -1.016124 2.076137 61.202265 -0.939566 0.339683 -0.042801 0.011742 0.621032
artic_working1.bmp
  77 2.123857 -4.354838 64.020062 0.725072 -0.682001 -0.095635 0.252446 0.698413
  77 2.173859 -4.374529 63.120056 0.713846 -0.690927 0.114210 0.252446 0.676587
  79 2.823862 -2.764510 63.060611 0.955718 -0.277001 -0.099369 0.273973 0.672619
artic_working1.bmp
  79 2.823862 -2.764510 63.060611 0.955718 -0.277001 -0.099369 0.273973 0.672619
  77 2.173859 -4.374529 63.120056 0.713846 -0.690927 0.114210 0.252446 0.676587
  77 2.183861 -4.294151 62.020083 0.734192 -0.625658 -0.263654 0.248532 0.648810
artic_working1.bmp
  77 2.173859 -4.374529 63.120056 0.713846 -0.690927 0.114210 0.252446 0.676587
  77 0.653857 -5.654330 62.549612 0.317791 -0.941013 -0.116207 0.211350 0.662698
  77 2.183861 -4.294151 62.020083 0.734192 -0.625658 -0.263654 0.248532 0.648810
artic_working1.bmp
  77 2.183861 -4.294151 62.020083 0.734192 -0.625658 -0.263654 0.248532 0.648810
  77 0.653857 -5.654330 62.549612 0.317791 -0.941013 -0.116207 0.211350 0.662698
  77 0.853860 -5.054138 61.989819 0.140198 -0.698553 -0.701690 0.219178 0.650794
artic_working1.bmp
  77 0.653857 -5.654330 62.549612 0.317791 -0.941013 -0.116207 0.211350 0.662698
  77 -0.046143 -5.654328 62.549611 -0.306954 -0.894334 -0.325492 0.197652 0.662698
  77 0.853860 -5.054138 61.989819 0.140198 -0.698553 -0.701690 0.219178 0.650794
artic_working1.bmp
  77 0.853860 -5.054138 61.989819 0.140198 -0.698553 -0.701690 0.219178 0.650794
  77 -0.046143 -5.654328 62.549611 -0.306954 -0.894334 -0.325492 0.197652 0.662698
  77 -0.266140 -5.054135 61.989816 -0.216588 -0.705820 -0.674469 0.189824 0.648810
artic_working1.bmp
  77 -0.046143 -5.654328 62.549611 -0.306954 -0.894334 -0.325492 0.197652 0.662698
  77 -1.556138 -4.264129 61.980085 -0.741047 -0.602051 -0.297295 0.160470 0.648810
  77 -0.266140 -5.054135 61.989816 -0.216588 -0.705820 -0.674469 0.189824 0.648810
artic_working1.bmp
  36 -1.256126 2.783408 58.506851 0.477497 -0.192988 0.857177 0.007828 0.551587
  36 -2.176130 0.093515 58.413733 0.759170 -0.043439 0.649441 0.086106 0.551587
  81 -1.006127 2.563616 58.326596 0.660717 -0.284766 0.694522 0.011742 0.591270
artic_working1.bmp
  81 -1.006127 2.563616 58.326596 0.660717 -0.284766 0.694522 0.011742 0.591270
  36 -2.176130 0.093515 58.413733 0.759170 -0.043439 0.649441 0.086106 0.551587
  81 -2.006131 0.073828 58.143710 0.897869 0.180789 0.401430 0.107632 0.581349
artic_working1.bmp
  36 -2.176130 0.093515 58.413733 0.759170 -0.043439 0.649441 0.086106 0.551587
  36 -0.726134 -2.876856 58.730289 0.638359 0.676316 0.367551 0.178082 0.555556
  81 -2.006131 0.073828 58.143710 0.897869 0.180789 0.401430 0.107632 0.581349
artic_working1.bmp
  81 -2.006131 0.073828 58.143710 0.897869 0.180789 0.401430 0.107632 0.581349
  36 -0.726134 -2.876856 58.730289 0.638359 0.676316 0.367551 0.178082 0.555556
  81 -0.676135 -2.505697 57.730718 0.338190 0.869840 0.359175 0.180039 0.561508
artic_working1.bmp
  36 -0.726134 -2.876856 58.730289 0.638359 0.676316 0.367551 0.178082 0.555556
  36 1.263866 -2.886801 58.680275 -0.533221 0.801230 0.271489 0.228963 0.553571
  81 -0.676135 -2.505697 57.730718 0.338190 0.869840 0.359175 0.180039 0.561508
artic_working1.bmp
  81 -0.676135 -2.505697 57.730718 0.338190 0.869840 0.359175 0.180039 0.561508
  36 1.263866 -2.886801 58.680275 -0.533221 0.801230 0.271489 0.228963 0.553571
  81 1.293865 -2.485723 57.750739 -0.523392 0.786373 0.328143 0.228963 0.561508
artic_working1.bmp
  36 1.263866 -2.886801 58.680275 -0.533221 0.801230 0.271489 0.228963 0.553571
  81 2.623870 0.083821 58.143717 -0.932072 0.193633 0.306183 0.305284 0.581349
  81 1.293865 -2.485723 57.750739 -0.523392 0.786373 0.328143 0.228963 0.561508
artic_working1.bmp
  80 -2.246138 -2.754527 63.140602 -0.957516 -0.253037 -0.138333 0.135029 0.676587
  77 -1.676143 -4.334820 63.990061 -0.739169 -0.666683 -0.095724 0.152642 0.698413
  80 -2.146142 -3.424950 64.370372 -0.912163 -0.409339 0.020016 0.142857 0.706349
artic_working1.bmp
  80 -2.146142 -3.424950 64.370372 -0.912163 -0.409339 0.020016 0.142857 0.706349
  77 -1.676143 -4.334820 63.990061 -0.739169 -0.666683 -0.095724 0.152642 0.698413
  77 -0.886147 -5.185086 64.759770 -0.385801 -0.919645 -0.073554 0.174168 0.718254
artic_working1.bmp
  77 -1.676143 -4.334820 63.990061 -0.739169 -0.666683 -0.095724 0.152642 0.698413
  77 0.123854 -5.074971 64.419810 -0.232092 -0.972318 -0.027054 0.199609 0.710317
  77 -0.886147 -5.185086 64.759770 -0.385801 -0.919645 -0.073554 0.174168 0.718254
artic_working1.bmp
  77 -0.886147 -5.185086 64.759770 -0.385801 -0.919645 -0.073554 0.174168 0.718254
  77 0.123854 -5.074971 64.419810 -0.232092 -0.972318 -0.027054 0.199609 0.710317
  77 0.433854 -5.074979 64.439811 0.183019 -0.982919 -0.019336 0.209393 0.710317
artic_working1.bmp
  77 0.123854 -5.074971 64.419810 -0.232092 -0.972318 -0.027054 0.199609 0.710317
  77 0.043856 -5.364679 63.569711 -0.181070 -0.934106 0.307668 0.197652 0.686508
  77 0.433854 -5.074979 64.439811 0.183019 -0.982919 -0.019336 0.209393 0.710317
artic_working1.bmp
  77 0.433854 -5.074979 64.439811 0.183019 -0.982919 -0.019336 0.209393 0.710317
  77 0.043856 -5.364679 63.569711 -0.181070 -0.934106 0.307668 0.197652 0.686508
  77 0.613856 -5.384670 63.539705 0.297697 -0.900915 0.315797 0.211350 0.686508
artic_working1.bmp
  82 2.713870 0.283589 58.343949 0.995166 0.083361 0.051914 0.326810 0.553571
  76 1.603876 2.076132 61.202271 0.934214 0.353852 -0.045082 0.401174 0.621032
  76 2.623871 -0.843729 60.791270 0.962154 -0.096612 -0.254805 0.301370 0.611111
artic_working1.bmp
  76 2.623871 -0.843729 60.791270 0.962154 -0.096612 -0.254805 0.301370 0.611111
  76 1.603876 2.076132 61.202271 0.934214 0.353852 -0.045082 0.401174 0.621032
  79 2.983869 -0.624208 62.181346 0.964051 0.165252 -0.208079 0.313112 0.648810
artic_working1.bmp
  76 1.603876 2.076132 61.202271 0.934214 0.353852 -0.045082 0.401174 0.621032
  79 1.723874 2.815465 63.142526 0.876284 0.455056 -0.158274 0.407045 0.668651
  79 2.983869 -0.624208 62.181346 0.964051 0.165252 -0.208079 0.313112 0.648810
artic_working1.bmp
  79 2.983869 -0.624208 62.181346 0.964051 0.165252 -0.208079 0.313112 0.648810
  79 1.723874 2.815465 63.142526 0.876284 0.455056 -0.158274 0.407045 0.668651
  79 2.923866 1.204851 64.921975 0.931209 0.363084 0.031926 0.362035 0.720238
artic_working1.bmp
  79 1.723874 2.815465 63.142526 0.876284 0.455056 -0.158274 0.407045 0.668651
  79 1.693868 3.004602 65.652591 0.838329 0.536798 0.095145 0.405088 0.738095
  79 2.923866 1.204851 64.921975 0.931209 0.363084 0.031926 0.362035 0.720238
artic_working1.bmp
  78 -1.116139 2.013852 67.852244 -0.009124 0.916757 0.399340 0.156556 0.996032
  79 1.693868 3.004602 65.652591 -0.005575 0.985596 0.169023 0.093933 0.940476
  80 -1.156132 2.994608 65.652581 -0.003520 0.984871 0.173253 0.156556 0.940476
artic_working1.bmp
  80 -1.156132 2.994608 65.652581 -0.003520 0.984871 0.173253 0.156556 0.940476
  79 1.693868 3.004602 65.652591 -0.005575 0.985596 0.169023 0.093933 0.940476
  80 -1.186127 2.815471 63.142519 -0.001146 0.985686 -0.168587 0.156556 0.875000
artic_working1.bmp
  79 1.693868 3.004602 65.652591 -0.005575 0.985596 0.169023 0.093933 0.940476
  79 1.723874 2.815465 63.142526 0.000001 0.963962 -0.266040 0.091977 0.875000
  80 -1.186127 2.815471 63.142519 -0.001146 0.985686 -0.168587 0.156556 0.875000
artic_working1.bmp
  80 -1.186127 2.815471 63.142519 -0.001146 0.985686 -0.168587 0.156556 0.875000
  79 1.723874 2.815465 63.142526 0.000001 0.963962 -0.266040 0.091977 0.875000
  76 -1.016124 2.076137 61.202265 0.000001 0.933436 -0.358745 0.152642 0.829365
artic_working1.bmp
  79 1.723874 2.815465 63.142526 0.000001 0.963962 -0.266040 0.091977 0.875000
  76 1.603876 2.076132 61.202271 0.000001 0.933436 -0.358745 0.086106 0.829365
  76 -1.016124 2.076137 61.202265 0.000001 0.933436 -0.358745 0.152642 0.829365
artic_working1.bmp
  82 -2.176130 0.093503 58.423733 -0.994902 0.058647 0.082035 0.086106 0.551587
  82 -0.726134 -2.876868 58.740288 -0.628541 -0.776210 0.049342 0.178082 0.555556
  76 -2.016129 -0.853720 60.791256 -0.964109 -0.112377 -0.240551 0.107632 0.611111
artic_working1.bmp
  76 -2.016129 -0.853720 60.791256 -0.964109 -0.112377 -0.240551 0.107632 0.611111
  82 -0.726134 -2.876868 58.740288 -0.628541 -0.776210 0.049342 0.178082 0.555556
  76 -0.686130 -2.793251 59.420592 -0.386638 -0.678355 -0.624776 0.180039 0.571429
artic_working1.bmp
  82 -0.726134 -2.876868 58.740288 -0.628541 -0.776210 0.049342 0.178082 0.555556
  82 1.263866 -2.896813 58.690263 0.491575 -0.869317 0.051404 0.228963 0.553571
  76 -0.686130 -2.793251 59.420592 -0.386638 -0.678355 -0.624776 0.180039 0.571429
artic_working1.bmp
  76 -0.686130 -2.793251 59.420592 -0.386638 -0.678355 -0.624776 0.180039 0.571429
  82 1.263866 -2.896813 58.690263 0.491575 -0.869317 0.051404 0.228963 0.553571
  76 1.283870 -2.783262 59.440600 0.569631 -0.575840 -0.586454 0.228963 0.571429
artic_working1.bmp
  77 1.353869 -3.713256 59.420281 0.532757 -0.316461 -0.784871 0.230920 0.579365
  77 1.193863 -4.613815 61.049971 0.458853 -0.868993 -0.185217 0.221135 0.626984
  77 0.283866 -4.773329 59.639914 -0.002866 -0.951422 -0.307878 0.203523 0.579365
artic_working1.bmp
  77 0.283866 -4.773329 59.639914 -0.002866 -0.951422 -0.307878 0.203523 0.579365
  77 1.193863 -4.613815 61.049971 0.458853 -0.868993 -0.185217 0.221135 0.626984
  77 0.253862 -4.993817 61.059838 0.002026 -0.970030 0.242976 0.203523 0.625000
artic_working1.bmp
  77 1.193863 -4.613815 61.049971 0.458853 -0.868993 -0.185217 0.221135 0.626984
  77 0.263862 -4.933844 61.139859 0.004980 -0.800499 0.599313 0.203523 0.628968
  77 0.253862 -4.993817 61.059838 0.002026 -0.970030 0.242976 0.203523 0.625000
artic_working1.bmp
  77 0.253862 -4.993817 61.059838 0.002026 -0.970030 0.242976 0.203523 0.625000
  77 0.263862 -4.933844 61.139859 0.004980 -0.800499 0.599313 0.203523 0.628968
  77 -0.636137 -4.623812 61.049964 -0.474673 -0.862608 -0.174906 0.185910 0.626984
artic_working1.bmp
  78 1.693849 -3.146284 68.230477 0.455065 -0.424441 0.782794 0.242661 0.811508
  78 1.693854 -0.586394 68.551357 -0.000583 0.002496 0.999997 0.240705 0.880952
  78 -1.096151 -3.146278 68.230471 -0.461285 -0.327320 0.824668 0.164384 0.811508
artic_working1.bmp
  78 -1.096151 -3.146278 68.230471 -0.461285 -0.327320 0.824668 0.164384 0.811508
  78 1.693854 -0.586394 68.551357 -0.000583 0.002496 0.999997 0.240705 0.880952
  78 -1.096146 -0.596385 68.541347 -0.003775 0.130700 0.991415 0.166341 0.880952
artic_working1.bmp
  78 1.693854 -0.586394 68.551357 -0.000583 0.002496 0.999997 0.240705 0.880952
  78 1.653861 2.053839 67.872264 -0.005464 0.253454 0.967332 0.240705 0.950397
  78 -1.096146 -0.596385 68.541347 -0.003775 0.130700 0.991415 0.166341 0.880952
artic_working1.bmp
  78 -1.096146 -0.596385 68.541347 -0.003775 0.130700 0.991415 0.166341 0.880952
  78 1.653861 2.053839 67.872264 -0.005464 0.253454 0.967332 0.240705 0.950397
  78 -1.116139 2.013852 67.852244 -0.005464 0.253454 0.967332 0.166341 0.948413
artic_working1.bmp
  78 -2.446142 -0.285877 67.071451 -0.917134 0.118717 0.380488 0.086106 0.775794
  80 -1.156132 2.994608 65.652581 -0.853990 0.495155 0.159756 0.000000 0.738095
  80 -2.366134 1.204834 65.001963 -0.939523 0.342456 -0.004533 0.050881 0.716270
artic_working1.bmp
  78 -2.446142 -0.285877 67.071451 -0.917134 0.118717 0.380488 0.086106 0.775794
  78 -1.116139 2.013852 67.852244 -0.825785 0.320265 0.464230 0.021526 0.795635
  80 -1.156132 2.994608 65.652581 -0.853990 0.495155 0.159756 0.000000 0.738095
artic_working1.bmp
  78 -2.446142 -0.285877 67.071451 -0.917134 0.118717 0.380488 0.086106 0.775794
  78 -1.096146 -0.596385 68.541347 -0.732184 0.048430 0.679383 0.088063 0.815476
  78 -1.116139 2.013852 67.852244 -0.825785 0.320265 0.464230 0.021526 0.795635
artic_working1.bmp
  78 -2.446142 -0.285877 67.071451 -0.917134 0.118717 0.380488 0.086106 0.775794
  78 -1.096151 -3.146278 68.230471 -0.461285 -0.327320 0.824668 0.164384 0.811508
  78 -1.096146 -0.596385 68.541347 -0.732184 0.048430 0.679383 0.088063 0.815476
artic_working1.bmp
  77 0.433854 -5.074979 64.439811 0.183019 -0.982919 -0.019336 0.209393 0.710317
  77 1.363853 -5.185091 64.759775 0.508756 -0.847876 -0.149244 0.232877 0.718254
  77 -0.886147 -5.185086 64.759770 -0.385801 -0.919645 -0.073554 0.174168 0.718254
artic_working1.bmp
  77 -0.886147 -5.185086 64.759770 -0.385801 -0.919645 -0.073554 0.174168 0.718254
  77 1.363853 -5.185091 64.759775 0.508756 -0.847876 -0.149244 0.232877 0.718254
  77 1.823850 -4.895704 66.539876 0.361791 -0.864652 0.348545 0.240705 0.769841
artic_working1.bmp
  77 1.363853 -5.185091 64.759775 0.508756 -0.847876 -0.149244 0.232877 0.718254
  78 2.883854 -3.245620 66.290446 0.918647 -0.364453 0.152518 0.270059 0.763889
  77 1.823850 -4.895704 66.539876 0.361791 -0.864652 0.348545 0.240705 0.769841
artic_working1.bmp
  80 -2.246138 -2.754527 63.140602 -0.957516 -0.253037 -0.138333 0.135029 0.676587
  77 -1.706142 -4.404531 63.150036 -0.710909 -0.699223 0.075464 0.154599 0.676587
  77 -1.676143 -4.334820 63.990061 -0.739169 -0.666683 -0.095724 0.152642 0.698413
artic_working1.bmp
  77 -1.676143 -4.334820 63.990061 -0.739169 -0.666683 -0.095724 0.152642 0.698413
  77 -1.706142 -4.404531 63.150036 -0.710909 -0.699223 0.075464 0.154599 0.676587
  77 0.123854 -5.074971 64.419810 -0.232092 -0.972318 -0.027054 0.199609 0.710317
artic_working1.bmp
  77 -1.706142 -4.404531 63.150036 -0.710909 -0.699223 0.075464 0.154599 0.676587
  77 0.043856 -5.364679 63.569711 -0.181070 -0.934106 0.307668 0.197652 0.686508
  77 0.123854 -5.074971 64.419810 -0.232092 -0.972318 -0.027054 0.199609 0.710317
artic_working1.bmp
  36 1.263866 -2.886801 58.680275 -0.533221 0.801230 0.271489 0.228963 0.553571
  36 2.713870 0.283600 58.333949 -0.843251 -0.078249 0.531794 0.326810 0.553571
  81 2.623870 0.083821 58.143717 -0.932072 0.193633 0.306183 0.305284 0.581349
artic_working1.bmp
  81 2.623870 0.083821 58.143717 -0.932072 0.193633 0.306183 0.305284 0.581349
  36 2.713870 0.283600 58.333949 -0.843251 -0.078249 0.531794 0.326810 0.553571
  81 1.613873 2.563612 58.326593 -0.647803 -0.309141 0.696264 0.407045 0.591270
artic_working1.bmp
  36 2.713870 0.283600 58.333949 -0.843251 -0.078249 0.531794 0.326810 0.553571
  36 1.733874 2.773392 58.516836 -0.606082 -0.288861 0.741097 0.410959 0.551587
  81 1.613873 2.563612 58.326593 -0.647803 -0.309141 0.696264 0.407045 0.591270
artic_working1.bmp
  77 2.123857 -4.354838 64.020062 0.725072 -0.682001 -0.095635 0.252446 0.698413
  79 2.823862 -2.764510 63.060611 0.955718 -0.277001 -0.099369 0.273973 0.672619
  79 2.653858 -3.384943 64.320397 0.900122 -0.435617 -0.004299 0.266145 0.706349
artic_working1.bmp
  79 2.653858 -3.384943 64.320397 0.900122 -0.435617 -0.004299 0.266145 0.706349
  79 2.823862 -2.764510 63.060611 0.955718 -0.277001 -0.099369 0.273973 0.672619
  79 3.243862 -1.364889 64.161093 0.995531 -0.088673 -0.032477 0.295499 0.698413
artic_working1.bmp
  77 1.193863 -4.613815 61.049971 0.458853 -0.868993 -0.185217 0.221135 0.626984
  77 0.253862 -5.023889 61.269828 -0.002866 -0.951422 -0.307878 0.203523 0.632937
  77 0.253862 -4.953841 61.129852 -0.001155 -0.903008 -0.429622 0.203523 0.630952
artic_working1.bmp
  77 0.253862 -4.953841 61.129852 -0.001155 -0.903008 -0.429622 0.203523 0.630952
  77 0.253862 -5.023889 61.269828 -0.002866 -0.951422 -0.307878 0.203523 0.632937
  77 -0.636137 -4.623812 61.049964 -0.474673 -0.862608 -0.174906 0.185910 0.626984
artic_working1.bmp
  77 0.253862 -4.993817 61.059838 0.002026 -0.970030 0.242976 0.203523 0.625000
  77 -0.636137 -4.623812 61.049964 -0.474673 -0.862608 -0.174906 0.185910 0.626984
  77 0.283866 -4.773329 59.639914 -0.002866 -0.951422 -0.307878 0.203523 0.579365
artic_working1.bmp
  77 0.283866 -4.773329 59.639914 -0.002866 -0.951422 -0.307878 0.203523 0.579365
  77 -0.636137 -4.623812 61.049964 -0.474673 -0.862608 -0.174906 0.185910 0.626984
  77 -0.746131 -3.713251 59.420276 -0.610871 -0.351817 -0.709268 0.178082 0.579365
artic_working1.bmp
  76 1.603876 2.076132 61.202271 0.000002 0.967748 0.251919 0.011742 0.942460
  82 1.733874 2.773392 58.516836 0.000002 0.967749 0.251918 0.011742 0.876984
  76 -1.016124 2.076137 61.202265 0.000002 0.967748 0.251919 0.080235 0.942460
artic_working1.bmp
  76 -1.016124 2.076137 61.202265 0.000002 0.967748 0.251919 0.080235 0.942460
  82 1.733874 2.773392 58.516836 0.000002 0.967749 0.251918 0.011742 0.876984
  82 -1.256126 2.783396 58.516851 0.000002 0.967749 0.251918 0.078278 0.876984
artic_working1.bmp
  78 1.693849 -3.146284 68.230477 0.455065 -0.424441 0.782794 0.242661 0.811508
  78 2.973858 -0.285861 66.991463 0.917595 0.070373 0.391237 0.320939 0.773810
  78 1.693854 -0.586394 68.551357 0.765549 0.051141 0.641342 0.317025 0.815476
artic_working1.bmp
  78 1.693854 -0.586394 68.551357 0.765549 0.051141 0.641342 0.317025 0.815476
  78 2.973858 -0.285861 66.991463 0.917595 0.070373 0.391237 0.320939 0.773810
  78 1.653861 2.053839 67.872264 0.846081 0.365717 0.387813 0.393346 0.795635
artic_working1.bmp
  77 0.263862 -4.933844 61.139859 -0.002435 0.277906 0.960605 0.207436 0.628968
  77 1.193863 -4.613815 61.049971 -0.004896 0.964986 -0.262255 0.207436 0.628968
  77 -0.636137 -4.623812 61.049964 -0.004896 0.964986 -0.262255 0.207436 0.628968
artic_working1.bmp
  77 -0.636137 -4.623812 61.049964 -0.004896 0.964986 -0.262255 0.207436 0.628968
  77 1.193863 -4.613815 61.049971 -0.004896 0.964986 -0.262255 0.207436 0.628968
  77 0.253862 -4.953841 61.129852 0.002275 -0.246512 -0.969137 0.207436 0.628968
artic_working1.bmp
  81 1.613873 2.563612 58.326593 0.000000 -0.645014 0.764171 0.011742 0.942460
  36 1.733874 2.773392 58.516836 -0.000001 -0.645010 0.764174 0.011742 0.876984
  81 -1.006127 2.563616 58.326596 0.000000 -0.645014 0.764171 0.080235 0.942460
artic_working1.bmp
  81 -1.006127 2.563616 58.326596 0.000000 -0.645014 0.764171 0.080235 0.942460
  36 1.733874 2.773392 58.516836 -0.000001 -0.645010 0.764174 0.011742 0.876984
  36 -1.256126 2.783408 58.506851 -0.000001 -0.645010 0.764174 0.078278 0.876984
artic_working1.bmp
  77 2.183861 -4.294151 62.020083 0.734192 -0.625658 -0.263654 0.248532 0.648810
  79 2.473866 -2.943835 61.100548 0.922295 -0.244019 -0.299712 0.256360 0.625000
  79 2.823862 -2.764510 63.060611 0.955718 -0.277001 -0.099369 0.273973 0.672619
artic_working1.bmp
  82 1.733874 2.773392 58.516836 0.925793 0.353712 0.133396 0.410959 0.551587
  76 1.603876 2.076132 61.202271 0.934214 0.353852 -0.045082 0.401174 0.621032
  82 2.713870 0.283589 58.343949 0.995166 0.083361 0.051914 0.326810 0.553571
artic_working1.bmp
  78 -1.116139 2.013852 67.852244 -0.009124 0.916757 0.399340 0.156556 0.996032
  78 1.653861 2.053839 67.872264 -0.009124 0.916757 0.399340 0.080235 0.996032
  79 1.693868 3.004602 65.652591 -0.005575 0.985596 0.169023 0.093933 0.940476
artic_working1.bmp
  80 -1.156132 2.994608 65.652581 -0.853990 0.495155 0.159756 0.000000 0.738095
  80 -1.186127 2.815471 63.142519 -0.880086 0.444495 -0.166952 0.000000 0.668651
  80 -2.366134 1.204834 65.001963 -0.939523 0.342456 -0.004533 0.050881 0.716270
artic_working1.bmp
  79 2.923866 1.204851 64.921975 0.931209 0.363084 0.031926 0.362035 0.720238
  79 3.243862 -1.364889 64.161093 0.995531 -0.088673 -0.032477 0.295499 0.698413
  79 2.983869 -0.624208 62.181346 0.964051 0.165252 -0.208079 0.313112 0.648810
artic_working1.bmp
  77 0.283866 -4.773329 59.639914 -0.000002 -0.202878 -0.979204 0.205479 0.587302
  77 -0.746131 -3.713251 59.420276 -0.610871 -0.351817 -0.709268 0.178082 0.579365
  77 1.353869 -3.713256 59.420281 0.532757 -0.316461 -0.784871 0.230920 0.579365
end
