version 1
nodes
  0 "Bip01" -1
  1 "Bip01 Pelvis" 0
  2 "Bip01 Spine" 1
  3 "Bip01 Spine1" 2
  4 "Bip01 Spine2" 3
  5 "Bip01 Spine3" 4
  6 "Bip01 Neck" 5
  7 "Bip01 Head" 6
  8 "Bip01 L Clavicle" 6
  9 "Bip01 L UpperArm" 8
  10 "Bip01 L Forearm" 9
  11 "Bip01 L Hand" 10
  12 "Bip01 L Finger0" 11
  13 "Bip01 L Finger01" 12
  14 "Bip01 L Finger1" 11
  15 "Bip01 L Finger11" 14
  16 "-- L knuckle" 14
  17 "-- L wrist" 10
  18 "-- L Elbow" 9
  19 "-- L bicep twist" 9
  20 "-- L shoulder outside" 8
  21 "-- L Shoulder inside" 8
  22 "Bip01 R Clavicle" 6
  23 "Bip01 R UpperArm" 22
  24 "Bip01 R Forearm" 23
  25 "Bip01 R Hand" 24
  26 "Bip01 R Finger0" 25
  27 "Bip01 R Finger01" 26
  28 "Bip01 R Finger1" 25
  29 "Bip01 R Finger11" 28
  30 "-- R knuckle" 28
  31 "-- R wrist" 24
  32 "-- R Elbow" 23
  33 "-- R bicep twist" 23
  34 "-- R Shoulder inside" 22
  35 "-- R shoulder outside" 22
  36 "-- Neck smooth" 5
  37 "-- R Butt" 1
  38 "-- L butt" 1
  39 "Bip01 L Thigh" 1
  40 "Bip01 L Calf" 39
  41 "Bip01 L Foot" 40
  42 "Bip01 L Toe0" 41
  43 "-- L ankle" 40
  44 "-- L Knee" 39
  45 "Bip01 R Thigh" 1
  46 "Bip01 R Calf" 45
  47 "Bip01 R Foot" 46
  48 "Bip01 R Toe0" 47
  49 "-- R Ankle" 46
  50 "-- R Knee" 45
  51 "head-h" 7
  52 "rotate-head" 51
  53 "b-1" 52
  54 "b-2" 52
  55 "b-3" 52
  56 "b-4" 52
  57 "b-5" 52
  58 "b-6" 52
  59 "b-7" 52
  60 "m-1" 52
  61 "m-2" 52
  62 "m-3" 52
  63 "m-4" 52
  64 "m-5" 52
  65 "m-6" 52
  66 "m-7" 52
  67 "m-8" 52
  68 "t-1" 52
  69 "t-2" 52
  70 "t-3" 52
  71 "t-4" 52
  72 "t-5" 52
  73 "t-6" 52
  74 "t-7" 52
  75 "t-8" 52
  76 "head-3" 7
  77 "head_part1" 76
  78 "head_part2" 76
  79 "head_part3" 76
  80 "head_part4" 76
  81 "neck-2" 36
  82 "neck-part5" 36
  83 "Bomb" 4
end
skeleton
  time 0
    0 0.233849 -2.251689 38.192150 0.000000 0.000000 -1.570795
    1 -2.276935 0.000003 -1.238186 -1.570795 -1.570451 0.000000
    2 1.797145 0.711796 -0.000002 -0.000004 -0.000001 0.000739
    3 4.118605 -0.003279 0.000000 0.000000 0.000000 0.000035
    4 4.118601 -0.003280 0.000000 0.000000 0.000000 0.000049
    5 4.118600 -0.003280 0.000000 0.000000 0.000000 -0.000009
    6 4.118531 -0.003538 0.000000 0.000000 0.000000 -0.019437
    7 4.443601 0.000000 0.000000 0.000000 -0.000001 0.201740
    8 0.000004 0.003534 1.732721 -0.000040 -1.501696 -3.122911
    9 6.384776 0.000000 0.000001 0.025648 -0.046980 0.004099
    10 10.242682 0.000000 -0.000002 0.000000 0.000000 -0.008014
    11 11.375562 0.000000 0.000005 -1.580468 -0.132234 0.009455
    12 0.728679 0.023429 -1.008292 1.705251 0.347372 0.567022
    13 2.136497 0.000000 0.000001 0.000000 0.000000 0.287979
    14 3.115505 -0.886041 -0.021431 -0.000782 0.000152 0.191986
    15 2.011151 0.000000 0.000000 0.000000 0.000000 0.659566
    16 1.734173 0.000003 0.000000 0.000000 0.000000 0.330185
    17 11.375562 0.000000 0.000005 -1.575523 -0.074433 0.005312
    18 10.510129 0.000000 0.000000 0.000000 0.000000 -1.574800
    19 5.500000 0.000000 -0.000001 -0.011814 0.000000 0.000000
    20 6.551491 0.000000 -0.000001 0.019708 -0.055281 0.008457
    21 6.551491 0.000000 -0.000001 0.010051 -0.028020 0.004425
    22 0.000004 0.003543 -1.732721 -0.000040 1.501696 -3.122992
    23 6.384777 0.000000 -0.000001 -0.025648 0.046980 0.004099
    24 10.242681 0.000000 0.000002 0.000000 0.000000 -0.008014
    25 11.375562 0.000000 -0.000002 1.580468 0.132234 0.009455
    26 0.728679 0.023429 1.008292 -1.705251 -0.347372 0.567022
    27 2.136496 -0.000001 0.000000 0.000000 0.000000 0.287979
    28 3.115505 -0.886040 0.021431 0.000782 -0.000152 0.191986
    29 2.011151 0.000000 0.000000 0.000000 0.000000 0.659566
    30 1.734173 -0.000001 0.000000 0.000000 0.000000 0.330185
    31 11.389366 -0.000819 0.158785 1.575523 0.074433 0.005312
    32 10.510130 0.000000 -0.000001 0.000000 0.000000 -1.574800
    33 5.499999 0.000000 0.000001 0.010051 0.000000 0.000000
    34 6.551491 0.000000 0.000001 -0.010051 0.028020 0.004424
    35 6.551491 0.000000 0.000001 -0.010051 0.028020 0.004424
    36 4.226144 -0.003201 0.000000 0.000000 0.000000 0.000000
    37 0.000005 -0.000005 -3.713579 3.134779 0.084610 3.077806
    38 -0.000005 0.000005 3.713579 -3.136294 -0.070511 3.088523
    39 -0.000005 0.000007 3.619081 -3.130461 -0.139304 3.055060
    40 16.573919 0.000000 0.000000 0.000000 0.000000 -0.162458
    41 15.128179 0.000000 0.000001 0.000920 -0.139743 0.076637
    42 5.758665 4.244730 0.000000 0.000000 0.000000 1.570796
    43 15.708952 0.000001 0.000000 0.001562 -0.077726 0.040998
    44 17.210194 0.000000 0.000001 0.000000 0.000000 -1.486823
    45 0.000005 -0.000003 -3.619081 3.130463 0.139307 3.055060
    46 16.573919 0.000000 0.000000 0.000000 0.000000 -0.162458
    47 15.128179 0.000000 0.000000 -0.000920 0.139743 0.076637
    48 5.758665 4.244731 0.000000 0.000000 0.000000 1.570796
    49 15.708952 0.000000 0.000000 -0.001364 0.104219 0.055002
    50 17.210192 0.000000 0.000000 0.000000 0.000000 -1.486823
    51 2.000000 0.000000 0.000000 -1.753915 -1.570792 0.000000
    52 0.000000 1.000000 0.000000 0.000000 0.000000 0.000000
    53 0.000000 1.500000 0.000000 0.000000 0.000000 0.000000
    54 0.000000 1.501000 0.000000 0.000000 0.000000 0.000000
    55 0.000000 1.502000 0.000000 0.000000 0.000000 0.000000
    56 0.000000 1.503000 0.000000 0.000000 0.000000 0.000000
    57 0.000000 1.504000 0.000000 0.000000 0.000000 0.000000
    58 0.000000 1.505000 0.000000 0.000000 0.000000 0.000000
    59 0.000000 1.506000 0.000000 0.000000 0.000000 0.000000
    60 0.000000 1.507000 0.000000 0.000000 0.000000 0.000000
    61 0.000000 1.508000 0.000000 0.000000 0.000000 0.000000
    62 0.000000 1.509000 0.000000 0.000000 0.000000 0.000000
    63 0.000000 1.510000 0.000000 0.000000 0.000000 0.000000
    64 0.000000 1.511000 0.000000 0.000000 0.000000 0.000000
    65 0.000000 1.512000 0.000000 0.000000 0.000000 0.000000
    66 0.000000 1.513000 0.000000 0.000000 0.000000 0.000000
    67 0.000000 1.514000 0.000000 0.000000 0.000000 0.000000
    68 0.000000 1.515000 0.000000 0.000000 0.000000 0.000000
    69 0.000000 1.516000 0.000000 0.000000 0.000000 0.000000
    70 0.000000 1.517000 0.000000 0.000000 0.000000 0.000000
    71 0.000000 1.518000 0.000000 0.000000 0.000000 0.000000
    72 0.000000 1.519000 0.000000 0.000000 0.000000 0.000000
    73 0.000000 1.520000 0.000000 0.000000 0.000000 0.000000
    74 0.000000 1.521000 0.000000 0.000000 0.000000 0.000000
    75 0.000000 1.522000 0.000000 0.000000 0.000000 0.000000
    76 1.000000 0.000000 0.000000 -1.753915 -1.570792 0.000000
    77 0.000000 4.000000 4.000000 0.000000 0.000000 0.000000
    78 0.000000 5.300000 1.000000 0.000000 0.000000 0.000000
    79 2.000000 5.000000 -2.000000 0.000000 0.000000 0.000000
    80 -2.000000 5.000000 -2.000000 0.000000 0.000000 0.000000
    81 2.000000 0.000000 0.000000 0.000000 0.000000 0.000000
    82 3.000000 0.000000 0.000000 0.000000 0.000000 0.000000
    83 1.558341 -6.903261 -0.233856 -0.095171 1.570796 0.000000
end
triangles
artic_working1.bmp
  54 1.123863 -0.637718 66.305618 0.832051 -0.496957 0.246426 0.317025 0.684524
  54 1.153864 -0.387777 66.475704 -0.690810 -0.276853 0.667932 0.320939 0.690476
  54 1.053865 -0.117694 66.235797 -0.961639 -0.105066 0.253400 0.326810 0.684524
artic_working1.bmp
  54 1.053865 -0.117694 66.235797 -0.961639 -0.105066 0.253400 0.326810 0.684524
  54 1.153864 -0.387777 66.475704 -0.690810 -0.276853 0.667932 0.320939 0.690476
  54 1.043865 0.172265 66.355897 -0.784737 0.249252 0.567504 0.330724 0.686508
artic_working1.bmp
  54 1.153864 -0.387777 66.475704 -0.690810 -0.276853 0.667932 0.320939 0.690476
  54 1.213864 -0.117818 66.595797 -0.615325 0.124140 0.778437 0.324853 0.692460
  54 1.043865 0.172265 66.355897 -0.784737 0.249252 0.567504 0.330724 0.686508
artic_working1.bmp
  54 1.043865 0.172265 66.355897 -0.784737 0.249252 0.567504 0.330724 0.686508
  54 1.213864 -0.117818 66.595797 -0.615325 0.124140 0.778437 0.324853 0.692460
  54 1.343865 0.212209 66.515911 -0.356050 0.529962 0.769655 0.328767 0.690476
artic_working1.bmp
  54 1.213864 -0.117818 66.595797 -0.615325 0.124140 0.778437 0.324853 0.692460
  54 1.323864 -0.107842 66.665801 -0.388346 0.032552 0.920938 0.324853 0.694444
  54 1.343865 0.212209 66.515911 -0.356050 0.529962 0.769655 0.328767 0.690476
artic_working1.bmp
  54 1.343865 0.212209 66.515911 -0.356050 0.529962 0.769655 0.328767 0.690476
  54 1.323864 -0.107842 66.665801 -0.388346 0.032552 0.920938 0.324853 0.694444
  54 1.503865 0.202192 66.565908 0.580955 0.370422 0.724761 0.328767 0.692460
artic_working1.bmp
  54 1.323864 -0.107842 66.665801 -0.388346 0.032552 0.920938 0.324853 0.694444
  54 1.413864 -0.077853 66.695811 0.550209 -0.252415 0.795962 0.324853 0.696429
  54 1.503865 0.202192 66.565908 0.580955 0.370422 0.724761 0.328767 0.692460
artic_working1.bmp
  54 1.503865 0.202192 66.565908 0.580955 0.370422 0.724761 0.328767 0.692460
  54 1.413864 -0.077853 66.695811 0.550209 -0.252415 0.795962 0.324853 0.696429
  54 1.553865 0.192305 66.235905 0.990756 -0.135611 0.003511 0.328767 0.684524
artic_working1.bmp
  54 1.413864 -0.077853 66.695811 0.550209 -0.252415 0.795962 0.324853 0.696429
  54 1.293863 -0.377794 66.525708 0.473800 -0.637104 0.607958 0.320939 0.690476
  54 1.553865 0.192305 66.235905 0.990756 -0.135611 0.003511 0.328767 0.684524
artic_working1.bmp
  54 1.553865 0.192305 66.235905 0.990756 -0.135611 0.003511 0.328767 0.684524
  54 1.293863 -0.377794 66.525708 0.473800 -0.637104 0.607958 0.320939 0.690476
  54 1.453865 -0.057599 65.955819 0.952151 -0.283394 -0.114438 0.324853 0.676587
artic_working1.bmp
  54 1.293863 -0.377794 66.525708 0.473800 -0.637104 0.607958 0.320939 0.690476
  54 1.123863 -0.637718 66.305618 0.832051 -0.496957 0.246426 0.317025 0.684524
  54 1.453865 -0.057599 65.955819 0.952151 -0.283394 -0.114438 0.324853 0.676587
artic_working1.bmp
  54 1.453865 -0.057599 65.955819 0.952151 -0.283394 -0.114438 0.324853 0.676587
  54 1.123863 -0.637718 66.305618 0.832051 -0.496957 0.246426 0.317025 0.684524
  54 1.343867 -0.177375 65.305777 0.956028 -0.233288 -0.177729 0.324853 0.660714
artic_working1.bmp
  54 1.123863 -0.637718 66.305618 0.832051 -0.496957 0.246426 0.317025 0.684524
  54 1.123865 -0.737447 65.515584 0.975188 -0.208470 -0.074485 0.315068 0.664683
  54 1.343867 -0.177375 65.305777 0.956028 -0.233288 -0.177729 0.324853 0.660714
artic_working1.bmp
  54 1.343867 -0.177375 65.305777 0.956028 -0.233288 -0.177729 0.324853 0.660714
  54 1.123865 -0.737447 65.515584 0.975188 -0.208470 -0.074485 0.315068 0.664683
  54 1.073869 -0.107031 64.305801 0.894401 -0.094096 -0.437256 0.328767 0.636905
artic_working1.bmp
  54 1.123865 -0.737447 65.515584 0.975188 -0.208470 -0.074485 0.315068 0.664683
  54 1.053868 -0.647075 64.435615 0.928769 -0.021868 -0.370014 0.318982 0.638889
  54 1.073869 -0.107031 64.305801 0.894401 -0.094096 -0.437256 0.328767 0.636905
artic_working1.bmp
  54 1.073869 -0.107031 64.305801 0.894401 -0.094096 -0.437256 0.328767 0.636905
  54 1.053868 -0.647075 64.435615 0.928769 -0.021868 -0.370014 0.318982 0.638889
  54 0.933869 -0.376993 64.195707 -0.166826 -0.548658 -0.819234 0.324853 0.632937
artic_working1.bmp
  54 1.053868 -0.647075 64.435615 0.928769 -0.021868 -0.370014 0.318982 0.638889
  54 0.803869 -0.117068 64.415796 -0.902110 -0.429556 -0.040978 0.328767 0.636905
  54 0.933869 -0.376993 64.195707 -0.166826 -0.548658 -0.819234 0.324853 0.632937
artic_working1.bmp
  54 0.933869 -0.376993 64.195707 -0.166826 -0.548658 -0.819234 0.324853 0.632937
  54 0.803869 -0.117068 64.415796 -0.902110 -0.429556 -0.040978 0.328767 0.636905
  54 0.713869 0.072970 64.305862 -0.850258 0.083958 -0.519627 0.334638 0.632937
artic_working1.bmp
  54 0.803869 -0.117068 64.415796 -0.902110 -0.429556 -0.040978 0.328767 0.636905
  54 0.633869 0.242877 64.575920 -0.037242 0.866072 -0.498531 0.336595 0.638889
  54 0.713869 0.072970 64.305862 -0.850258 0.083958 -0.519627 0.334638 0.632937
artic_working1.bmp
  54 0.713869 0.072970 64.305862 -0.850258 0.083958 -0.519627 0.334638 0.632937
  54 0.633869 0.242877 64.575920 -0.037242 0.866072 -0.498531 0.336595 0.638889
  54 0.863870 0.292935 64.405938 -0.302501 0.840784 -0.448971 0.336595 0.638889
artic_working1.bmp
  54 0.633869 0.242877 64.575920 -0.037242 0.866072 -0.498531 0.336595 0.638889
  54 0.703868 0.392613 65.345971 -0.259795 0.962396 -0.079379 0.338552 0.658730
  54 0.863870 0.292935 64.405938 -0.302501 0.840784 -0.448971 0.336595 0.638889
artic_working1.bmp
  54 0.863870 0.292935 64.405938 -0.302501 0.840784 -0.448971 0.336595 0.638889
  54 0.703868 0.392613 65.345971 -0.259795 0.962396 -0.079379 0.338552 0.658730
  54 1.033868 0.472667 65.186000 -0.172711 0.980887 -0.089619 0.336595 0.658730
artic_working1.bmp
  54 0.703868 0.392613 65.345971 -0.259795 0.962396 -0.079379 0.338552 0.658730
  54 0.963866 0.392365 66.065972 0.297166 0.954111 0.036947 0.334638 0.678571
  54 1.033868 0.472667 65.186000 -0.172711 0.980887 -0.089619 0.336595 0.658730
artic_working1.bmp
  54 1.033868 0.472667 65.186000 -0.172711 0.980887 -0.089619 0.336595 0.658730
  54 0.963866 0.392365 66.065972 0.297166 0.954111 0.036947 0.334638 0.678571
  54 1.253867 0.522450 65.816017 -0.240709 0.970211 0.027390 0.334638 0.674603
artic_working1.bmp
  54 0.963866 0.392365 66.065972 0.297166 0.954111 0.036947 0.334638 0.678571
  54 1.243866 0.472312 66.216000 -0.338550 0.837800 0.428340 0.334638 0.684524
  54 1.253867 0.522450 65.816017 -0.240709 0.970211 0.027390 0.334638 0.674603
artic_working1.bmp
  54 1.253867 0.522450 65.816017 -0.240709 0.970211 0.027390 0.334638 0.674603
  54 1.243866 0.472312 66.216000 -0.338550 0.837800 0.428340 0.334638 0.684524
  54 1.493867 0.552384 66.006028 0.618645 0.783922 0.052386 0.332681 0.678571
artic_working1.bmp
  54 1.243866 0.472312 66.216000 -0.338550 0.837800 0.428340 0.334638 0.684524
  54 1.553866 0.482271 66.336004 0.128759 0.793163 0.595243 0.332681 0.686508
  54 1.493867 0.552384 66.006028 0.618645 0.783922 0.052386 0.332681 0.678571
artic_working1.bmp
  54 1.493867 0.552384 66.006028 0.618645 0.783922 0.052386 0.332681 0.678571
  54 1.553866 0.482271 66.336004 0.128759 0.793163 0.595243 0.332681 0.686508
  54 1.503865 0.202192 66.565908 0.580955 0.370422 0.724761 0.328767 0.692460
artic_working1.bmp
  54 1.553866 0.482271 66.336004 0.128759 0.793163 0.595243 0.332681 0.686508
  54 1.343865 0.212209 66.515911 -0.356050 0.529962 0.769655 0.328767 0.690476
  54 1.503865 0.202192 66.565908 0.580955 0.370422 0.724761 0.328767 0.692460
artic_working1.bmp
  60 0.123871 -1.356412 62.511369 0.579080 -0.814892 -0.024855 0.225049 0.636905
  60 0.203870 -1.296519 62.821390 0.586831 -0.752966 -0.297778 0.227006 0.644841
  60 -0.136130 -1.506508 62.791317 0.406178 -0.766108 -0.498094 0.219178 0.644841
artic_working1.bmp
  60 -0.136130 -1.506508 62.791317 0.406178 -0.766108 -0.498094 0.219178 0.644841
  60 0.203870 -1.296519 62.821390 0.586831 -0.752966 -0.297778 0.227006 0.644841
  60 0.023869 -1.676563 62.951258 0.544517 -0.469853 -0.694794 0.223092 0.650794
artic_working1.bmp
  60 0.203870 -1.296519 62.821390 0.586831 -0.752966 -0.297778 0.227006 0.644841
  60 0.243870 -1.266529 62.851400 0.648873 -0.710909 -0.271243 0.228963 0.644841
  60 0.023869 -1.676563 62.951258 0.544517 -0.469853 -0.694794 0.223092 0.650794
artic_working1.bmp
  60 0.023869 -1.676563 62.951258 0.544517 -0.469853 -0.694794 0.223092 0.650794
  60 0.243870 -1.266529 62.851400 0.648873 -0.710909 -0.271243 0.228963 0.644841
  60 0.063869 -1.636570 62.971272 0.888968 -0.455876 -0.043726 0.225049 0.650794
artic_working1.bmp
  60 0.243870 -1.266529 62.851400 0.648873 -0.710909 -0.271243 0.228963 0.644841
  60 0.283870 -1.236543 62.891410 0.591859 -0.790950 -0.155244 0.230920 0.644841
  60 0.063869 -1.636570 62.971272 0.888968 -0.455876 -0.043726 0.225049 0.650794
artic_working1.bmp
  60 0.063869 -1.636570 62.971272 0.888968 -0.455876 -0.043726 0.225049 0.650794
  60 0.283870 -1.236543 62.891410 0.591859 -0.790950 -0.155244 0.230920 0.644841
  60 0.113869 -1.386612 63.091358 0.670345 -0.740320 0.050636 0.227006 0.650794
artic_working1.bmp
  60 0.283870 -1.236543 62.891410 0.591859 -0.790950 -0.155244 0.230920 0.644841
  60 0.473868 -1.386726 63.421359 0.274510 -0.888488 -0.367742 0.238748 0.652778
  60 0.113869 -1.386612 63.091358 0.670345 -0.740320 0.050636 0.227006 0.650794
artic_working1.bmp
  60 0.113869 -1.386612 63.091358 0.670345 -0.740320 0.050636 0.227006 0.650794
  60 0.473868 -1.386726 63.421359 0.274510 -0.888488 -0.367742 0.238748 0.652778
  60 0.243868 -1.556804 63.651300 0.242779 -0.903812 -0.352395 0.230920 0.662698
artic_working1.bmp
  60 0.473868 -1.386726 63.421359 0.274510 -0.888488 -0.367742 0.238748 0.652778
  60 0.783866 -1.626974 64.141277 0.361542 -0.891553 -0.272803 0.244618 0.670635
  60 0.243868 -1.556804 63.651300 0.242779 -0.903812 -0.352395 0.230920 0.662698
artic_working1.bmp
  60 0.243868 -1.556804 63.651300 0.242779 -0.903812 -0.352395 0.230920 0.662698
  60 0.783866 -1.626974 64.141277 0.361542 -0.891553 -0.272803 0.244618 0.670635
  60 0.463865 -1.787056 64.381222 0.268758 -0.955627 -0.120605 0.234834 0.676587
artic_working1.bmp
  60 0.783866 -1.626974 64.141277 0.361542 -0.891553 -0.272803 0.244618 0.670635
  60 1.093865 -1.487157 64.671326 0.517149 -0.855230 0.033735 0.240705 0.680556
  60 0.463865 -1.787056 64.381222 0.268758 -0.955627 -0.120605 0.234834 0.676587
artic_working1.bmp
  60 0.463865 -1.787056 64.381222 0.268758 -0.955627 -0.120605 0.234834 0.676587
  60 1.093865 -1.487157 64.671326 0.517149 -0.855230 0.033735 0.240705 0.680556
  60 0.813865 -1.597245 64.931288 0.356326 -0.922771 0.146717 0.234834 0.686508
artic_working1.bmp
  60 1.093865 -1.487157 64.671326 0.517149 -0.855230 0.033735 0.240705 0.680556
  60 1.283865 -1.287305 65.101395 0.612937 -0.789074 0.040875 0.244618 0.690476
  60 0.813865 -1.597245 64.931288 0.356326 -0.922771 0.146717 0.234834 0.686508
artic_working1.bmp
  60 0.813865 -1.597245 64.931288 0.356326 -0.922771 0.146717 0.234834 0.686508
  60 1.283865 -1.287305 65.101395 0.612937 -0.789074 0.040875 0.244618 0.690476
  60 0.363864 -1.737354 65.251239 0.365208 -0.928954 -0.060563 0.225049 0.694444
artic_working1.bmp
  60 1.283865 -1.287305 65.101395 0.612937 -0.789074 0.040875 0.244618 0.690476
  60 1.193864 -1.427408 65.401347 0.541932 -0.826555 -0.152042 0.242661 0.698413
  60 0.363864 -1.737354 65.251239 0.365208 -0.928954 -0.060563 0.225049 0.694444
artic_working1.bmp
  60 0.363864 -1.737354 65.251239 0.365208 -0.928954 -0.060563 0.225049 0.694444
  60 1.193864 -1.427408 65.401347 0.541932 -0.826555 -0.152042 0.242661 0.698413
  60 0.313863 -1.787444 65.511221 0.365208 -0.928954 -0.060563 0.223092 0.700397
artic_working1.bmp
  60 1.193864 -1.427408 65.401347 0.541932 -0.826555 -0.152042 0.242661 0.698413
  60 1.093863 -1.507504 65.681319 0.501029 -0.836348 0.222467 0.238748 0.704365
  60 0.313863 -1.787444 65.511221 0.365208 -0.928954 -0.060563 0.223092 0.700397
artic_working1.bmp
  60 0.313863 -1.787444 65.511221 0.365208 -0.928954 -0.060563 0.223092 0.700397
  60 1.093863 -1.507504 65.681319 0.501029 -0.836348 0.222467 0.238748 0.704365
  60 0.303862 -1.767557 65.841228 0.290347 -0.844497 0.450027 0.223092 0.708333
artic_working1.bmp
  60 1.093863 -1.507504 65.681319 0.501029 -0.836348 0.222467 0.238748 0.704365
  60 1.053863 -1.377572 65.881364 0.505405 -0.633909 0.585427 0.238748 0.708333
  60 0.303862 -1.767557 65.841228 0.290347 -0.844497 0.450027 0.223092 0.708333
artic_working1.bmp
  60 0.303862 -1.767557 65.841228 0.290347 -0.844497 0.450027 0.223092 0.708333
  60 1.053863 -1.377572 65.881364 0.505405 -0.633909 0.585427 0.238748 0.708333
  60 0.283862 -1.627633 66.061276 0.314727 -0.809907 0.494972 0.223092 0.712302
artic_working1.bmp
  60 1.053863 -1.377572 65.881364 0.505405 -0.633909 0.585427 0.238748 0.708333
  60 0.993863 -1.217637 66.071419 0.578054 -0.642330 0.503254 0.238748 0.714286
  60 0.283862 -1.627633 66.061276 0.314727 -0.809907 0.494972 0.223092 0.712302
artic_working1.bmp
  60 0.283862 -1.627633 66.061276 0.314727 -0.809907 0.494972 0.223092 0.712302
  60 0.993863 -1.217637 66.071419 0.578054 -0.642330 0.503254 0.238748 0.714286
  60 0.933862 -1.007813 66.581491 0.564897 -0.740062 0.364964 0.236791 0.722222
artic_working1.bmp
  60 0.993863 -1.217637 66.071419 0.578054 -0.642330 0.503254 0.238748 0.714286
  60 1.373863 -0.477790 66.511674 0.695002 -0.592335 0.407568 0.250489 0.722222
  60 0.933862 -1.007813 66.581491 0.564897 -0.740062 0.364964 0.236791 0.722222
artic_working1.bmp
  40 9.855824 -0.184492 8.565368 0.881351 0.341251 -0.326755 0.823875 0.000000
  40 11.029725 -0.888819 11.136666 0.989100 -0.093986 -0.113345 0.823875 0.037698
  40 7.632849 -2.966002 8.663784 0.075871 -0.726460 -0.683007 0.759295 0.007937
artic_working1.bmp
  40 7.632849 -2.966002 8.663784 0.075871 -0.726460 -0.683007 0.759295 0.007937
  40 11.029725 -0.888819 11.136666 0.989100 -0.093986 -0.113345 0.823875 0.037698
  40 7.253868 -4.644825 10.363409 0.030177 -0.961001 -0.274894 0.755382 0.033730
artic_working1.bmp
  40 11.029725 -0.888819 11.136666 0.989100 -0.093986 -0.113345 0.823875 0.037698
  44 7.178520 -3.741596 19.580504 0.602512 -0.797979 -0.014436 0.771037 0.178571
  40 7.253868 -4.644825 10.363409 0.030177 -0.961001 -0.274894 0.755382 0.033730
artic_working1.bmp
  40 7.253868 -4.644825 10.363409 0.030177 -0.961001 -0.274894 0.755382 0.033730
  44 7.178520 -3.741596 19.580504 0.602512 -0.797979 -0.014436 0.771037 0.178571
  44 5.074551 -3.762101 19.533669 -0.504234 -0.844121 -0.182231 0.735812 0.182540
artic_working1.bmp
  44 7.178520 -3.741596 19.580504 0.602512 -0.797979 -0.014436 0.771037 0.178571
  44 7.213286 -4.398785 21.993779 0.405849 -0.892330 -0.197571 0.774951 0.218254
  44 5.074551 -3.762101 19.533669 -0.504234 -0.844121 -0.182231 0.735812 0.182540
artic_working1.bmp
  44 5.074551 -3.762101 19.533669 -0.504234 -0.844121 -0.182231 0.735812 0.182540
  44 7.213286 -4.398785 21.993779 0.405849 -0.892330 -0.197571 0.774951 0.218254
  44 4.452141 -4.391077 21.665122 -0.351349 -0.884813 -0.306038 0.729941 0.218254
artic_working1.bmp
  44 7.213286 -4.398785 21.993779 0.405849 -0.892330 -0.197571 0.774951 0.218254
  39 6.700369 -5.505397 28.447129 0.569620 -0.820528 0.047621 0.786693 0.323413
  44 4.452141 -4.391077 21.665122 -0.351349 -0.884813 -0.306038 0.729941 0.218254
artic_working1.bmp
  44 4.452141 -4.391077 21.665122 -0.351349 -0.884813 -0.306038 0.729941 0.218254
  39 6.700369 -5.505397 28.447129 0.569620 -0.820528 0.047621 0.786693 0.323413
  39 2.309719 -5.476778 27.857146 -0.581496 -0.791316 -0.188896 0.714286 0.321429
artic_working1.bmp
  39 6.700369 -5.505397 28.447129 0.569620 -0.820528 0.047621 0.786693 0.323413
  39 3.251890 -5.368897 35.875929 0.097318 -0.995192 -0.011077 0.729941 0.458333
  39 2.309719 -5.476778 27.857146 -0.581496 -0.791316 -0.188896 0.714286 0.321429
artic_working1.bmp
  39 2.309719 -5.476778 27.857146 -0.581496 -0.791316 -0.188896 0.714286 0.321429
  39 3.251890 -5.368897 35.875929 0.097318 -0.995192 -0.011077 0.729941 0.458333
  1 0.243860 -4.293649 33.752473 -0.004188 -0.969479 -0.245139 0.682975 0.418651
artic_working1.bmp
  39 3.251890 -5.368897 35.875929 0.097318 -0.995192 -0.011077 0.729941 0.458333
  45 -2.753193 -5.358114 35.880781 -0.100572 -0.994872 -0.010681 0.634051 0.458333
  1 0.243860 -4.293649 33.752473 -0.004188 -0.969479 -0.245139 0.682975 0.418651
artic_working1.bmp
  1 0.243860 -4.293649 33.752473 -0.004188 -0.969479 -0.245139 0.682975 0.418651
  45 -2.753193 -5.358114 35.880781 -0.100572 -0.994872 -0.010681 0.634051 0.458333
  45 -2.058863 -5.516438 27.536355 0.569343 -0.796375 -0.204049 0.655577 0.321429
artic_working1.bmp
  45 -2.753193 -5.358114 35.880781 -0.100572 -0.994872 -0.010681 0.634051 0.458333
  45 -6.396638 -5.490749 28.286519 -0.560708 -0.826677 0.047023 0.585127 0.325397
  45 -2.058863 -5.516438 27.536355 0.569343 -0.796375 -0.204049 0.655577 0.321429
artic_working1.bmp
  45 -2.058863 -5.516438 27.536355 0.569343 -0.796375 -0.204049 0.655577 0.321429
  45 -6.396638 -5.490749 28.286519 -0.560708 -0.826677 0.047023 0.585127 0.325397
  50 -4.184351 -4.372890 21.679895 0.343016 -0.885870 -0.312369 0.632094 0.222222
artic_working1.bmp
  45 -6.396638 -5.490749 28.286519 -0.560708 -0.826677 0.047023 0.585127 0.325397
  50 -6.945722 -4.370749 22.006889 -0.401522 -0.895727 -0.190924 0.587084 0.224206
  50 -4.184351 -4.372890 21.679895 0.343016 -0.885870 -0.312369 0.632094 0.222222
artic_working1.bmp
  50 -4.184351 -4.372890 21.679895 0.343016 -0.885870 -0.312369 0.632094 0.222222
  50 -6.945722 -4.370749 22.006889 -0.401522 -0.895727 -0.190924 0.587084 0.224206
  50 -4.799615 -3.747295 19.527528 0.503540 -0.844710 -0.181420 0.626223 0.186508
artic_working1.bmp
  50 -6.945722 -4.370749 22.006889 -0.401522 -0.895727 -0.190924 0.587084 0.224206
  50 -6.911207 -3.764531 19.592204 -0.597557 -0.801825 -0.001214 0.592955 0.184524
  50 -4.799615 -3.747295 19.527528 0.503540 -0.844710 -0.181420 0.626223 0.186508
artic_working1.bmp
  50 -4.799615 -3.747295 19.527528 0.503540 -0.844710 -0.181420 0.626223 0.186508
  50 -6.911207 -3.764531 19.592204 -0.597557 -0.801825 -0.001214 0.592955 0.184524
  46 -7.190846 -4.645267 10.430413 -0.024403 -0.964260 -0.263833 0.604697 0.035714
artic_working1.bmp
  50 -6.911207 -3.764531 19.592204 -0.597557 -0.801825 -0.001214 0.592955 0.184524
  46 -11.288030 -0.559942 11.142879 -0.988054 -0.097866 -0.119044 0.534247 0.039683
  46 -7.190846 -4.645267 10.430413 -0.024403 -0.964260 -0.263833 0.604697 0.035714
artic_working1.bmp
  46 -7.190846 -4.645267 10.430413 -0.024403 -0.964260 -0.263833 0.604697 0.035714
  46 -11.288030 -0.559942 11.142879 -0.988054 -0.097866 -0.119044 0.534247 0.039683
  46 -7.445315 -2.978804 8.611032 -0.066827 -0.735852 -0.673837 0.604697 0.007937
artic_working1.bmp
  46 -11.288030 -0.559942 11.142879 -0.988054 -0.097866 -0.119044 0.534247 0.039683
  46 -9.631349 -0.185824 8.488064 -0.801112 0.304517 -0.515257 0.534247 0.003968
  46 -7.445315 -2.978804 8.611032 -0.066827 -0.735852 -0.673837 0.604697 0.007937
artic_working1.bmp
  38 5.916946 5.320892 39.413853 0.371462 0.914282 0.161569 0.434442 0.575397
  39 3.470480 7.526121 32.806002 0.196569 0.967975 0.156155 0.477495 0.484127
  38 2.230612 6.480828 39.965299 0.129751 0.926931 0.352084 0.493151 0.583333
artic_working1.bmp
  38 2.230612 6.480828 39.965299 0.129751 0.926931 0.352084 0.493151 0.583333
  39 3.470480 7.526121 32.806002 0.196569 0.967975 0.156155 0.477495 0.484127
  37 -2.014174 6.334865 40.249921 -0.136959 0.953400 0.268831 0.547945 0.583333
artic_working1.bmp
  39 3.470480 7.526121 32.806002 0.196569 0.967975 0.156155 0.477495 0.484127
  45 -3.072133 7.526173 32.815759 -0.290989 0.944244 0.154043 0.563601 0.484127
  37 -2.014174 6.334865 40.249921 -0.136959 0.953400 0.268831 0.547945 0.583333
artic_working1.bmp
  37 -2.014174 6.334865 40.249921 -0.136959 0.953400 0.268831 0.547945 0.583333
  45 -3.072133 7.526173 32.815759 -0.290989 0.944244 0.154043 0.563601 0.484127
  37 -5.620361 5.197453 39.602917 -0.667517 0.698594 0.257656 0.610568 0.575397
artic_working1.bmp
  45 -3.072133 7.526173 32.815759 -0.290989 0.944244 0.154043 0.563601 0.484127
  45 -5.934369 5.786219 32.436457 -0.761853 0.646540 0.039569 0.608611 0.480159
  37 -5.620361 5.197453 39.602917 -0.667517 0.698594 0.257656 0.610568 0.575397
artic_working1.bmp
  37 -5.620361 5.197453 39.602917 -0.667517 0.698594 0.257656 0.610568 0.575397
  45 -5.934369 5.786219 32.436457 -0.761853 0.646540 0.039569 0.608611 0.480159
  45 -7.740800 2.775013 35.981361 -0.939694 0.298084 0.167694 0.657534 0.525794
artic_working1.bmp
  45 -5.934369 5.786219 32.436457 -0.761853 0.646540 0.039569 0.608611 0.480159
  45 -8.750658 0.219974 31.904921 -0.998690 0.043735 0.026546 0.688845 0.470238
  45 -7.740800 2.775013 35.981361 -0.939694 0.298084 0.167694 0.657534 0.525794
artic_working1.bmp
  45 -7.740800 2.775013 35.981361 -0.939694 0.298084 0.167694 0.657534 0.525794
  45 -8.750658 0.219974 31.904921 -0.998690 0.043735 0.026546 0.688845 0.470238
  45 -8.079388 -1.948794 35.829032 -0.950408 -0.248789 0.186626 0.720157 0.523810
artic_working1.bmp
  45 -8.750658 0.219974 31.904921 -0.998690 0.043735 0.026546 0.688845 0.470238
  45 -6.528086 -4.886966 31.871204 -0.651894 -0.752442 0.094157 0.769080 0.472222
  45 -8.079388 -1.948794 35.829032 -0.950408 -0.248789 0.186626 0.720157 0.523810
artic_working1.bmp
  45 -8.079388 -1.948794 35.829032 -0.950408 -0.248789 0.186626 0.720157 0.523810
  45 -6.528086 -4.886966 31.871204 -0.651894 -0.752442 0.094157 0.769080 0.472222
  2 -5.566155 -4.208559 40.037052 -0.689780 -0.715210 0.112599 0.769080 0.583333
artic_working1.bmp
  45 -6.528086 -4.886966 31.871204 -0.651894 -0.752442 0.094157 0.769080 0.472222
  1 -1.196136 -5.985548 39.241889 -0.168899 -0.983028 0.071616 0.847358 0.575397
  2 -5.566155 -4.208559 40.037052 -0.689780 -0.715210 0.112599 0.769080 0.583333
artic_working1.bmp
  2 -5.566155 -4.208559 40.037052 -0.689780 -0.715210 0.112599 0.769080 0.583333
  1 -1.196136 -5.985548 39.241889 -0.168899 -0.983028 0.071616 0.847358 0.575397
  2 -1.206156 -6.029963 41.325073 -0.249262 -0.962414 -0.107833 0.847358 0.603175
artic_working1.bmp
  1 -1.196136 -5.985548 39.241889 -0.168899 -0.983028 0.071616 0.847358 0.575397
  2 1.633844 -6.050054 41.405048 0.183811 -0.975095 -0.124106 0.886497 0.601190
  2 -1.206156 -6.029963 41.325073 -0.249262 -0.962414 -0.107833 0.847358 0.603175
artic_working1.bmp
  2 -1.206156 -6.029963 41.325073 -0.249262 -0.962414 -0.107833 0.847358 0.603175
  2 1.633844 -6.050054 41.405048 0.183811 -0.975095 -0.124106 0.886497 0.601190
  3 0.183847 -6.811733 45.882617 0.000612 -0.997084 -0.076308 0.866928 0.662698
artic_working1.bmp
  2 1.633844 -6.050054 41.405048 0.183811 -0.975095 -0.124106 0.886497 0.601190
  3 6.593849 -5.230927 45.154380 0.303620 -0.945734 -0.115766 0.951076 0.652778
  3 0.183847 -6.811733 45.882617 0.000612 -0.997084 -0.076308 0.866928 0.662698
artic_working1.bmp
  3 0.183847 -6.811733 45.882617 0.000612 -0.997084 -0.076308 0.866928 0.662698
  3 6.593849 -5.230927 45.154380 0.303620 -0.945734 -0.115766 0.951076 0.652778
  5 0.243852 -6.850380 50.379531 0.000612 -0.993459 0.114188 0.866928 0.722222
artic_working1.bmp
  3 6.593849 -5.230927 45.154380 0.303620 -0.945734 -0.115766 0.951076 0.652778
  5 8.763856 -4.271113 51.002514 0.237477 -0.958568 0.157327 0.970646 0.728175
  5 0.243852 -6.850380 50.379531 0.000612 -0.993459 0.114188 0.866928 0.722222
artic_working1.bmp
  5 0.243852 -6.850380 50.379531 0.000612 -0.993459 0.114188 0.866928 0.722222
  5 8.763856 -4.271113 51.002514 0.237477 -0.958568 0.157327 0.970646 0.728175
  5 0.243859 -5.286340 55.521348 0.001317 -0.917079 0.398704 0.866928 0.791667
artic_working1.bmp
  5 8.763856 -4.271113 51.002514 0.237477 -0.958568 0.157327 0.970646 0.728175
  8 6.366183 -3.876561 56.804109 0.153236 -0.707703 0.689692 0.949119 0.807540
  5 0.243859 -5.286340 55.521348 0.001317 -0.917079 0.398704 0.866928 0.791667
artic_working1.bmp
  5 0.243859 -5.286340 55.521348 0.001317 -0.917079 0.398704 0.866928 0.791667
  8 6.366183 -3.876561 56.804109 0.153236 -0.707703 0.689692 0.949119 0.807540
  36 2.893864 -3.225470 57.529880 0.070318 -0.559283 0.825989 0.902153 0.817460
artic_working1.bmp
  8 6.366183 -3.876561 56.804109 0.153236 -0.707703 0.689692 0.949119 0.807540
  36 3.893871 0.212973 58.873866 0.193806 -0.092882 0.976633 0.915851 0.865079
  36 2.893864 -3.225470 57.529880 0.070318 -0.559283 0.825989 0.902153 0.817460
artic_working1.bmp
  54 1.503865 0.202192 66.565908 0.580955 0.370422 0.724761 0.328767 0.692460
  54 1.553865 0.192305 66.235905 0.990756 -0.135611 0.003511 0.328767 0.684524
  54 1.493867 0.552384 66.006028 0.618645 0.783922 0.052386 0.332681 0.678571
artic_working1.bmp
  54 1.493867 0.552384 66.006028 0.618645 0.783922 0.052386 0.332681 0.678571
  54 1.553865 0.192305 66.235905 0.990756 -0.135611 0.003511 0.328767 0.684524
  54 1.443868 0.562518 65.616032 0.784299 0.586487 -0.202256 0.334638 0.670635
artic_working1.bmp
  54 1.553865 0.192305 66.235905 0.990756 -0.135611 0.003511 0.328767 0.684524
  54 1.453865 -0.057599 65.955819 0.952151 -0.283394 -0.114438 0.324853 0.676587
  54 1.443868 0.562518 65.616032 0.784299 0.586487 -0.202256 0.334638 0.670635
artic_working1.bmp
  54 1.443868 0.562518 65.616032 0.784299 0.586487 -0.202256 0.334638 0.670635
  54 1.453865 -0.057599 65.955819 0.952151 -0.283394 -0.114438 0.324853 0.676587
  54 1.303869 0.462735 64.985997 0.644591 0.709835 -0.283966 0.334638 0.656746
artic_working1.bmp
  54 1.453865 -0.057599 65.955819 0.952151 -0.283394 -0.114438 0.324853 0.676587
  54 1.343867 -0.177375 65.305777 0.956028 -0.233288 -0.177729 0.324853 0.660714
  54 1.303869 0.462735 64.985997 0.644591 0.709835 -0.283966 0.334638 0.656746
artic_working1.bmp
  54 1.303869 0.462735 64.985997 0.644591 0.709835 -0.283966 0.334638 0.656746
  54 1.343867 -0.177375 65.305777 0.956028 -0.233288 -0.177729 0.324853 0.660714
  54 1.053870 0.292952 64.355938 0.551895 0.633132 -0.542730 0.334638 0.640873
artic_working1.bmp
  54 1.343867 -0.177375 65.305777 0.956028 -0.233288 -0.177729 0.324853 0.660714
  54 1.073869 -0.107031 64.305801 0.894401 -0.094096 -0.437256 0.328767 0.636905
  54 1.053870 0.292952 64.355938 0.551895 0.633132 -0.542730 0.334638 0.640873
artic_working1.bmp
  54 1.053870 0.292952 64.355938 0.551895 0.633132 -0.542730 0.334638 0.640873
  54 1.073869 -0.107031 64.305801 0.894401 -0.094096 -0.437256 0.328767 0.636905
  54 0.963870 0.083011 64.185866 0.274961 0.351474 -0.894909 0.332681 0.634921
artic_working1.bmp
  54 1.073869 -0.107031 64.305801 0.894401 -0.094096 -0.437256 0.328767 0.636905
  54 0.933869 -0.376993 64.195707 -0.166826 -0.548658 -0.819234 0.324853 0.632937
  54 0.963870 0.083011 64.185866 0.274961 0.351474 -0.894909 0.332681 0.634921
artic_working1.bmp
  54 0.963870 0.083011 64.185866 0.274961 0.351474 -0.894909 0.332681 0.634921
  54 0.933869 -0.376993 64.195707 -0.166826 -0.548658 -0.819234 0.324853 0.632937
  54 0.873869 -0.166965 64.115779 -0.291232 -0.019881 -0.956446 0.328767 0.630952
artic_working1.bmp
  54 0.933869 -0.376993 64.195707 -0.166826 -0.548658 -0.819234 0.324853 0.632937
  54 0.713869 0.072970 64.305862 -0.850258 0.083958 -0.519627 0.334638 0.632937
  54 0.873869 -0.166965 64.115779 -0.291232 -0.019881 -0.956446 0.328767 0.630952
artic_working1.bmp
  54 0.873869 -0.166965 64.115779 -0.291232 -0.019881 -0.956446 0.328767 0.630952
  54 0.713869 0.072970 64.305862 -0.850258 0.083958 -0.519627 0.334638 0.632937
  54 0.963870 0.083011 64.185866 0.274961 0.351474 -0.894909 0.332681 0.634921
artic_working1.bmp
  54 0.713869 0.072970 64.305862 -0.850258 0.083958 -0.519627 0.334638 0.632937
  54 0.863870 0.292935 64.405938 -0.302501 0.840784 -0.448971 0.336595 0.638889
  54 0.963870 0.083011 64.185866 0.274961 0.351474 -0.894909 0.332681 0.634921
artic_working1.bmp
  54 0.963870 0.083011 64.185866 0.274961 0.351474 -0.894909 0.332681 0.634921
  54 0.863870 0.292935 64.405938 -0.302501 0.840784 -0.448971 0.336595 0.638889
  54 1.053870 0.292952 64.355938 0.551895 0.633132 -0.542730 0.334638 0.640873
artic_working1.bmp
  54 0.863870 0.292935 64.405938 -0.302501 0.840784 -0.448971 0.336595 0.638889
  54 1.033868 0.472667 65.186000 -0.172711 0.980887 -0.089619 0.336595 0.658730
  54 1.053870 0.292952 64.355938 0.551895 0.633132 -0.542730 0.334638 0.640873
artic_working1.bmp
  54 1.053870 0.292952 64.355938 0.551895 0.633132 -0.542730 0.334638 0.640873
  54 1.033868 0.472667 65.186000 -0.172711 0.980887 -0.089619 0.336595 0.658730
  54 1.303869 0.462735 64.985997 0.644591 0.709835 -0.283966 0.334638 0.656746
artic_working1.bmp
  54 1.033868 0.472667 65.186000 -0.172711 0.980887 -0.089619 0.336595 0.658730
  54 1.253867 0.522450 65.816017 -0.240709 0.970211 0.027390 0.334638 0.674603
  54 1.303869 0.462735 64.985997 0.644591 0.709835 -0.283966 0.334638 0.656746
artic_working1.bmp
  54 1.303869 0.462735 64.985997 0.644591 0.709835 -0.283966 0.334638 0.656746
  54 1.253867 0.522450 65.816017 -0.240709 0.970211 0.027390 0.334638 0.674603
  54 1.443868 0.562518 65.616032 0.784299 0.586487 -0.202256 0.334638 0.670635
artic_working1.bmp
  54 1.253867 0.522450 65.816017 -0.240709 0.970211 0.027390 0.334638 0.674603
  54 1.493867 0.552384 66.006028 0.618645 0.783922 0.052386 0.332681 0.678571
  54 1.443868 0.562518 65.616032 0.784299 0.586487 -0.202256 0.334638 0.670635
artic_working1.bmp
  59 1.003863 -2.117280 65.030110 0.083021 -0.937984 -0.336592 0.211350 0.615079
  59 0.693864 -2.087224 64.870119 -0.176861 -0.917192 -0.357042 0.201566 0.613095
  59 1.003865 -1.957118 64.560165 -0.008619 -0.968318 -0.249570 0.211350 0.605159
artic_working1.bmp
  59 1.003865 -1.957118 64.560165 -0.008619 -0.968318 -0.249570 0.211350 0.605159
  59 0.693864 -2.087224 64.870119 -0.176861 -0.917192 -0.357042 0.201566 0.613095
  59 0.693865 -1.947128 64.590167 -0.151340 -0.973668 -0.170489 0.201566 0.607143
artic_working1.bmp
  59 0.693864 -2.087224 64.870119 -0.176861 -0.917192 -0.357042 0.201566 0.613095
  59 0.383864 -1.977241 64.920156 -0.406020 -0.875320 -0.262607 0.195695 0.611111
  59 0.693865 -1.947128 64.590167 -0.151340 -0.973668 -0.170489 0.201566 0.607143
artic_working1.bmp
  59 0.693865 -1.947128 64.590167 -0.151340 -0.973668 -0.170489 0.201566 0.607143
  59 0.383864 -1.977241 64.920156 -0.406020 -0.875320 -0.262607 0.195695 0.611111
  59 0.353865 -1.877144 64.640191 -0.275383 -0.959203 -0.063979 0.189824 0.605159
artic_working1.bmp
  59 0.383864 -1.977241 64.920156 -0.406020 -0.875320 -0.262607 0.195695 0.611111
  59 0.123865 -1.787189 64.770221 -0.417673 -0.905066 -0.080035 0.181996 0.607143
  59 0.353865 -1.877144 64.640191 -0.275383 -0.959203 -0.063979 0.189824 0.605159
artic_working1.bmp
  59 0.353865 -1.877144 64.640191 -0.275383 -0.959203 -0.063979 0.189824 0.605159
  59 0.123865 -1.787189 64.770221 -0.417673 -0.905066 -0.080035 0.181996 0.607143
  59 0.163866 -1.867017 64.270194 -0.279191 -0.955348 0.096762 0.183953 0.601190
artic_working1.bmp
  59 0.123865 -1.787189 64.770221 -0.417673 -0.905066 -0.080035 0.181996 0.607143
  59 -0.056135 -1.777058 64.390224 -0.636840 -0.768743 0.058893 0.178082 0.603175
  59 0.163866 -1.867017 64.270194 -0.279191 -0.955348 0.096762 0.183953 0.601190
artic_working1.bmp
  59 0.163866 -1.867017 64.270194 -0.279191 -0.955348 0.096762 0.183953 0.601190
  59 -0.056135 -1.777058 64.390224 -0.636840 -0.768743 0.058893 0.178082 0.603175
  59 -0.006134 -1.816903 63.940210 -0.550366 -0.825207 -0.127005 0.180039 0.597222
artic_working1.bmp
  59 -0.056135 -1.777058 64.390224 -0.636840 -0.768743 0.058893 0.178082 0.603175
  59 -0.286133 -1.386892 63.910357 -0.881270 -0.441275 -0.169232 0.166341 0.593254
  59 -0.006134 -1.816903 63.940210 -0.550366 -0.825207 -0.127005 0.180039 0.597222
artic_working1.bmp
  59 -0.006134 -1.816903 63.940210 -0.550366 -0.825207 -0.127005 0.180039 0.597222
  59 -0.286133 -1.386892 63.910357 -0.881270 -0.441275 -0.169232 0.166341 0.593254
  59 -0.036133 -1.666786 63.600262 -0.629021 -0.644810 -0.434227 0.176125 0.591270
artic_working1.bmp
  59 -0.286133 -1.386892 63.910357 -0.881270 -0.441275 -0.169232 0.166341 0.593254
  59 -0.256131 -1.166779 63.580433 -0.878024 -0.400871 -0.261490 0.178082 0.583333
  59 -0.036133 -1.666786 63.600262 -0.629021 -0.644810 -0.434227 0.176125 0.591270
artic_working1.bmp
  59 -0.036133 -1.666786 63.600262 -0.629021 -0.644810 -0.434227 0.176125 0.591270
  59 -0.256131 -1.166779 63.580433 -0.878024 -0.400871 -0.261490 0.178082 0.583333
  59 0.003869 -1.466697 63.340331 -0.590812 -0.353457 -0.725265 0.185910 0.585317
artic_working1.bmp
  59 -0.256131 -1.166779 63.580433 -0.878024 -0.400871 -0.261490 0.178082 0.583333
  59 -0.286131 -1.046734 63.450474 -0.715394 -0.177644 -0.675762 0.176125 0.581349
  59 0.003869 -1.466697 63.340331 -0.590812 -0.353457 -0.725265 0.185910 0.585317
artic_working1.bmp
  59 0.003869 -1.466697 63.340331 -0.590812 -0.353457 -0.725265 0.185910 0.585317
  59 -0.286131 -1.046734 63.450474 -0.715394 -0.177644 -0.675762 0.176125 0.581349
  59 0.413870 -0.986656 63.220497 -0.161440 0.101727 -0.981626 0.193738 0.575397
artic_working1.bmp
  59 -0.286131 -1.046734 63.450474 -0.715394 -0.177644 -0.675762 0.176125 0.581349
  59 0.193870 -0.526701 63.350654 -0.261741 0.318407 -0.911103 0.183953 0.571429
  59 0.413870 -0.986656 63.220497 -0.161440 0.101727 -0.981626 0.193738 0.575397
artic_working1.bmp
  59 0.413870 -0.986656 63.220497 -0.161440 0.101727 -0.981626 0.193738 0.575397
  59 0.193870 -0.526701 63.350654 -0.261741 0.318407 -0.911103 0.183953 0.571429
  59 0.973871 -0.456699 63.340680 -0.189722 0.188424 -0.963588 0.209393 0.567460
artic_working1.bmp
  59 0.193870 -0.526701 63.350654 -0.261741 0.318407 -0.911103 0.183953 0.571429
  59 0.383871 0.193185 63.680902 -0.495077 -0.016213 -0.868698 0.185910 0.563492
  59 0.973871 -0.456699 63.340680 -0.189722 0.188424 -0.963588 0.209393 0.567460
artic_working1.bmp
  59 0.973871 -0.456699 63.340680 -0.189722 0.188424 -0.963588 0.209393 0.567460
  59 0.383871 0.193185 63.680902 -0.495077 -0.016213 -0.868698 0.185910 0.563492
  59 0.953872 -0.066671 63.260814 -0.645737 -0.514749 -0.563966 0.209393 0.563492
artic_working1.bmp
  59 0.383871 0.193185 63.680902 -0.495077 -0.016213 -0.868698 0.185910 0.563492
  59 0.383872 0.243227 63.560919 -0.564675 -0.767217 -0.304171 0.183953 0.561508
  59 0.953872 -0.066671 63.260814 -0.645737 -0.514749 -0.563966 0.209393 0.563492
artic_working1.bmp
  65 -0.566130 -1.056646 63.196470 -0.931935 -0.277661 -0.233243 0.105675 0.656746
  65 -0.806132 -0.926955 64.096514 -0.945199 -0.322246 -0.052505 0.103718 0.682540
  65 -0.776129 -0.546618 63.116645 -0.931935 -0.277661 -0.233243 0.095890 0.658730
artic_working1.bmp
  65 -0.776129 -0.546618 63.116645 -0.931935 -0.277661 -0.233243 0.095890 0.658730
  65 -0.806132 -0.926955 64.096514 -0.945199 -0.322246 -0.052505 0.103718 0.682540
  65 -1.016130 -0.336858 63.816717 -0.950759 -0.210910 -0.227101 0.095890 0.676587
artic_working1.bmp
  65 -0.806132 -0.926955 64.096514 -0.945199 -0.322246 -0.052505 0.103718 0.682540
  65 -0.986132 -0.617075 64.446620 -0.439432 -0.706782 0.554400 0.099804 0.692460
  65 -1.016130 -0.336858 63.816717 -0.950759 -0.210910 -0.227101 0.095890 0.676587
artic_working1.bmp
  65 -1.016130 -0.336858 63.816717 -0.950759 -0.210910 -0.227101 0.095890 0.676587
  65 -0.986132 -0.617075 64.446620 -0.439432 -0.706782 0.554400 0.099804 0.692460
  65 -1.136130 -0.046982 64.176816 -0.993078 -0.052849 -0.104895 0.091977 0.686508
artic_working1.bmp
  65 -0.986132 -0.617075 64.446620 -0.439432 -0.706782 0.554400 0.099804 0.692460
  65 -1.066132 -0.297164 64.706730 -0.567738 -0.257311 0.781962 0.095890 0.698413
  65 -1.136130 -0.046982 64.176816 -0.993078 -0.052849 -0.104895 0.091977 0.686508
artic_working1.bmp
  65 -1.136130 -0.046982 64.176816 -0.993078 -0.052849 -0.104895 0.091977 0.686508
  65 -1.066132 -0.297164 64.706730 -0.567738 -0.257311 0.781962 0.095890 0.698413
  65 -1.126131 -0.017116 64.566826 -0.597037 0.435061 0.673995 0.091977 0.694444
artic_working1.bmp
  65 -1.066132 -0.297164 64.706730 -0.567738 -0.257311 0.781962 0.095890 0.698413
  65 -0.986132 -0.317147 64.656723 0.535341 -0.039592 0.843707 0.095890 0.698413
  65 -1.126131 -0.017116 64.566826 -0.597037 0.435061 0.673995 0.091977 0.694444
artic_working1.bmp
  65 -1.126131 -0.017116 64.566826 -0.597037 0.435061 0.673995 0.091977 0.694444
  65 -0.986132 -0.317147 64.656723 0.535341 -0.039592 0.843707 0.095890 0.698413
  65 -0.976131 0.012908 64.496837 0.489096 0.491490 0.720571 0.090020 0.692460
artic_working1.bmp
  65 -0.986132 -0.317147 64.656723 0.535341 -0.039592 0.843707 0.095890 0.698413
  65 -0.886132 -0.307116 64.566727 0.777120 0.045200 0.627727 0.093933 0.694444
  65 -0.976131 0.012908 64.496837 0.489096 0.491490 0.720571 0.090020 0.692460
artic_working1.bmp
  65 -0.976131 0.012908 64.496837 0.489096 0.491490 0.720571 0.090020 0.692460
  65 -0.886132 -0.307116 64.566727 0.777120 0.045200 0.627727 0.093933 0.694444
  65 -0.746131 -0.017014 64.266827 0.848707 0.133918 0.511627 0.088063 0.688492
artic_working1.bmp
  65 -0.886132 -0.307116 64.566727 0.777120 0.045200 0.627727 0.093933 0.694444
  65 -0.856132 -0.607048 64.366624 0.783773 -0.317299 0.533874 0.099804 0.690476
  65 -0.746131 -0.017014 64.266827 0.848707 0.133918 0.511627 0.088063 0.688492
artic_working1.bmp
  65 -0.746131 -0.017014 64.266827 0.848707 0.133918 0.511627 0.088063 0.688492
  65 -0.856132 -0.607048 64.366624 0.783773 -0.317299 0.533874 0.099804 0.690476
  65 -0.716131 -0.336935 64.036717 -0.169043 0.427357 0.888139 0.093933 0.680556
artic_working1.bmp
  65 -0.856132 -0.607048 64.366624 0.783773 -0.317299 0.533874 0.099804 0.690476
  65 -0.806132 -0.926955 64.096514 -0.945199 -0.322246 -0.052505 0.103718 0.682540
  65 -0.716131 -0.336935 64.036717 -0.169043 0.427357 0.888139 0.093933 0.680556
artic_working1.bmp
  65 -0.716131 -0.336935 64.036717 -0.169043 0.427357 0.888139 0.093933 0.680556
  65 -0.806132 -0.926955 64.096514 -0.945199 -0.322246 -0.052505 0.103718 0.682540
  65 -0.796132 -0.267117 64.566741 -0.988988 0.143155 -0.037543 0.093933 0.694444
artic_working1.bmp
  65 -0.806132 -0.926955 64.096514 -0.945199 -0.322246 -0.052505 0.103718 0.682540
  65 -0.796134 -1.277206 64.826394 -0.989957 -0.104242 0.095492 0.109589 0.702381
  65 -0.796132 -0.267117 64.566741 -0.988988 0.143155 -0.037543 0.093933 0.694444
artic_working1.bmp
  65 -0.796132 -0.267117 64.566741 -0.988988 0.143155 -0.037543 0.093933 0.694444
  65 -0.796134 -1.277206 64.826394 -0.989957 -0.104242 0.095492 0.109589 0.702381
  65 -0.756134 -0.597354 65.256628 -0.985517 -0.010593 0.169243 0.097847 0.714286
artic_working1.bmp
  65 -0.796134 -1.277206 64.826394 -0.989957 -0.104242 0.095492 0.109589 0.702381
  65 -0.606137 -1.567426 65.466295 -0.967007 -0.116209 0.226700 0.111546 0.716270
  65 -0.756134 -0.597354 65.256628 -0.985517 -0.010593 0.169243 0.097847 0.714286
artic_working1.bmp
  65 -0.756134 -0.597354 65.256628 -0.985517 -0.010593 0.169243 0.097847 0.714286
  65 -0.606137 -1.567426 65.466295 -0.967007 -0.116209 0.226700 0.111546 0.716270
  65 -0.506136 -0.507719 66.316659 -0.967007 -0.116209 0.226700 0.091977 0.734127
artic_working1.bmp
  65 -0.606137 -1.567426 65.466295 -0.967007 -0.116209 0.226700 0.111546 0.716270
  65 -0.446138 -1.487677 66.196323 -0.967007 -0.116209 0.226700 0.109589 0.734127
  65 -0.506136 -0.507719 66.316659 -0.967007 -0.116209 0.226700 0.091977 0.734127
artic_working1.bmp
  53 -0.386136 -2.457096 64.503989 0.545642 -0.829515 -0.119080 0.221135 0.617063
  53 -0.336135 -2.346996 64.214027 0.413367 -0.858299 -0.304057 0.223092 0.613095
  53 -0.156135 -2.277038 64.334052 0.580361 -0.811160 -0.072120 0.228963 0.615079
artic_working1.bmp
  53 -0.156135 -2.277038 64.334052 0.580361 -0.811160 -0.072120 0.228963 0.615079
  53 -0.336135 -2.346996 64.214027 0.413367 -0.858299 -0.304057 0.223092 0.613095
  53 -0.116135 -2.226987 64.184069 0.480578 -0.835273 -0.267139 0.232877 0.611111
artic_working1.bmp
  53 -0.336135 -2.346996 64.214027 0.413367 -0.858299 -0.304057 0.223092 0.613095
  53 -0.106134 -2.146932 64.024097 0.364356 -0.917472 -0.159657 0.232877 0.605159
  53 -0.116135 -2.226987 64.184069 0.480578 -0.835273 -0.267139 0.232877 0.611111
artic_working1.bmp
  53 -0.116135 -2.226987 64.184069 0.480578 -0.835273 -0.267139 0.232877 0.611111
  53 -0.106134 -2.146932 64.024097 0.364356 -0.917472 -0.159657 0.232877 0.605159
  53 0.093865 -2.066970 64.134125 0.545642 -0.829515 -0.119080 0.238748 0.607143
artic_working1.bmp
  53 -0.106134 -2.146932 64.024097 0.364356 -0.917472 -0.159657 0.232877 0.605159
  53 0.083866 -2.106819 63.694111 0.647264 -0.761471 0.034814 0.242661 0.601190
  53 0.093865 -2.066970 64.134125 0.545642 -0.829515 -0.119080 0.238748 0.607143
artic_working1.bmp
  53 0.093865 -2.066970 64.134125 0.545642 -0.829515 -0.119080 0.238748 0.607143
  53 0.083866 -2.106819 63.694111 0.647264 -0.761471 0.034814 0.242661 0.601190
  53 0.333867 -1.666788 63.604263 0.751319 -0.626863 -0.206305 0.254403 0.599206
artic_working1.bmp
  53 0.083866 -2.106819 63.694111 0.647264 -0.761471 0.034814 0.242661 0.601190
  53 0.303868 -1.726661 63.234242 0.882617 -0.443945 -0.154597 0.254403 0.595238
  53 0.333867 -1.666788 63.604263 0.751319 -0.626863 -0.206305 0.254403 0.599206
artic_working1.bmp
  53 0.333867 -1.666788 63.604263 0.751319 -0.626863 -0.206305 0.254403 0.599206
  53 0.303868 -1.726661 63.234242 0.882617 -0.443945 -0.154597 0.254403 0.595238
  53 0.513869 -1.166648 63.194435 0.876018 -0.418609 -0.239497 0.246575 0.583333
artic_working1.bmp
  53 0.303868 -1.726661 63.234242 0.882617 -0.443945 -0.154597 0.254403 0.595238
  53 0.303869 -1.506572 62.974318 0.857924 -0.431279 -0.279222 0.238748 0.585317
  53 0.513869 -1.166648 63.194435 0.876018 -0.418609 -0.239497 0.246575 0.583333
artic_working1.bmp
  53 0.513869 -1.166648 63.194435 0.876018 -0.418609 -0.239497 0.246575 0.583333
  53 0.303869 -1.506572 62.974318 0.857924 -0.431279 -0.279222 0.238748 0.585317
  53 0.563870 -1.056607 63.074473 0.906676 -0.386507 -0.168969 0.250489 0.581349
artic_working1.bmp
  53 0.303869 -1.506572 62.974318 0.857924 -0.431279 -0.279222 0.238748 0.585317
  53 0.333870 -1.386537 62.874359 0.665979 -0.234493 -0.708156 0.240705 0.583333
  53 0.563870 -1.056607 63.074473 0.906676 -0.386507 -0.168969 0.250489 0.581349
artic_working1.bmp
  53 0.563870 -1.056607 63.074473 0.906676 -0.386507 -0.168969 0.250489 0.581349
  53 0.333870 -1.386537 62.874359 0.665979 -0.234493 -0.708156 0.240705 0.583333
  53 0.583870 -0.956579 62.994507 0.655810 -0.012481 -0.754823 0.252446 0.579365
artic_working1.bmp
  53 0.333870 -1.386537 62.874359 0.665979 -0.234493 -0.708156 0.240705 0.583333
  53 -0.096129 -0.866488 62.734537 0.246140 0.209249 -0.946377 0.236791 0.571429
  53 0.583870 -0.956579 62.994507 0.655810 -0.012481 -0.754823 0.252446 0.579365
artic_working1.bmp
  53 0.583870 -0.956579 62.994507 0.655810 -0.012481 -0.754823 0.252446 0.579365
  53 -0.096129 -0.866488 62.734537 0.246140 0.209249 -0.946377 0.236791 0.571429
  53 0.433871 -0.196651 63.204768 0.331437 0.269546 -0.904154 0.264188 0.573413
artic_working1.bmp
  53 -0.096129 -0.866488 62.734537 0.246140 0.209249 -0.946377 0.236791 0.571429
  53 -0.286128 -0.116577 62.994794 0.526445 -0.151885 -0.836532 0.240705 0.563492
  53 0.433871 -0.196651 63.204768 0.331437 0.269546 -0.904154 0.264188 0.573413
artic_working1.bmp
  53 0.433871 -0.196651 63.204768 0.331437 0.269546 -0.904154 0.264188 0.573413
  53 -0.286128 -0.116577 62.994794 0.526445 -0.151885 -0.836532 0.240705 0.563492
  53 0.313873 0.463335 63.244995 0.597741 -0.147477 -0.788008 0.277886 0.569444
artic_working1.bmp
  53 -0.286128 -0.116577 62.994794 0.526445 -0.151885 -0.836532 0.240705 0.563492
  53 -0.286127 -0.056536 62.874815 0.654370 -0.698266 -0.290216 0.242661 0.561508
  53 0.313873 0.463335 63.244995 0.597741 -0.147477 -0.788008 0.277886 0.569444
artic_working1.bmp
  57 0.503867 -2.406584 63.008009 -0.862819 -0.253936 -0.437104 0.131115 0.587302
  57 0.203867 -2.006717 63.398145 -0.880483 -0.254877 -0.399734 0.119374 0.595238
  57 0.373868 -2.056608 63.078129 -0.793757 -0.107504 -0.598659 0.121331 0.587302
artic_working1.bmp
  57 0.373868 -2.056608 63.078129 -0.793757 -0.107504 -0.598659 0.121331 0.587302
  57 0.203867 -2.006717 63.398145 -0.880483 -0.254877 -0.399734 0.119374 0.595238
  57 0.063868 -1.616741 63.468279 -0.827598 -0.073120 -0.556538 0.107632 0.603175
artic_working1.bmp
  57 0.203867 -2.006717 63.398145 -0.880483 -0.254877 -0.399734 0.119374 0.595238
  57 -0.116133 -1.576868 63.838292 -0.917710 -0.118239 -0.379247 0.107632 0.611111
  57 0.063868 -1.616741 63.468279 -0.827598 -0.073120 -0.556538 0.107632 0.603175
artic_working1.bmp
  57 0.063868 -1.616741 63.468279 -0.827598 -0.073120 -0.556538 0.107632 0.603175
  57 -0.116133 -1.576868 63.838292 -0.917710 -0.118239 -0.379247 0.107632 0.611111
  57 0.093869 -1.156748 63.488437 -0.899560 0.073104 -0.430636 0.095890 0.603175
artic_working1.bmp
  57 -0.116133 -1.576868 63.838292 -0.917710 -0.118239 -0.379247 0.107632 0.611111
  57 -0.296134 -1.547029 64.308302 -0.959265 -0.062465 -0.275514 0.107632 0.623016
  57 0.093869 -1.156748 63.488437 -0.899560 0.073104 -0.430636 0.095890 0.603175
artic_working1.bmp
  57 0.093869 -1.156748 63.488437 -0.899560 0.073104 -0.430636 0.095890 0.603175
  57 -0.296134 -1.547029 64.308302 -0.959265 -0.062465 -0.275514 0.107632 0.623016
  57 -0.036132 -1.096861 63.818458 -0.928319 0.177263 -0.326806 0.095890 0.611111
artic_working1.bmp
  57 -0.296134 -1.547029 64.308302 -0.959265 -0.062465 -0.275514 0.107632 0.623016
  57 -0.396135 -1.407235 64.908350 -0.961206 -0.119773 -0.248469 0.107632 0.640873
  57 -0.036132 -1.096861 63.818458 -0.928319 0.177263 -0.326806 0.095890 0.611111
artic_working1.bmp
  57 -0.036132 -1.096861 63.818458 -0.928319 0.177263 -0.326806 0.095890 0.611111
  57 -0.396135 -1.407235 64.908350 -0.961206 -0.119773 -0.248469 0.107632 0.640873
  57 0.063869 -0.326920 63.988723 -0.913051 0.286504 -0.290265 0.078278 0.617063
artic_working1.bmp
  57 -0.396135 -1.407235 64.908350 -0.961206 -0.119773 -0.248469 0.107632 0.640873
  57 -0.376134 -0.807256 64.968556 0.081254 0.227742 -0.970325 0.095890 0.644841
  57 0.063869 -0.326920 63.988723 -0.913051 0.286504 -0.290265 0.078278 0.617063
artic_working1.bmp
  57 0.063869 -0.326920 63.988723 -0.913051 0.286504 -0.290265 0.078278 0.617063
  57 -0.376134 -0.807256 64.968556 0.081254 0.227742 -0.970325 0.095890 0.644841
  57 0.233870 0.073028 64.138860 -0.886979 0.389634 -0.247897 0.070450 0.621032
artic_working1.bmp
  57 -0.376134 -0.807256 64.968556 0.081254 0.227742 -0.970325 0.095890 0.644841
  57 -0.156133 -0.247266 64.998749 0.125331 0.612916 -0.780145 0.084149 0.644841
  57 0.233870 0.073028 64.138860 -0.886979 0.389634 -0.247897 0.070450 0.621032
artic_working1.bmp
  57 0.233870 0.073028 64.138860 -0.886979 0.389634 -0.247897 0.070450 0.621032
  57 -0.156133 -0.247266 64.998749 0.125331 0.612916 -0.780145 0.084149 0.644841
  57 -0.236133 -0.007428 65.468832 -0.418162 0.831104 -0.366615 0.082192 0.654762
artic_working1.bmp
  57 -0.156133 -0.247266 64.998749 0.125331 0.612916 -0.780145 0.084149 0.644841
  57 -0.396132 -0.177190 64.778773 0.385187 0.746899 -0.542008 0.084149 0.644841
  57 -0.236133 -0.007428 65.468832 -0.418162 0.831104 -0.366615 0.082192 0.654762
artic_working1.bmp
  57 -0.236133 -0.007428 65.468832 -0.418162 0.831104 -0.366615 0.082192 0.654762
  57 -0.396132 -0.177190 64.778773 0.385187 0.746899 -0.542008 0.084149 0.644841
  57 -0.506134 -0.017444 65.518828 0.046381 0.974814 -0.218145 0.084149 0.656746
artic_working1.bmp
  57 -0.396132 -0.177190 64.778773 0.385187 0.746899 -0.542008 0.084149 0.644841
  57 -0.586132 -0.187162 64.698769 -0.586963 0.641359 -0.494098 0.086106 0.644841
  57 -0.506134 -0.017444 65.518828 0.046381 0.974814 -0.218145 0.084149 0.656746
artic_working1.bmp
  57 -0.506134 -0.017444 65.518828 0.046381 0.974814 -0.218145 0.084149 0.656746
  57 -0.586132 -0.187162 64.698769 -0.586963 0.641359 -0.494098 0.086106 0.644841
  57 -0.766133 -0.007375 65.318830 -0.618669 0.692064 -0.371881 0.086106 0.654762
artic_working1.bmp
  57 -0.586132 -0.187162 64.698769 -0.586963 0.641359 -0.494098 0.086106 0.644841
  57 -0.776135 -0.707471 65.598590 -0.969659 -0.152274 -0.191242 0.097847 0.658730
  57 -0.766133 -0.007375 65.318830 -0.618669 0.692064 -0.371881 0.086106 0.654762
artic_working1.bmp
  59 0.383871 0.193185 63.680902 -0.495077 -0.016213 -0.868698 0.185910 0.563492
  59 0.193870 -0.526701 63.350654 -0.261741 0.318407 -0.911103 0.183953 0.571429
  59 -0.336130 0.083108 63.910863 -0.366721 0.441576 -0.818857 0.158513 0.573413
artic_working1.bmp
  59 -0.336130 0.083108 63.910863 -0.366721 0.441576 -0.818857 0.158513 0.573413
  59 0.193870 -0.526701 63.350654 -0.261741 0.318407 -0.911103 0.183953 0.571429
  59 -0.506130 -0.616802 63.650622 -0.656579 0.098381 -0.747814 0.166341 0.579365
artic_working1.bmp
  59 0.193870 -0.526701 63.350654 -0.261741 0.318407 -0.911103 0.183953 0.571429
  59 -0.286131 -1.046734 63.450474 -0.715394 -0.177644 -0.675762 0.176125 0.581349
  59 -0.506130 -0.616802 63.650622 -0.656579 0.098381 -0.747814 0.166341 0.579365
artic_working1.bmp
  59 -0.506130 -0.616802 63.650622 -0.656579 0.098381 -0.747814 0.166341 0.579365
  59 -0.286131 -1.046734 63.450474 -0.715394 -0.177644 -0.675762 0.176125 0.581349
  59 -0.506131 -0.706844 63.770591 -0.901868 -0.397631 -0.168890 0.168297 0.581349
artic_working1.bmp
  59 -0.286131 -1.046734 63.450474 -0.715394 -0.177644 -0.675762 0.176125 0.581349
  59 -0.256131 -1.166779 63.580433 -0.878024 -0.400871 -0.261490 0.178082 0.583333
  59 -0.506131 -0.706844 63.770591 -0.901868 -0.397631 -0.168890 0.168297 0.581349
artic_working1.bmp
  59 -0.506131 -0.706844 63.770591 -0.901868 -0.397631 -0.168890 0.168297 0.581349
  59 -0.256131 -1.166779 63.580433 -0.878024 -0.400871 -0.261490 0.178082 0.583333
  59 -0.476131 -0.796902 63.940560 -0.909472 -0.363781 -0.201308 0.170254 0.583333
artic_working1.bmp
  59 -0.256131 -1.166779 63.580433 -0.878024 -0.400871 -0.261490 0.178082 0.583333
  59 -0.286133 -1.386892 63.910357 -0.881270 -0.441275 -0.169232 0.166341 0.593254
  59 -0.476131 -0.796902 63.940560 -0.909472 -0.363781 -0.201308 0.170254 0.583333
artic_working1.bmp
  59 -0.476131 -0.796902 63.940560 -0.909472 -0.363781 -0.201308 0.170254 0.583333
  59 -0.286133 -1.386892 63.910357 -0.881270 -0.441275 -0.169232 0.166341 0.593254
  59 -0.386134 -1.277057 64.390395 -0.819867 -0.557849 -0.128932 0.160470 0.597222
artic_working1.bmp
  59 -0.286133 -1.386892 63.910357 -0.881270 -0.441275 -0.169232 0.166341 0.593254
  59 -0.056135 -1.777058 64.390224 -0.636840 -0.768743 0.058893 0.178082 0.603175
  59 -0.386134 -1.277057 64.390395 -0.819867 -0.557849 -0.128932 0.160470 0.597222
artic_working1.bmp
  59 -0.386134 -1.277057 64.390395 -0.819867 -0.557849 -0.128932 0.160470 0.597222
  59 -0.056135 -1.777058 64.390224 -0.636840 -0.768743 0.058893 0.178082 0.603175
  59 -0.096135 -1.657233 64.900265 -0.622687 -0.782467 -0.002444 0.178082 0.607143
artic_working1.bmp
  59 -0.056135 -1.777058 64.390224 -0.636840 -0.768743 0.058893 0.178082 0.603175
  59 0.123865 -1.787189 64.770221 -0.417673 -0.905066 -0.080035 0.181996 0.607143
  59 -0.096135 -1.657233 64.900265 -0.622687 -0.782467 -0.002444 0.178082 0.607143
artic_working1.bmp
  59 -0.096135 -1.657233 64.900265 -0.622687 -0.782467 -0.002444 0.178082 0.607143
  59 0.123865 -1.787189 64.770221 -0.417673 -0.905066 -0.080035 0.181996 0.607143
  59 0.143864 -1.847233 64.900200 -0.550366 -0.825207 -0.127005 0.185910 0.613095
artic_working1.bmp
  59 0.123865 -1.787189 64.770221 -0.417673 -0.905066 -0.080035 0.181996 0.607143
  59 0.383864 -1.977241 64.920156 -0.406020 -0.875320 -0.262607 0.195695 0.611111
  59 0.143864 -1.847233 64.900200 -0.550366 -0.825207 -0.127005 0.185910 0.613095
artic_working1.bmp
  59 0.143864 -1.847233 64.900200 -0.550366 -0.825207 -0.127005 0.185910 0.613095
  59 0.383864 -1.977241 64.920156 -0.406020 -0.875320 -0.262607 0.195695 0.611111
  59 0.183864 -1.877281 65.040190 -0.622687 -0.782467 -0.002444 0.187867 0.615079
artic_working1.bmp
  59 0.383864 -1.977241 64.920156 -0.406020 -0.875320 -0.262607 0.195695 0.611111
  59 0.433863 -2.067327 65.170125 -0.483049 -0.858812 -0.170603 0.195695 0.617063
  59 0.183864 -1.877281 65.040190 -0.622687 -0.782467 -0.002444 0.187867 0.615079
artic_working1.bmp
  59 0.183864 -1.877281 65.040190 -0.622687 -0.782467 -0.002444 0.187867 0.615079
  59 0.433863 -2.067327 65.170125 -0.483049 -0.858812 -0.170603 0.195695 0.617063
  59 0.353862 -1.977454 65.540156 -0.661113 -0.743629 0.099730 0.193738 0.623016
artic_working1.bmp
  60 0.363864 -1.737354 65.251239 0.096771 -0.995278 0.007512 0.225049 0.694444
  60 -0.566137 -1.827349 65.241206 -0.107272 -0.989467 0.097200 0.207436 0.694444
  60 -0.246136 -1.847264 64.991199 0.112224 -0.967714 0.225689 0.215264 0.688492
artic_working1.bmp
  60 -0.246136 -1.847264 64.991199 0.112224 -0.967714 0.225689 0.215264 0.688492
  60 -0.566137 -1.827349 65.241206 -0.107272 -0.989467 0.097200 0.207436 0.694444
  60 -0.506136 -1.887256 64.971185 0.201138 -0.932604 0.299656 0.207436 0.688492
artic_working1.bmp
  60 -0.566137 -1.827349 65.241206 -0.107272 -0.989467 0.097200 0.207436 0.694444
  60 -0.586136 -1.917249 64.951175 -0.120619 -0.927832 0.352957 0.205479 0.688492
  60 -0.506136 -1.887256 64.971185 0.201138 -0.932604 0.299656 0.207436 0.688492
artic_working1.bmp
  60 -0.506136 -1.887256 64.971185 0.201138 -0.932604 0.299656 0.207436 0.688492
  60 -0.586136 -1.917249 64.951175 -0.120619 -0.927832 0.352957 0.205479 0.688492
  60 -0.506136 -2.017146 64.651140 0.264941 -0.910174 0.318417 0.209393 0.682540
artic_working1.bmp
  60 -0.586136 -1.917249 64.951175 -0.120619 -0.927832 0.352957 0.205479 0.688492
  60 -0.576136 -2.037143 64.641133 -0.122392 -0.940850 0.315946 0.207436 0.682540
  60 -0.506136 -2.017146 64.651140 0.264941 -0.910174 0.318417 0.209393 0.682540
artic_working1.bmp
  60 -0.506136 -2.017146 64.651140 0.264941 -0.910174 0.318417 0.209393 0.682540
  60 -0.576136 -2.037143 64.641133 -0.122392 -0.940850 0.315946 0.207436 0.682540
  60 -0.536135 -2.196944 64.061078 -0.066446 -0.966070 0.249586 0.207436 0.674603
artic_working1.bmp
  60 -0.576136 -2.037143 64.641133 -0.122392 -0.940850 0.315946 0.207436 0.682540
  60 -0.676136 -1.987146 64.651150 -0.510587 -0.819586 0.259962 0.203523 0.682540
  60 -0.536135 -2.196944 64.061078 -0.066446 -0.966070 0.249586 0.207436 0.674603
artic_working1.bmp
  60 -0.536135 -2.196944 64.061078 -0.066446 -0.966070 0.249586 0.207436 0.674603
  60 -0.676136 -1.987146 64.651150 -0.510587 -0.819586 0.259962 0.203523 0.682540
  60 -0.626135 -2.146947 64.071095 -0.569778 -0.807335 0.153501 0.205479 0.674603
artic_working1.bmp
  60 -0.676136 -1.987146 64.651150 -0.510587 -0.819586 0.259962 0.203523 0.682540
  60 -0.776135 -1.907146 64.651178 -0.680780 -0.712932 0.168128 0.201566 0.682540
  60 -0.626135 -2.146947 64.071095 -0.569778 -0.807335 0.153501 0.205479 0.674603
artic_working1.bmp
  60 -0.626135 -2.146947 64.071095 -0.569778 -0.807335 0.153501 0.205479 0.674603
  60 -0.776135 -1.907146 64.651178 -0.680780 -0.712932 0.168128 0.201566 0.682540
  60 -0.876134 -2.006864 63.831143 -0.846519 -0.525778 0.083450 0.199609 0.670635
artic_working1.bmp
  60 -0.776135 -1.907146 64.651178 -0.680780 -0.712932 0.168128 0.201566 0.682540
  60 -0.926134 -1.706932 64.031246 -0.831719 -0.552940 -0.050011 0.195695 0.672619
  60 -0.876134 -2.006864 63.831143 -0.846519 -0.525778 0.083450 0.199609 0.670635
artic_working1.bmp
  60 -0.876134 -2.006864 63.831143 -0.846519 -0.525778 0.083450 0.199609 0.670635
  60 -0.926134 -1.706932 64.031246 -0.831719 -0.552940 -0.050011 0.195695 0.672619
  60 -0.936132 -1.746671 63.271232 -0.938934 -0.310172 0.148984 0.197652 0.656746
artic_working1.bmp
  60 -0.926134 -1.706932 64.031246 -0.831719 -0.552940 -0.050011 0.195695 0.672619
  60 -0.996132 -1.476733 63.451325 -0.727412 -0.681389 -0.081125 0.193738 0.658730
  60 -0.936132 -1.746671 63.271232 -0.938934 -0.310172 0.148984 0.197652 0.656746
artic_working1.bmp
  60 -0.936132 -1.746671 63.271232 -0.938934 -0.310172 0.148984 0.197652 0.656746
  60 -0.996132 -1.476733 63.451325 -0.727412 -0.681389 -0.081125 0.193738 0.658730
  60 -1.126131 -1.346671 63.271369 -0.725499 -0.688194 0.006345 0.191781 0.652778
artic_working1.bmp
  60 -0.996132 -1.476733 63.451325 -0.727412 -0.681389 -0.081125 0.193738 0.658730
  60 -1.296133 -1.416870 63.851345 -0.461272 -0.855000 -0.237070 0.183953 0.666667
  60 -1.126131 -1.346671 63.271369 -0.725499 -0.688194 0.006345 0.191781 0.652778
artic_working1.bmp
  60 -1.126131 -1.346671 63.271369 -0.725499 -0.688194 0.006345 0.191781 0.652778
  60 -1.296133 -1.416870 63.851345 -0.461272 -0.855000 -0.237070 0.183953 0.666667
  60 -1.426132 -1.306804 63.661382 -0.461272 -0.855000 -0.237070 0.176125 0.660714
artic_working1.bmp
  53 -0.286127 -0.056536 62.874815 0.654370 -0.698266 -0.290216 0.242661 0.561508
  53 -0.286128 -0.116577 62.994794 0.526445 -0.151885 -0.836532 0.240705 0.563492
  53 -0.826127 -0.376446 62.614703 0.652309 -0.501944 -0.567931 0.215264 0.561508
artic_working1.bmp
  53 -0.826127 -0.376446 62.614703 0.652309 -0.501944 -0.567931 0.215264 0.561508
  53 -0.286128 -0.116577 62.994794 0.526445 -0.151885 -0.836532 0.240705 0.563492
  53 -0.846129 -0.786477 62.704562 0.275621 0.105517 -0.955458 0.213307 0.567460
artic_working1.bmp
  53 -0.286128 -0.116577 62.994794 0.526445 -0.151885 -0.836532 0.240705 0.563492
  53 -0.096129 -0.866488 62.734537 0.246140 0.209249 -0.946377 0.236791 0.571429
  53 -0.846129 -0.786477 62.704562 0.275621 0.105517 -0.955458 0.213307 0.567460
artic_working1.bmp
  53 -0.846129 -0.786477 62.704562 0.275621 0.105517 -0.955458 0.213307 0.567460
  53 -0.096129 -0.866488 62.734537 0.246140 0.209249 -0.946377 0.236791 0.571429
  53 -0.346130 -1.286464 62.664392 0.239909 0.042429 -0.969868 0.225049 0.575397
artic_working1.bmp
  53 -0.096129 -0.866488 62.734537 0.246140 0.209249 -0.946377 0.236791 0.571429
  53 0.333870 -1.386537 62.874359 0.665979 -0.234493 -0.708156 0.240705 0.583333
  53 -0.346130 -1.286464 62.664392 0.239909 0.042429 -0.969868 0.225049 0.575397
artic_working1.bmp
  53 -0.346130 -1.286464 62.664392 0.239909 0.042429 -0.969868 0.225049 0.575397
  53 0.333870 -1.386537 62.874359 0.665979 -0.234493 -0.708156 0.240705 0.583333
  53 0.083869 -1.796506 62.784217 0.602717 -0.356768 -0.713756 0.230920 0.585317
artic_working1.bmp
  53 0.333870 -1.386537 62.874359 0.665979 -0.234493 -0.708156 0.240705 0.583333
  53 0.303869 -1.506572 62.974318 0.857924 -0.431279 -0.279222 0.238748 0.585317
  53 0.083869 -1.796506 62.784217 0.602717 -0.356768 -0.713756 0.230920 0.585317
artic_working1.bmp
  53 0.083869 -1.796506 62.784217 0.602717 -0.356768 -0.713756 0.230920 0.585317
  53 0.303869 -1.506572 62.974318 0.857924 -0.431279 -0.279222 0.238748 0.585317
  53 0.093868 -1.986592 63.034152 0.644463 -0.617256 -0.451289 0.242661 0.593254
artic_working1.bmp
  53 0.303869 -1.506572 62.974318 0.857924 -0.431279 -0.279222 0.238748 0.585317
  53 0.303868 -1.726661 63.234242 0.882617 -0.443945 -0.154597 0.254403 0.595238
  53 0.093868 -1.986592 63.034152 0.644463 -0.617256 -0.451289 0.242661 0.593254
artic_working1.bmp
  53 0.093868 -1.986592 63.034152 0.644463 -0.617256 -0.451289 0.242661 0.593254
  53 0.303868 -1.726661 63.234242 0.882617 -0.443945 -0.154597 0.254403 0.595238
  53 0.073867 -2.136681 63.294101 0.551643 -0.818081 -0.162582 0.240705 0.597222
artic_working1.bmp
  53 0.303868 -1.726661 63.234242 0.882617 -0.443945 -0.154597 0.254403 0.595238
  53 0.083866 -2.106819 63.694111 0.647264 -0.761471 0.034814 0.242661 0.601190
  53 0.073867 -2.136681 63.294101 0.551643 -0.818081 -0.162582 0.240705 0.597222
artic_working1.bmp
  53 0.073867 -2.136681 63.294101 0.551643 -0.818081 -0.162582 0.240705 0.597222
  53 0.083866 -2.106819 63.694111 0.647264 -0.761471 0.034814 0.242661 0.601190
  53 -0.106134 -2.176784 63.594086 0.258714 -0.961502 0.092636 0.234834 0.601190
artic_working1.bmp
  53 0.083866 -2.106819 63.694111 0.647264 -0.761471 0.034814 0.242661 0.601190
  53 -0.106134 -2.146932 64.024097 0.364356 -0.917472 -0.159657 0.232877 0.605159
  53 -0.106134 -2.176784 63.594086 0.258714 -0.961502 0.092636 0.234834 0.601190
artic_working1.bmp
  53 -0.106134 -2.176784 63.594086 0.258714 -0.961502 0.092636 0.234834 0.601190
  53 -0.106134 -2.146932 64.024097 0.364356 -0.917472 -0.159657 0.232877 0.605159
  53 -0.316134 -2.196897 63.924079 0.273324 -0.958631 -0.079508 0.227006 0.605159
artic_working1.bmp
  53 -0.106134 -2.146932 64.024097 0.364356 -0.917472 -0.159657 0.232877 0.605159
  53 -0.336135 -2.346996 64.214027 0.413367 -0.858299 -0.304057 0.223092 0.613095
  53 -0.316134 -2.196897 63.924079 0.273324 -0.958631 -0.079508 0.227006 0.605159
artic_working1.bmp
  60 -0.246136 -1.847264 64.991199 0.186311 -0.974832 0.122433 0.215264 0.688492
  60 0.143865 -1.847148 64.651200 0.166836 -0.985136 0.040897 0.227006 0.682540
  60 0.813865 -1.597245 64.931288 0.356326 -0.922771 0.146717 0.234834 0.686508
artic_working1.bmp
  60 0.813865 -1.597245 64.931288 0.356326 -0.922771 0.146717 0.234834 0.686508
  60 0.143865 -1.847148 64.651200 0.166836 -0.985136 0.040897 0.227006 0.682540
  60 0.463865 -1.787056 64.381222 0.268758 -0.955627 -0.120605 0.234834 0.676587
artic_working1.bmp
  60 0.143865 -1.847148 64.651200 0.166836 -0.985136 0.040897 0.227006 0.682540
  60 -0.016133 -1.706883 63.881248 0.204831 -0.944126 -0.258205 0.223092 0.668651
  60 0.463865 -1.787056 64.381222 0.268758 -0.955627 -0.120605 0.234834 0.676587
artic_working1.bmp
  60 0.463865 -1.787056 64.381222 0.268758 -0.955627 -0.120605 0.234834 0.676587
  60 -0.016133 -1.706883 63.881248 0.204831 -0.944126 -0.258205 0.223092 0.668651
  60 0.243868 -1.556804 63.651300 0.242779 -0.903812 -0.352395 0.230920 0.662698
artic_working1.bmp
  60 -0.016133 -1.706883 63.881248 0.204831 -0.944126 -0.258205 0.223092 0.668651
  60 -0.086132 -1.526694 63.331310 0.624675 -0.778607 -0.059599 0.221135 0.656746
  60 0.243868 -1.556804 63.651300 0.242779 -0.903812 -0.352395 0.230920 0.662698
artic_working1.bmp
  60 0.243868 -1.556804 63.651300 0.242779 -0.903812 -0.352395 0.230920 0.662698
  60 -0.086132 -1.526694 63.331310 0.624675 -0.778607 -0.059599 0.221135 0.656746
  60 0.113869 -1.386612 63.091358 0.670345 -0.740320 0.050636 0.227006 0.650794
artic_working1.bmp
  60 -0.086132 -1.526694 63.331310 0.624675 -0.778607 -0.059599 0.221135 0.656746
  60 -0.096132 -1.796649 63.201217 0.928264 -0.178974 0.326027 0.221135 0.656746
  60 0.113869 -1.386612 63.091358 0.670345 -0.740320 0.050636 0.227006 0.650794
artic_working1.bmp
  60 0.113869 -1.386612 63.091358 0.670345 -0.740320 0.050636 0.227006 0.650794
  60 -0.096132 -1.796649 63.201217 0.928264 -0.178974 0.326027 0.221135 0.656746
  60 0.063869 -1.636570 62.971272 0.888968 -0.455876 -0.043726 0.225049 0.650794
artic_working1.bmp
  60 -0.096132 -1.796649 63.201217 0.928264 -0.178974 0.326027 0.221135 0.656746
  60 -0.116132 -2.086608 63.081117 0.831755 -0.490943 -0.259150 0.219178 0.656746
  60 0.063869 -1.636570 62.971272 0.888968 -0.455876 -0.043726 0.225049 0.650794
artic_working1.bmp
  60 0.063869 -1.636570 62.971272 0.888968 -0.455876 -0.043726 0.225049 0.650794
  60 -0.116132 -2.086608 63.081117 0.831755 -0.490943 -0.259150 0.219178 0.656746
  60 0.023869 -1.676563 62.951258 0.544517 -0.469853 -0.694794 0.223092 0.650794
artic_working1.bmp
  60 -0.116132 -2.086608 63.081117 0.831755 -0.490943 -0.259150 0.219178 0.656746
  60 -0.246131 -1.866559 62.941193 0.336967 -0.300660 -0.892220 0.215264 0.650794
  60 0.023869 -1.676563 62.951258 0.544517 -0.469853 -0.694794 0.223092 0.650794
artic_working1.bmp
  60 0.023869 -1.676563 62.951258 0.544517 -0.469853 -0.694794 0.223092 0.650794
  60 -0.246131 -1.866559 62.941193 0.336967 -0.300660 -0.892220 0.215264 0.650794
  60 -0.136130 -1.506508 62.791317 0.406178 -0.766108 -0.498094 0.219178 0.644841
artic_working1.bmp
  60 -0.246131 -1.866559 62.941193 0.336967 -0.300660 -0.892220 0.215264 0.650794
  60 -0.476131 -1.626514 62.811275 0.316028 -0.754733 -0.574895 0.209393 0.646825
  60 -0.136130 -1.506508 62.791317 0.406178 -0.766108 -0.498094 0.219178 0.644841
artic_working1.bmp
  60 -0.136130 -1.506508 62.791317 0.406178 -0.766108 -0.498094 0.219178 0.644841
  60 -0.476131 -1.626514 62.811275 0.316028 -0.754733 -0.574895 0.209393 0.646825
  60 -0.186130 -1.516412 62.511313 0.365208 -0.928954 -0.060563 0.217221 0.640873
artic_working1.bmp
  60 -0.476131 -1.626514 62.811275 0.316028 -0.754733 -0.574895 0.209393 0.646825
  60 -0.456130 -1.606414 62.521282 0.304940 -0.951304 -0.045078 0.209393 0.640873
  60 -0.186130 -1.516412 62.511313 0.365208 -0.928954 -0.060563 0.217221 0.640873
artic_working1.bmp
  65 -0.776129 -0.546618 63.116645 -0.931935 -0.277661 -0.233243 0.095890 0.658730
  65 -1.016130 -0.336858 63.816717 -0.950759 -0.210910 -0.227101 0.095890 0.676587
  65 -0.736127 0.043443 62.936848 -0.570050 0.715985 -0.402999 0.086106 0.654762
artic_working1.bmp
  65 -0.736127 0.043443 62.936848 -0.570050 0.715985 -0.402999 0.086106 0.654762
  65 -1.016130 -0.336858 63.816717 -0.950759 -0.210910 -0.227101 0.095890 0.676587
  65 -0.926128 0.253227 63.566920 -0.711776 0.614089 -0.340983 0.086106 0.670635
artic_working1.bmp
  65 -1.016130 -0.336858 63.816717 -0.950759 -0.210910 -0.227101 0.095890 0.676587
  65 -1.136130 -0.046982 64.176816 -0.993078 -0.052849 -0.104895 0.091977 0.686508
  65 -0.926128 0.253227 63.566920 -0.711776 0.614089 -0.340983 0.086106 0.670635
artic_working1.bmp
  65 -0.926128 0.253227 63.566920 -0.711776 0.614089 -0.340983 0.086106 0.670635
  65 -1.136130 -0.046982 64.176816 -0.993078 -0.052849 -0.104895 0.091977 0.686508
  65 -1.036129 0.293087 63.976933 -0.600730 0.793041 -0.101045 0.086106 0.680556
artic_working1.bmp
  65 -1.136130 -0.046982 64.176816 -0.993078 -0.052849 -0.104895 0.091977 0.686508
  65 -1.126131 -0.017116 64.566826 -0.597037 0.435061 0.673995 0.091977 0.694444
  65 -1.036129 0.293087 63.976933 -0.600730 0.793041 -0.101045 0.086106 0.680556
artic_working1.bmp
  65 -1.036129 0.293087 63.976933 -0.600730 0.793041 -0.101045 0.086106 0.680556
  65 -1.126131 -0.017116 64.566826 -0.597037 0.435061 0.673995 0.091977 0.694444
  65 -1.136130 0.242963 64.336916 -0.111786 0.847408 0.519041 0.088063 0.688492
artic_working1.bmp
  65 -1.126131 -0.017116 64.566826 -0.597037 0.435061 0.673995 0.091977 0.694444
  65 -0.976131 0.012908 64.496837 0.489096 0.491490 0.720571 0.090020 0.692460
  65 -1.136130 0.242963 64.336916 -0.111786 0.847408 0.519041 0.088063 0.688492
artic_working1.bmp
  65 -1.136130 0.242963 64.336916 -0.111786 0.847408 0.519041 0.088063 0.688492
  65 -0.976131 0.012908 64.496837 0.489096 0.491490 0.720571 0.090020 0.692460
  65 -0.826130 0.243021 64.166916 0.423631 0.822242 0.380072 0.086106 0.684524
artic_working1.bmp
  65 -0.976131 0.012908 64.496837 0.489096 0.491490 0.720571 0.090020 0.692460
  65 -0.746131 -0.017014 64.266827 0.848707 0.133918 0.511627 0.088063 0.688492
  65 -0.826130 0.243021 64.166916 0.423631 0.822242 0.380072 0.086106 0.684524
artic_working1.bmp
  65 -0.826130 0.243021 64.166916 0.423631 0.822242 0.380072 0.086106 0.684524
  65 -0.746131 -0.017014 64.266827 0.848707 0.133918 0.511627 0.088063 0.688492
  65 -0.546129 0.163096 63.946890 -0.233287 0.970110 -0.066817 0.084149 0.678571
artic_working1.bmp
  65 -0.746131 -0.017014 64.266827 0.848707 0.133918 0.511627 0.088063 0.688492
  65 -0.716131 -0.336935 64.036717 -0.169043 0.427357 0.888139 0.093933 0.680556
  65 -0.546129 0.163096 63.946890 -0.233287 0.970110 -0.066817 0.084149 0.678571
artic_working1.bmp
  65 -0.546129 0.163096 63.946890 -0.233287 0.970110 -0.066817 0.084149 0.678571
  65 -0.716131 -0.336935 64.036717 -0.169043 0.427357 0.888139 0.093933 0.680556
  65 -0.636131 0.242921 64.456917 -0.936846 0.291237 -0.193652 0.084149 0.692460
artic_working1.bmp
  65 -0.716131 -0.336935 64.036717 -0.169043 0.427357 0.888139 0.093933 0.680556
  65 -0.796132 -0.267117 64.566741 -0.988988 0.143155 -0.037543 0.093933 0.694444
  65 -0.636131 0.242921 64.456917 -0.936846 0.291237 -0.193652 0.084149 0.692460
artic_working1.bmp
  65 -0.636131 0.242921 64.456917 -0.936846 0.291237 -0.193652 0.084149 0.692460
  65 -0.796132 -0.267117 64.566741 -0.988988 0.143155 -0.037543 0.093933 0.694444
  65 -0.666132 0.282742 64.976930 -0.975377 0.218631 0.028975 0.084149 0.706349
artic_working1.bmp
  65 -0.796132 -0.267117 64.566741 -0.988988 0.143155 -0.037543 0.093933 0.694444
  65 -0.756134 -0.597354 65.256628 -0.985517 -0.010593 0.169243 0.097847 0.714286
  65 -0.666132 0.282742 64.976930 -0.975377 0.218631 0.028975 0.084149 0.706349
artic_working1.bmp
  18 22.459385 -0.549449 52.072878 0.125170 0.521042 -0.844303 0.054795 0.259921
  18 20.495632 3.057212 54.192257 0.052019 0.907815 -0.416132 0.097847 0.222222
  17 29.400406 -0.304638 52.731234 -0.091107 0.659299 -0.746340 0.066536 0.380952
artic_working1.bmp
  17 29.400406 -0.304638 52.731234 -0.091107 0.659299 -0.746340 0.066536 0.380952
  18 20.495632 3.057212 54.192257 0.052019 0.907815 -0.416132 0.097847 0.222222
  17 29.571824 1.750631 54.837744 0.070830 0.996351 -0.047628 0.109589 0.388889
artic_working1.bmp
  18 20.495632 3.057212 54.192257 0.052019 0.907815 -0.416132 0.097847 0.222222
  10 23.557500 2.772229 56.197945 0.075539 0.800316 0.594801 0.133072 0.277778
  17 29.571824 1.750631 54.837744 0.070830 0.996351 -0.047628 0.109589 0.388889
artic_working1.bmp
  17 29.571824 1.750631 54.837744 0.070830 0.996351 -0.047628 0.109589 0.388889
  10 23.557500 2.772229 56.197945 0.075539 0.800316 0.594801 0.133072 0.277778
  17 29.409176 -0.387558 56.586055 0.003238 0.032852 0.999455 0.174168 0.380952
artic_working1.bmp
  10 23.557500 2.772229 56.197945 0.075539 0.800316 0.594801 0.133072 0.277778
  10 22.161997 -0.054475 57.805836 0.007349 0.149034 0.988805 0.176125 0.250000
  17 29.409176 -0.387558 56.586055 0.003238 0.032852 0.999455 0.174168 0.380952
artic_working1.bmp
  17 29.409176 -0.387558 56.586055 0.003238 0.032852 0.999455 0.174168 0.380952
  10 22.161997 -0.054475 57.805836 0.007349 0.149034 0.988805 0.176125 0.250000
  10 23.842866 -3.552973 56.646141 0.086318 -0.831635 0.548573 0.209393 0.281746
artic_working1.bmp
  10 22.161997 -0.054475 57.805836 0.007349 0.149034 0.988805 0.176125 0.250000
  10 20.027643 -3.140546 56.831822 0.015928 -0.789523 0.613514 0.209393 0.210317
  10 23.842866 -3.552973 56.646141 0.086318 -0.831635 0.548573 0.209393 0.281746
artic_working1.bmp
  10 23.842866 -3.552973 56.646141 0.086318 -0.831635 0.548573 0.209393 0.281746
  10 20.027643 -3.140546 56.831822 0.015928 -0.789523 0.613514 0.209393 0.210317
  10 20.111163 -3.228513 52.525120 -0.004233 -0.808910 -0.587918 0.291585 0.216270
artic_working1.bmp
  10 20.027643 -3.140546 56.831822 0.015928 -0.789523 0.613514 0.209393 0.210317
  9 16.494584 -3.864694 53.129161 0.108836 -0.905423 -0.410321 0.283757 0.148810
  10 20.111163 -3.228513 52.525120 -0.004233 -0.808910 -0.587918 0.291585 0.216270
artic_working1.bmp
  10 20.111163 -3.228513 52.525120 -0.004233 -0.808910 -0.587918 0.291585 0.216270
  9 16.494584 -3.864694 53.129161 0.108836 -0.905423 -0.410321 0.283757 0.148810
  9 17.733077 -0.585471 51.846807 0.057241 -0.335758 -0.940207 0.307241 0.172619
artic_working1.bmp
  9 16.494584 -3.864694 53.129161 0.108836 -0.905423 -0.410321 0.283757 0.148810
  19 12.043793 -4.310709 52.609433 0.132745 -0.877874 -0.460126 0.297456 0.065476
  9 17.733077 -0.585471 51.846807 0.057241 -0.335758 -0.940207 0.307241 0.172619
artic_working1.bmp
  9 17.733077 -0.585471 51.846807 0.057241 -0.335758 -0.940207 0.307241 0.172619
  19 12.043793 -4.310709 52.609433 0.132745 -0.877874 -0.460126 0.297456 0.065476
  19 12.462404 -0.405472 51.005786 0.285944 -0.359236 -0.888361 0.326810 0.075397
artic_working1.bmp
  19 12.043793 -4.310709 52.609433 0.132745 -0.877874 -0.460126 0.297456 0.065476
  5 8.763856 -4.271113 51.002514 0.262073 -0.706371 -0.657539 0.307241 0.019841
  19 12.462404 -0.405472 51.005786 0.285944 -0.359236 -0.888361 0.326810 0.075397
artic_working1.bmp
  19 12.462404 -0.405472 51.005786 0.285944 -0.359236 -0.888361 0.326810 0.075397
  5 8.763856 -4.271113 51.002514 0.262073 -0.706371 -0.657539 0.307241 0.019841
  5 8.653861 -0.099458 49.577349 0.314955 -0.298063 -0.901089 0.358121 0.007937
artic_working1.bmp
  67 0.233871 -1.256363 62.368404 -0.506491 -0.746820 -0.430960 0.160470 0.621032
  67 -0.146131 -1.366617 63.108365 -0.669177 -0.621163 -0.407872 0.154599 0.644841
  67 -0.466129 -0.686613 63.098598 -0.816264 -0.394272 -0.422211 0.144814 0.640873
artic_working1.bmp
  67 -0.466129 -0.686613 63.098598 -0.816264 -0.394272 -0.422211 0.144814 0.640873
  67 -0.146131 -1.366617 63.108365 -0.669177 -0.621163 -0.407872 0.154599 0.644841
  67 -0.876131 -0.706928 64.018590 -0.874001 -0.360358 -0.325982 0.136986 0.664683
artic_working1.bmp
  67 -0.146131 -1.366617 63.108365 -0.669177 -0.621163 -0.407872 0.154599 0.644841
  67 -0.586133 -1.456932 64.028333 -0.776966 -0.591087 -0.216656 0.150685 0.666667
  67 -0.876131 -0.706928 64.018590 -0.874001 -0.360358 -0.325982 0.136986 0.664683
artic_working1.bmp
  67 -0.876131 -0.706928 64.018590 -0.874001 -0.360358 -0.325982 0.136986 0.664683
  67 -0.586133 -1.456932 64.028333 -0.776966 -0.591087 -0.216656 0.150685 0.666667
  67 -0.806133 -1.087090 64.488459 -0.864155 -0.503193 0.005690 0.148728 0.676587
artic_working1.bmp
  67 -0.586133 -1.456932 64.028333 -0.776966 -0.591087 -0.216656 0.150685 0.666667
  67 -0.346135 -1.747122 64.578234 -0.626573 -0.775231 0.080149 0.164384 0.678571
  67 -0.806133 -1.087090 64.488459 -0.864155 -0.503193 0.005690 0.148728 0.676587
artic_working1.bmp
  67 -0.806133 -1.087090 64.488459 -0.864155 -0.503193 0.005690 0.148728 0.676587
  67 -0.346135 -1.747122 64.578234 -0.626573 -0.775231 0.080149 0.164384 0.678571
  67 -0.556135 -1.327279 65.038377 -0.707842 -0.689419 0.153823 0.156556 0.690476
artic_working1.bmp
  67 -0.346135 -1.747122 64.578234 -0.626573 -0.775231 0.080149 0.164384 0.678571
  67 0.073864 -1.857311 65.128197 -0.460786 -0.884696 0.070639 0.172211 0.692460
  67 -0.556135 -1.327279 65.038377 -0.707842 -0.689419 0.153823 0.156556 0.690476
artic_working1.bmp
  67 -0.556135 -1.327279 65.038377 -0.707842 -0.689419 0.153823 0.156556 0.690476
  67 0.073864 -1.857311 65.128197 -0.460786 -0.884696 0.070639 0.172211 0.692460
  67 -0.606136 -1.287372 65.308391 -0.646376 -0.758183 -0.085774 0.154599 0.696429
artic_working1.bmp
  67 0.073864 -1.857311 65.128197 -0.460786 -0.884696 0.070639 0.172211 0.692460
  67 0.123863 -1.937415 65.428169 -0.465294 -0.875840 -0.128084 0.174168 0.698413
  67 -0.606136 -1.287372 65.308391 -0.646376 -0.758183 -0.085774 0.154599 0.696429
artic_working1.bmp
  67 -0.606136 -1.287372 65.308391 -0.646376 -0.758183 -0.085774 0.154599 0.696429
  67 0.123863 -1.937415 65.428169 -0.465294 -0.875840 -0.128084 0.174168 0.698413
  67 -0.506137 -1.437479 65.618340 -0.628044 -0.727731 0.275623 0.158513 0.704365
artic_working1.bmp
  67 0.123863 -1.937415 65.428169 -0.465294 -0.875840 -0.128084 0.174168 0.698413
  67 0.193862 -1.987508 65.698152 -0.416487 -0.879446 0.230464 0.176125 0.704365
  67 -0.506137 -1.437479 65.618340 -0.628044 -0.727731 0.275623 0.158513 0.704365
artic_working1.bmp
  67 -0.506137 -1.437479 65.618340 -0.628044 -0.727731 0.275623 0.158513 0.704365
  67 0.193862 -1.987508 65.698152 -0.416487 -0.879446 0.230464 0.176125 0.704365
  67 0.213862 -1.837576 65.898204 -0.421563 -0.675042 0.605478 0.174168 0.710317
artic_working1.bmp
  67 0.193862 -1.987508 65.698152 -0.416487 -0.879446 0.230464 0.176125 0.704365
  67 0.953861 -2.177544 65.798089 -0.277045 -0.878687 0.388786 0.191781 0.706349
  67 0.213862 -1.837576 65.898204 -0.421563 -0.675042 0.605478 0.174168 0.710317
artic_working1.bmp
  67 0.213862 -1.837576 65.898204 -0.421563 -0.675042 0.605478 0.174168 0.710317
  67 0.953861 -2.177544 65.798089 -0.277045 -0.878687 0.388786 0.191781 0.706349
  67 0.963861 -2.047616 66.008133 -0.288867 -0.745398 0.600780 0.189824 0.712302
artic_working1.bmp
  31 -28.934071 -0.295087 52.742210 0.079597 0.654700 -0.751687 0.066536 0.380952
  31 -29.117564 1.761039 54.809303 -0.081649 0.994735 -0.061935 0.109589 0.388889
  32 -20.017261 3.077937 54.163058 -0.050574 0.905873 -0.420518 0.091977 0.222222
artic_working1.bmp
  32 -20.017261 3.077937 54.163058 -0.050574 0.905873 -0.420518 0.091977 0.222222
  31 -29.117564 1.761039 54.809303 -0.081649 0.994735 -0.061935 0.109589 0.388889
  24 -23.080048 2.832188 56.199777 -0.071327 0.806886 0.586386 0.133072 0.277778
artic_working1.bmp
  31 -29.117564 1.761039 54.809303 -0.081649 0.994735 -0.061935 0.109589 0.388889
  31 -28.990167 -0.399100 56.649131 -0.025673 0.034350 0.999080 0.174168 0.380952
  24 -23.080048 2.832188 56.199777 -0.071327 0.806886 0.586386 0.133072 0.277778
artic_working1.bmp
  24 -23.080048 2.832188 56.199777 -0.071327 0.806886 0.586386 0.133072 0.277778
  31 -28.990167 -0.399100 56.649131 -0.025673 0.034350 0.999080 0.174168 0.380952
  24 -21.694796 -0.035059 57.826389 -0.003481 0.150619 0.988586 0.176125 0.250000
artic_working1.bmp
  31 -28.990167 -0.399100 56.649131 -0.025673 0.034350 0.999080 0.174168 0.380952
  24 -23.374944 -3.593018 56.645148 -0.086795 -0.834956 0.543430 0.209393 0.281746
  24 -21.694796 -0.035059 57.826389 -0.003481 0.150619 0.988586 0.176125 0.250000
artic_working1.bmp
  24 -21.694796 -0.035059 57.826389 -0.003481 0.150619 0.988586 0.176125 0.250000
  24 -23.374944 -3.593018 56.645148 -0.086795 -0.834956 0.543430 0.209393 0.281746
  24 -19.559989 -3.170846 56.841076 -0.015565 -0.790705 0.612000 0.209393 0.210317
artic_working1.bmp
  24 -23.374944 -3.593018 56.645148 -0.086795 -0.834956 0.543430 0.209393 0.281746
  24 -19.642230 -3.247251 52.474670 0.005211 -0.805656 -0.592361 0.291585 0.216270
  24 -19.559989 -3.170846 56.841076 -0.015565 -0.790705 0.612000 0.209393 0.210317
artic_working1.bmp
  24 -19.559989 -3.170846 56.841076 -0.015565 -0.790705 0.612000 0.209393 0.210317
  24 -19.642230 -3.247251 52.474670 0.005211 -0.805656 -0.592361 0.291585 0.216270
  23 -16.026254 -3.883945 53.098690 -0.105301 -0.904334 -0.413633 0.283757 0.148810
artic_working1.bmp
  24 -19.642230 -3.247251 52.474670 0.005211 -0.805656 -0.592361 0.291585 0.216270
  23 -17.234474 -0.584595 51.807530 -0.054361 -0.331425 -0.941914 0.307241 0.172619
  23 -16.026254 -3.883945 53.098690 -0.105301 -0.904334 -0.413633 0.283757 0.148810
artic_working1.bmp
  23 -16.026254 -3.883945 53.098690 -0.105301 -0.904334 -0.413633 0.283757 0.148810
  23 -17.234474 -0.584595 51.807530 -0.054361 -0.331425 -0.941914 0.307241 0.172619
  33 -11.575679 -4.306887 52.593070 -0.125348 -0.875571 -0.466543 0.297456 0.065476
artic_working1.bmp
  23 -17.234474 -0.584595 51.807530 -0.054361 -0.331425 -0.941914 0.307241 0.172619
  33 -11.984409 -0.388890 50.996685 -0.265890 -0.372216 -0.889246 0.326810 0.075397
  33 -11.575679 -4.306887 52.593070 -0.125348 -0.875571 -0.466543 0.297456 0.065476
artic_working1.bmp
  33 -11.575679 -4.306887 52.593070 -0.125348 -0.875571 -0.466543 0.297456 0.065476
  33 -11.984409 -0.388890 50.996685 -0.265890 -0.372216 -0.889246 0.326810 0.075397
  5 -7.996144 -4.321205 51.102472 -0.248537 -0.717597 -0.650603 0.307241 0.019841
artic_working1.bmp
  33 -11.984409 -0.388890 50.996685 -0.265890 -0.372216 -0.889246 0.326810 0.075397
  5 -8.236140 -0.149433 49.577308 -0.311666 -0.341308 -0.886777 0.358121 0.007937
  5 -7.996144 -4.321205 51.102472 -0.248537 -0.717597 -0.650603 0.307241 0.019841
artic_working1.bmp
  54 -0.296131 -1.896440 62.595182 0.421192 -0.167262 -0.891415 0.289628 0.581349
  54 0.173870 -1.566500 62.765297 0.660401 -0.095260 -0.744847 0.301370 0.589286
  54 0.043869 -1.956475 62.695162 0.727184 -0.146570 -0.670612 0.289628 0.589286
artic_working1.bmp
  54 0.043869 -1.956475 62.695162 0.727184 -0.146570 -0.670612 0.289628 0.589286
  54 0.173870 -1.566500 62.765297 0.660401 -0.095260 -0.744847 0.301370 0.589286
  54 0.353869 -1.506603 63.065318 0.879442 -0.214623 -0.424875 0.303327 0.597222
artic_working1.bmp
  54 0.173870 -1.566500 62.765297 0.660401 -0.095260 -0.744847 0.301370 0.589286
  54 0.473870 -1.076634 63.155466 0.836675 -0.022425 -0.547241 0.311155 0.605159
  54 0.353869 -1.506603 63.065318 0.879442 -0.214623 -0.424875 0.303327 0.597222
artic_working1.bmp
  54 0.353869 -1.506603 63.065318 0.879442 -0.214623 -0.424875 0.303327 0.597222
  54 0.473870 -1.076634 63.155466 0.836675 -0.022425 -0.547241 0.311155 0.605159
  54 0.653869 -0.966748 63.485504 0.894401 -0.094096 -0.437256 0.315068 0.613095
artic_working1.bmp
  54 0.473870 -1.076634 63.155466 0.836675 -0.022425 -0.547241 0.311155 0.605159
  54 0.433871 -0.616665 63.245624 0.873012 0.179407 -0.453502 0.322896 0.607143
  54 0.653869 -0.966748 63.485504 0.894401 -0.094096 -0.437256 0.315068 0.613095
artic_working1.bmp
  54 0.653869 -0.966748 63.485504 0.894401 -0.094096 -0.437256 0.315068 0.613095
  54 0.433871 -0.616665 63.245624 0.873012 0.179407 -0.453502 0.322896 0.607143
  54 0.843869 -0.826876 63.855553 0.914301 0.054423 -0.401362 0.317025 0.623016
artic_working1.bmp
  54 0.433871 -0.616665 63.245624 0.873012 0.179407 -0.453502 0.322896 0.607143
  54 0.513870 -0.446782 63.585682 0.881719 0.298150 -0.365621 0.326810 0.615079
  54 0.843869 -0.826876 63.855553 0.914301 0.054423 -0.401362 0.317025 0.623016
artic_working1.bmp
  54 0.843869 -0.826876 63.855553 0.914301 0.054423 -0.401362 0.317025 0.623016
  54 0.513870 -0.446782 63.585682 0.881719 0.298150 -0.365621 0.326810 0.615079
  54 1.053868 -0.647075 64.435615 0.928769 -0.021868 -0.370014 0.318982 0.638889
artic_working1.bmp
  54 0.513870 -0.446782 63.585682 0.881719 0.298150 -0.365621 0.326810 0.615079
  54 0.433871 0.103153 63.775871 0.873038 0.341116 -0.348490 0.336595 0.621032
  54 1.053868 -0.647075 64.435615 0.928769 -0.021868 -0.370014 0.318982 0.638889
artic_working1.bmp
  54 1.053868 -0.647075 64.435615 0.928769 -0.021868 -0.370014 0.318982 0.638889
  54 0.433871 0.103153 63.775871 0.873038 0.341116 -0.348490 0.336595 0.621032
  54 0.813869 -0.117102 64.515796 0.862679 0.424413 -0.275060 0.328767 0.638889
artic_working1.bmp
  54 0.433871 0.103153 63.775871 0.873038 0.341116 -0.348490 0.336595 0.621032
  54 0.303871 0.453115 63.885991 0.862679 0.424413 -0.275060 0.344423 0.623016
  54 0.813869 -0.117102 64.515796 0.862679 0.424413 -0.275060 0.328767 0.638889
artic_working1.bmp
  54 0.813869 -0.117102 64.515796 0.862679 0.424413 -0.275060 0.328767 0.638889
  54 0.303871 0.453115 63.885991 0.862679 0.424413 -0.275060 0.344423 0.623016
  54 0.633869 0.242877 64.575920 -0.037242 0.866072 -0.498531 0.336595 0.638889
artic_working1.bmp
  54 0.303871 0.453115 63.885991 0.862679 0.424413 -0.275060 0.344423 0.623016
  54 0.823867 0.312598 65.385944 0.884801 0.389040 -0.256466 0.336595 0.660714
  54 0.633869 0.242877 64.575920 -0.037242 0.866072 -0.498531 0.336595 0.638889
artic_working1.bmp
  59 1.003863 -2.117280 65.030110 0.379775 -0.874613 -0.301368 0.211350 0.615079
  59 1.003865 -1.957118 64.560165 0.278722 -0.945187 -0.170105 0.211350 0.605159
  59 1.303863 -2.017315 65.130145 0.309369 -0.912331 -0.268222 0.219178 0.615079
artic_working1.bmp
  59 1.303863 -2.017315 65.130145 0.309369 -0.912331 -0.268222 0.219178 0.615079
  59 1.003865 -1.957118 64.560165 0.278722 -0.945187 -0.170105 0.211350 0.605159
  59 1.463865 -1.857140 64.620200 0.195678 -0.980271 -0.027920 0.223092 0.605159
artic_working1.bmp
  59 1.003865 -1.957118 64.560165 0.278722 -0.945187 -0.170105 0.211350 0.605159
  59 0.993865 -1.967005 64.230161 0.161465 -0.982480 0.093067 0.211350 0.601190
  59 1.463865 -1.857140 64.620200 0.195678 -0.980271 -0.027920 0.223092 0.605159
artic_working1.bmp
  59 1.463865 -1.857140 64.620200 0.195678 -0.980271 -0.027920 0.223092 0.605159
  59 0.993865 -1.967005 64.230161 0.161465 -0.982480 0.093067 0.211350 0.601190
  59 1.443865 -1.897030 64.300186 0.161465 -0.982480 0.093067 0.225049 0.601190
artic_working1.bmp
  59 0.993865 -1.967005 64.230161 0.161465 -0.982480 0.093067 0.211350 0.601190
  59 0.973866 -2.016884 63.880144 0.216409 -0.974697 -0.055969 0.209393 0.597222
  59 1.443865 -1.897030 64.300186 0.161465 -0.982480 0.093067 0.225049 0.601190
artic_working1.bmp
  59 1.443865 -1.897030 64.300186 0.161465 -0.982480 0.093067 0.225049 0.601190
  59 0.973866 -2.016884 63.880144 0.216409 -0.974697 -0.055969 0.209393 0.597222
  59 1.363866 -1.926920 63.980176 0.278213 -0.935719 -0.216860 0.221135 0.597222
artic_working1.bmp
  59 0.973866 -2.016884 63.880144 0.216409 -0.974697 -0.055969 0.209393 0.597222
  59 0.963867 -1.886761 63.520189 0.313965 -0.846595 -0.429772 0.209393 0.591270
  59 1.363866 -1.926920 63.980176 0.278213 -0.935719 -0.216860 0.221135 0.597222
artic_working1.bmp
  59 1.363866 -1.926920 63.980176 0.278213 -0.935719 -0.216860 0.221135 0.597222
  59 0.963867 -1.886761 63.520189 0.313965 -0.846595 -0.429772 0.209393 0.591270
  59 1.363867 -1.776789 63.600227 0.300561 -0.810725 -0.502383 0.223092 0.591270
artic_working1.bmp
  59 0.963867 -1.886761 63.520189 0.313965 -0.846595 -0.429772 0.209393 0.591270
  59 0.953868 -1.646658 63.220271 0.290077 -0.573728 -0.765958 0.207436 0.583333
  59 1.363867 -1.776789 63.600227 0.300561 -0.810725 -0.502383 0.223092 0.591270
artic_working1.bmp
  59 1.363867 -1.776789 63.600227 0.300561 -0.810725 -0.502383 0.223092 0.591270
  59 0.953868 -1.646658 63.220271 0.290077 -0.573728 -0.765958 0.207436 0.583333
  59 1.423868 -1.576693 63.320296 0.291907 -0.299806 -0.908244 0.219178 0.585317
artic_working1.bmp
  59 0.953868 -1.646658 63.220271 0.290077 -0.573728 -0.765958 0.207436 0.583333
  59 0.973870 -1.126647 63.190450 0.267533 0.064224 -0.961406 0.209393 0.577381
  59 1.423868 -1.576693 63.320296 0.291907 -0.299806 -0.908244 0.219178 0.585317
artic_working1.bmp
  59 1.423868 -1.576693 63.320296 0.291907 -0.299806 -0.908244 0.219178 0.585317
  59 0.973870 -1.126647 63.190450 0.267533 0.064224 -0.961406 0.209393 0.577381
  59 1.453870 -0.956707 63.360509 0.286378 0.123363 -0.950142 0.221135 0.575397
artic_working1.bmp
  59 0.973870 -1.126647 63.190450 0.267533 0.064224 -0.961406 0.209393 0.577381
  59 0.973871 -0.456699 63.340680 0.254941 0.203176 -0.945370 0.209393 0.567460
  59 1.453870 -0.956707 63.360509 0.286378 0.123363 -0.950142 0.221135 0.575397
artic_working1.bmp
  36 0.243873 2.043672 58.275992 -0.003278 -0.951271 0.308338 0.665362 0.884921
  5 0.253880 6.869861 58.805443 0.003550 -0.448201 0.893926 0.665362 0.922619
  5 -5.326123 4.479685 58.962678 -0.628280 -0.771417 0.100895 0.606654 0.894841
artic_working1.bmp
  5 -5.326123 4.479685 58.962678 -0.628280 -0.771417 0.100895 0.606654 0.894841
  5 0.253880 6.869861 58.805443 0.003550 -0.448201 0.893926 0.665362 0.922619
  5 -4.776117 8.017897 60.506781 -0.828549 0.286735 0.480925 0.612524 0.944444
artic_working1.bmp
  5 0.253880 6.869861 58.805443 0.003550 -0.448201 0.893926 0.665362 0.922619
  5 -1.956114 9.407045 61.238388 -0.140207 0.014967 0.990009 0.641879 0.954365
  5 -4.776117 8.017897 60.506781 -0.828549 0.286735 0.480925 0.612524 0.944444
artic_working1.bmp
  5 -4.776117 8.017897 60.506781 -0.828549 0.286735 0.480925 0.612524 0.944444
  5 -1.956114 9.407045 61.238388 -0.140207 0.014967 0.990009 0.641879 0.954365
  5 0.253888 10.938131 60.300161 -0.002405 0.970158 0.242461 0.663405 0.974206
artic_working1.bmp
  5 -1.956114 9.407045 61.238388 -0.140207 0.014967 0.990009 0.641879 0.954365
  5 2.493886 9.407050 61.228384 0.140864 0.014346 0.989925 0.686888 0.954365
  5 0.253888 10.938131 60.300161 -0.002405 0.970158 0.242461 0.663405 0.974206
artic_working1.bmp
  5 0.253888 10.938131 60.300161 -0.002405 0.970158 0.242461 0.663405 0.974206
  5 2.493886 9.407050 61.228384 0.140864 0.014346 0.989925 0.686888 0.954365
  5 5.383884 7.997916 60.476747 0.828891 0.296105 0.474617 0.716243 0.946429
artic_working1.bmp
  5 2.493886 9.407050 61.228384 0.140864 0.014346 0.989925 0.686888 0.954365
  5 0.253880 6.869861 58.805443 0.003550 -0.448201 0.893926 0.665362 0.922619
  5 5.383884 7.997916 60.476747 0.828891 0.296105 0.474617 0.716243 0.946429
artic_working1.bmp
  5 5.383884 7.997916 60.476747 0.828891 0.296105 0.474617 0.716243 0.946429
  5 0.253880 6.869861 58.805443 0.003550 -0.448201 0.893926 0.665362 0.922619
  5 5.973876 4.459715 58.922643 0.637037 -0.766585 0.080812 0.720157 0.894841
artic_working1.bmp
  5 0.253880 6.869861 58.805443 0.003550 -0.448201 0.893926 0.665362 0.922619
  36 0.243873 2.043672 58.275992 -0.003278 -0.951271 0.308338 0.665362 0.884921
  5 5.973876 4.459715 58.922643 0.637037 -0.766585 0.080812 0.720157 0.894841
artic_working1.bmp
  5 5.973876 4.459715 58.922643 0.637037 -0.766585 0.080812 0.720157 0.894841
  36 0.243873 2.043672 58.275992 -0.003278 -0.951271 0.308338 0.665362 0.884921
  5 0.253875 4.832668 56.383080 -0.001856 -0.774915 -0.632063 0.663405 0.865079
artic_working1.bmp
  36 0.243873 2.043672 58.275992 -0.003278 -0.951271 0.308338 0.665362 0.884921
  5 -5.326123 4.479685 58.962678 -0.628280 -0.771417 0.100895 0.606654 0.894841
  5 0.253875 4.832668 56.383080 -0.001856 -0.774915 -0.632063 0.663405 0.865079
artic_working1.bmp
  5 0.253875 4.832668 56.383080 -0.001856 -0.774915 -0.632063 0.663405 0.865079
  5 -5.326123 4.479685 58.962678 -0.628280 -0.771417 0.100895 0.606654 0.894841
  5 -3.596123 7.213970 55.265844 -0.362430 -0.806580 -0.466984 0.624266 0.847222
artic_working1.bmp
  12 31.794706 -2.837578 52.932170 -0.286769 -0.035950 -0.957325 0.007828 0.446429
  17 29.840975 -1.870889 53.481739 -0.045615 0.207283 -0.977217 0.023483 0.410714
  12 31.811557 -2.083976 52.897528 0.117900 0.318532 -0.940552 0.019569 0.446429
artic_working1.bmp
  12 31.811557 -2.083976 52.897528 0.117900 0.318532 -0.940552 0.019569 0.446429
  17 29.840975 -1.870889 53.481739 -0.045615 0.207283 -0.977217 0.023483 0.410714
  11 31.811024 0.675228 54.543310 0.354114 0.275656 -0.893654 0.064579 0.446429
artic_working1.bmp
  17 29.840975 -1.870889 53.481739 -0.045615 0.207283 -0.977217 0.023483 0.410714
  17 29.834689 1.012415 53.823969 0.275918 0.541483 -0.794144 0.076321 0.410714
  11 31.811024 0.675228 54.543310 0.354114 0.275656 -0.893654 0.064579 0.446429
artic_working1.bmp
  11 31.811024 0.675228 54.543310 0.354114 0.275656 -0.893654 0.064579 0.446429
  17 29.834689 1.012415 53.823969 0.275918 0.541483 -0.794144 0.076321 0.410714
  11 33.323059 1.279676 55.233959 0.431342 0.595423 -0.677802 0.084149 0.472222
artic_working1.bmp
  17 29.834689 1.012415 53.823969 0.275918 0.541483 -0.794144 0.076321 0.410714
  17 29.953256 0.992378 56.153442 -0.163889 0.880148 0.445512 0.099804 0.412698
  11 33.323059 1.279676 55.233959 0.431342 0.595423 -0.677802 0.084149 0.472222
artic_working1.bmp
  11 33.323059 1.279676 55.233959 0.431342 0.595423 -0.677802 0.084149 0.472222
  17 29.953256 0.992378 56.153442 -0.163889 0.880148 0.445512 0.099804 0.412698
  11 33.372675 1.242381 56.878966 0.148765 0.623093 0.767870 0.101761 0.470238
artic_working1.bmp
  17 29.953256 0.992378 56.153442 -0.163889 0.880148 0.445512 0.099804 0.412698
  17 29.939646 -1.789124 56.192971 -0.204767 -0.690510 0.693733 0.170254 0.412698
  11 33.372675 1.242381 56.878966 0.148765 0.623093 0.767870 0.101761 0.470238
artic_working1.bmp
  11 33.372675 1.242381 56.878966 0.148765 0.623093 0.767870 0.101761 0.470238
  17 29.939646 -1.789124 56.192971 -0.204767 -0.690510 0.693733 0.170254 0.412698
  11 33.392479 -2.119127 56.944285 0.063727 -0.731700 0.678641 0.172211 0.470238
artic_working1.bmp
  17 29.939646 -1.789124 56.192971 -0.204767 -0.690510 0.693733 0.170254 0.412698
  11 33.319635 -2.080872 55.236353 -0.127769 -0.978888 0.159541 0.193738 0.468254
  11 33.392479 -2.119127 56.944285 0.063727 -0.731700 0.678641 0.172211 0.470238
artic_working1.bmp
  11 33.392479 -2.119127 56.944285 0.063727 -0.731700 0.678641 0.172211 0.470238
  11 33.319635 -2.080872 55.236353 -0.127769 -0.978888 0.159541 0.193738 0.468254
  16 35.109391 -2.108136 56.016087 0.388802 -0.803472 0.450850 0.170254 0.500000
artic_working1.bmp
  11 33.319635 -2.080872 55.236353 -0.127769 -0.978888 0.159541 0.193738 0.468254
  16 34.511275 -2.097382 55.197160 0.083032 -0.993751 -0.074596 0.185910 0.494048
  16 35.109391 -2.108136 56.016087 0.388802 -0.803472 0.450850 0.170254 0.500000
artic_working1.bmp
  16 35.109391 -2.108136 56.016087 0.388802 -0.803472 0.450850 0.170254 0.500000
  16 34.511275 -2.097382 55.197160 0.083032 -0.993751 -0.074596 0.185910 0.494048
  15 36.239987 -1.646779 54.320572 0.174549 -0.973390 -0.148471 0.183953 0.525794
artic_working1.bmp
  53 0.313873 0.463335 63.244995 0.597741 -0.147477 -0.788008 0.277886 0.569444
  53 0.733872 0.423242 63.514982 0.394748 0.289684 -0.871927 0.283757 0.579365
  53 0.433871 -0.196651 63.204768 0.331437 0.269546 -0.904154 0.264188 0.573413
artic_working1.bmp
  53 0.433871 -0.196651 63.204768 0.331437 0.269546 -0.904154 0.264188 0.573413
  53 0.733872 0.423242 63.514982 0.394748 0.289684 -0.871927 0.283757 0.579365
  53 0.853871 -0.256683 63.294749 0.744703 0.040071 -0.666193 0.272016 0.585317
artic_working1.bmp
  53 0.733872 0.423242 63.514982 0.394748 0.289684 -0.871927 0.283757 0.579365
  53 1.083872 0.373193 63.654966 0.838194 -0.000223 -0.545372 0.285714 0.587302
  53 0.853871 -0.256683 63.294749 0.744703 0.040071 -0.666193 0.272016 0.585317
artic_working1.bmp
  53 0.853871 -0.256683 63.294749 0.744703 0.040071 -0.666193 0.272016 0.585317
  53 1.083872 0.373193 63.654966 0.838194 -0.000223 -0.545372 0.285714 0.587302
  53 0.853871 -0.346714 63.384718 0.929478 -0.242643 -0.277840 0.270059 0.587302
artic_working1.bmp
  53 1.083872 0.373193 63.654966 0.838194 -0.000223 -0.545372 0.285714 0.587302
  53 1.333870 0.082966 64.314866 0.925453 -0.161855 -0.342548 0.285714 0.601190
  53 0.853871 -0.346714 63.384718 0.929478 -0.242643 -0.277840 0.270059 0.587302
artic_working1.bmp
  53 0.853871 -0.346714 63.384718 0.929478 -0.242643 -0.277840 0.270059 0.587302
  53 1.333870 0.082966 64.314866 0.925453 -0.161855 -0.342548 0.285714 0.601190
  53 1.123868 -0.646958 64.094615 0.905810 -0.284331 -0.314108 0.272016 0.601190
artic_working1.bmp
  53 1.333870 0.082966 64.314866 0.925453 -0.161855 -0.342548 0.285714 0.601190
  53 1.443867 -0.267306 65.104746 0.939633 -0.247013 -0.236802 0.277886 0.619048
  53 1.123868 -0.646958 64.094615 0.905810 -0.284331 -0.314108 0.272016 0.601190
artic_working1.bmp
  53 1.123868 -0.646958 64.094615 0.905810 -0.284331 -0.314108 0.272016 0.601190
  53 1.443867 -0.267306 65.104746 0.939633 -0.247013 -0.236802 0.277886 0.619048
  53 1.183866 -1.087264 64.984464 0.883776 -0.389183 -0.259762 0.264188 0.617063
artic_working1.bmp
  53 1.443867 -0.267306 65.104746 0.939633 -0.247013 -0.236802 0.277886 0.619048
  53 1.603865 -0.437526 65.744688 0.920787 -0.284317 -0.267049 0.279843 0.638889
  53 1.183866 -1.087264 64.984464 0.883776 -0.389183 -0.259762 0.264188 0.617063
artic_working1.bmp
  53 1.183866 -1.087264 64.984464 0.883776 -0.389183 -0.259762 0.264188 0.617063
  53 1.603865 -0.437526 65.744688 0.920787 -0.284317 -0.267049 0.279843 0.638889
  53 1.303864 -1.227485 65.624416 0.883776 -0.389183 -0.259762 0.266145 0.640873
artic_working1.bmp
  53 1.603865 -0.437526 65.744688 0.920787 -0.284317 -0.267049 0.279843 0.638889
  53 1.723863 -0.567729 66.334644 0.920787 -0.284317 -0.267049 0.277886 0.654762
  53 1.303864 -1.227485 65.624416 0.883776 -0.389183 -0.259762 0.266145 0.640873
artic_working1.bmp
  53 1.303864 -1.227485 65.624416 0.883776 -0.389183 -0.259762 0.266145 0.640873
  53 1.723863 -0.567729 66.334644 0.920787 -0.284317 -0.267049 0.277886 0.654762
  53 1.503862 -1.247743 66.374410 0.876018 -0.418609 -0.239497 0.270059 0.658730
artic_working1.bmp
  30 -34.030372 -2.097438 55.192073 -0.086459 -0.994030 -0.066556 0.185910 0.494048
  25 -32.834217 -2.080657 55.214345 0.128688 -0.977501 0.167129 0.193738 0.468254
  30 -34.629600 -2.097835 55.988833 -0.393254 -0.799229 0.454515 0.170254 0.500000
artic_working1.bmp
  30 -34.629600 -2.097835 55.988833 -0.393254 -0.799229 0.454515 0.170254 0.500000
  25 -32.834217 -2.080657 55.214345 0.128688 -0.977501 0.167129 0.193738 0.468254
  25 -32.926898 -2.108872 56.924641 -0.066458 -0.729328 0.680929 0.172211 0.470238
artic_working1.bmp
  25 -32.834217 -2.080657 55.214345 0.128688 -0.977501 0.167129 0.193738 0.468254
  31 -29.475399 -1.798705 56.163583 0.205590 -0.689377 0.694616 0.170254 0.412698
  25 -32.926898 -2.108872 56.924641 -0.066458 -0.729328 0.680929 0.172211 0.470238
artic_working1.bmp
  25 -32.926898 -2.108872 56.924641 -0.066458 -0.729328 0.680929 0.172211 0.470238
  31 -29.475399 -1.798705 56.163583 0.205590 -0.689377 0.694616 0.170254 0.412698
  25 -32.918101 1.262826 56.850645 -0.154030 0.625286 0.765044 0.101761 0.470238
artic_working1.bmp
  31 -29.475399 -1.798705 56.163583 0.205590 -0.689377 0.694616 0.170254 0.412698
  31 -29.489011 0.992794 56.124266 0.165770 0.878904 0.447267 0.099804 0.412698
  25 -32.918101 1.262826 56.850645 -0.154030 0.625286 0.765044 0.101761 0.470238
artic_working1.bmp
  25 -32.918101 1.262826 56.850645 -0.154030 0.625286 0.765044 0.101761 0.470238
  31 -29.489011 0.992794 56.124266 0.165770 0.878904 0.447267 0.099804 0.412698
  25 -32.838670 1.300058 55.202342 -0.434979 0.589611 -0.680553 0.084149 0.472222
artic_working1.bmp
  31 -29.489011 0.992794 56.124266 0.165770 0.878904 0.447267 0.099804 0.412698
  31 -29.378863 1.022175 53.825483 -0.273622 0.537412 -0.797696 0.076321 0.410714
  25 -32.838670 1.300058 55.202342 -0.434979 0.589611 -0.680553 0.084149 0.472222
artic_working1.bmp
  25 -32.838670 1.300058 55.202342 -0.434979 0.589611 -0.680553 0.084149 0.472222
  31 -29.378863 1.022175 53.825483 -0.273622 0.537412 -0.797696 0.076321 0.410714
  25 -31.344396 0.675316 54.533431 -0.351119 0.270635 -0.896366 0.064579 0.446429
artic_working1.bmp
  31 -29.378863 1.022175 53.825483 -0.273622 0.537412 -0.797696 0.076321 0.410714
  31 -29.375684 -1.870906 53.472535 0.046407 0.209446 -0.976718 0.023483 0.410714
  25 -31.344396 0.675316 54.533431 -0.351119 0.270635 -0.896366 0.064579 0.446429
artic_working1.bmp
  25 -31.344396 0.675316 54.533431 -0.351119 0.270635 -0.896366 0.064579 0.446429
  31 -29.375684 -1.870906 53.472535 0.046407 0.209446 -0.976718 0.023483 0.410714
  26 -31.318088 -2.063423 52.901002 -0.118020 0.317944 -0.940735 0.019569 0.446429
artic_working1.bmp
  31 -29.375684 -1.870906 53.472535 0.046407 0.209446 -0.976718 0.023483 0.410714
  26 -31.309686 -2.820327 52.931441 0.286267 -0.033722 -0.957556 0.007828 0.446429
  26 -31.318088 -2.063423 52.901002 -0.118020 0.317944 -0.940735 0.019569 0.446429
artic_working1.bmp
  37 -2.014174 6.334865 40.249921 -0.136959 0.953400 0.268831 0.547945 0.583333
  2 -4.266139 5.219601 41.737274 -0.504741 0.815857 0.282160 0.600783 0.603175
  38 2.230612 6.480828 39.965299 0.129751 0.926931 0.352084 0.493151 0.583333
artic_working1.bmp
  38 2.230612 6.480828 39.965299 0.129751 0.926931 0.352084 0.493151 0.583333
  2 -4.266139 5.219601 41.737274 -0.504741 0.815857 0.282160 0.600783 0.603175
  2 4.913860 5.229577 41.747276 0.083263 0.986531 0.140795 0.440313 0.603175
artic_working1.bmp
  2 -4.266139 5.219601 41.737274 -0.504741 0.815857 0.282160 0.600783 0.603175
  2 -4.256137 5.447357 43.807523 -0.396147 0.899678 -0.183433 0.600783 0.632937
  2 4.913860 5.229577 41.747276 0.083263 0.986531 0.140795 0.440313 0.603175
artic_working1.bmp
  2 4.913860 5.229577 41.747276 0.083263 0.986531 0.140795 0.440313 0.603175
  2 -4.256137 5.447357 43.807523 -0.396147 0.899678 -0.183433 0.600783 0.632937
  2 4.913863 5.457333 43.817524 -0.000666 0.992486 -0.122353 0.440313 0.632937
artic_working1.bmp
  2 -4.256137 5.447357 43.807523 -0.396147 0.899678 -0.183433 0.600783 0.632937
  3 -5.316134 5.787718 46.386726 -0.442157 0.865669 -0.234765 0.604697 0.666667
  2 4.913863 5.457333 43.817524 -0.000666 0.992486 -0.122353 0.440313 0.632937
artic_working1.bmp
  2 4.913863 5.457333 43.817524 -0.000666 0.992486 -0.122353 0.440313 0.632937
  3 -5.316134 5.787718 46.386726 -0.442157 0.865669 -0.234765 0.604697 0.666667
  3 6.203866 5.797511 46.556726 0.041213 0.995101 -0.089866 0.430528 0.668651
artic_working1.bmp
  3 -5.316134 5.787718 46.386726 -0.442157 0.865669 -0.234765 0.604697 0.666667
  5 0.253873 6.567571 52.155088 -0.000075 0.986387 0.164439 0.518591 0.744048
  3 6.203866 5.797511 46.556726 0.041213 0.995101 -0.089866 0.430528 0.668651
artic_working1.bmp
  3 6.203866 5.797511 46.556726 0.041213 0.995101 -0.089866 0.430528 0.668651
  5 0.253873 6.567571 52.155088 -0.000075 0.986387 0.164439 0.518591 0.744048
  5 7.793871 5.628743 51.133992 0.212442 0.949286 0.231785 0.418787 0.730159
artic_working1.bmp
  5 0.253873 6.567571 52.155088 -0.000075 0.986387 0.164439 0.518591 0.744048
  8 6.666981 3.553228 57.387430 0.223827 0.899588 0.375025 0.434442 0.813492
  5 7.793871 5.628743 51.133992 0.212442 0.949286 0.231785 0.418787 0.730159
artic_working1.bmp
  5 7.793871 5.628743 51.133992 0.212442 0.949286 0.231785 0.418787 0.730159
  8 6.666981 3.553228 57.387430 0.223827 0.899588 0.375025 0.434442 0.813492
  21 8.736737 4.606950 52.767357 0.289647 0.897099 0.333643 0.407045 0.751984
artic_working1.bmp
  8 6.666981 3.553228 57.387430 0.223827 0.899588 0.375025 0.434442 0.813492
  20 9.838682 2.550857 57.921876 0.237276 0.918886 0.315195 0.391389 0.821429
  21 8.736737 4.606950 52.767357 0.289647 0.897099 0.333643 0.407045 0.751984
artic_working1.bmp
  53 0.433871 -0.196651 63.204768 0.331437 0.269546 -0.904154 0.264188 0.573413
  53 0.853871 -0.256683 63.294749 0.744703 0.040071 -0.666193 0.272016 0.585317
  53 0.583870 -0.956579 62.994507 0.655810 -0.012481 -0.754823 0.252446 0.579365
artic_working1.bmp
  53 0.583870 -0.956579 62.994507 0.655810 -0.012481 -0.754823 0.252446 0.579365
  53 0.853871 -0.256683 63.294749 0.744703 0.040071 -0.666193 0.272016 0.585317
  53 0.563870 -1.056607 63.074473 0.906676 -0.386507 -0.168969 0.250489 0.581349
artic_working1.bmp
  53 0.853871 -0.256683 63.294749 0.744703 0.040071 -0.666193 0.272016 0.585317
  53 0.853871 -0.346714 63.384718 0.929478 -0.242643 -0.277840 0.270059 0.587302
  53 0.563870 -1.056607 63.074473 0.906676 -0.386507 -0.168969 0.250489 0.581349
artic_working1.bmp
  53 0.563870 -1.056607 63.074473 0.906676 -0.386507 -0.168969 0.250489 0.581349
  53 0.853871 -0.346714 63.384718 0.929478 -0.242643 -0.277840 0.270059 0.587302
  53 0.513869 -1.166648 63.194435 0.876018 -0.418609 -0.239497 0.246575 0.583333
artic_working1.bmp
  53 0.853871 -0.346714 63.384718 0.929478 -0.242643 -0.277840 0.270059 0.587302
  53 1.123868 -0.646958 64.094615 0.905810 -0.284331 -0.314108 0.272016 0.601190
  53 0.513869 -1.166648 63.194435 0.876018 -0.418609 -0.239497 0.246575 0.583333
artic_working1.bmp
  53 0.513869 -1.166648 63.194435 0.876018 -0.418609 -0.239497 0.246575 0.583333
  53 1.123868 -0.646958 64.094615 0.905810 -0.284331 -0.314108 0.272016 0.601190
  53 0.573867 -1.636878 63.864274 0.720231 -0.604328 -0.340668 0.262231 0.603175
artic_working1.bmp
  53 1.123868 -0.646958 64.094615 0.905810 -0.284331 -0.314108 0.272016 0.601190
  53 1.183866 -1.087264 64.984464 0.883776 -0.389183 -0.259762 0.264188 0.617063
  53 0.573867 -1.636878 63.864274 0.720231 -0.604328 -0.340668 0.262231 0.603175
artic_working1.bmp
  53 0.573867 -1.636878 63.864274 0.720231 -0.604328 -0.340668 0.262231 0.603175
  53 1.183866 -1.087264 64.984464 0.883776 -0.389183 -0.259762 0.264188 0.617063
  53 0.593864 -1.977184 64.754157 0.551643 -0.818081 -0.162582 0.258317 0.621032
artic_working1.bmp
  53 1.183866 -1.087264 64.984464 0.883776 -0.389183 -0.259762 0.264188 0.617063
  53 1.303864 -1.227485 65.624416 0.883776 -0.389183 -0.259762 0.266145 0.640873
  53 0.593864 -1.977184 64.754157 0.551643 -0.818081 -0.162582 0.258317 0.621032
artic_working1.bmp
  53 0.593864 -1.977184 64.754157 0.551643 -0.818081 -0.162582 0.258317 0.621032
  53 1.303864 -1.227485 65.624416 0.883776 -0.389183 -0.259762 0.266145 0.640873
  53 0.933862 -1.907491 65.644181 0.751319 -0.626863 -0.206305 0.258317 0.644841
artic_working1.bmp
  53 1.303864 -1.227485 65.624416 0.883776 -0.389183 -0.259762 0.266145 0.640873
  53 1.503862 -1.247743 66.374410 0.876018 -0.418609 -0.239497 0.270059 0.658730
  53 0.933862 -1.907491 65.644181 0.751319 -0.626863 -0.206305 0.258317 0.644841
artic_working1.bmp
  57 0.373868 -2.056608 63.078129 -0.793757 -0.107504 -0.598659 0.121331 0.587302
  57 0.063868 -1.616741 63.468279 -0.827598 -0.073120 -0.556538 0.107632 0.603175
  57 0.583869 -1.626539 62.878277 -0.712129 -0.068355 -0.698713 0.107632 0.587302
artic_working1.bmp
  57 0.583869 -1.626539 62.878277 -0.712129 -0.068355 -0.698713 0.107632 0.587302
  57 0.063868 -1.616741 63.468279 -0.827598 -0.073120 -0.556538 0.107632 0.603175
  57 0.413870 -1.216553 62.918417 -0.827598 -0.073120 -0.556538 0.095890 0.591270
artic_working1.bmp
  57 0.063868 -1.616741 63.468279 -0.827598 -0.073120 -0.556538 0.107632 0.603175
  57 0.093869 -1.156748 63.488437 -0.899560 0.073104 -0.430636 0.095890 0.603175
  57 0.413870 -1.216553 62.918417 -0.827598 -0.073120 -0.556538 0.095890 0.591270
artic_working1.bmp
  57 0.413870 -1.216553 62.918417 -0.827598 -0.073120 -0.556538 0.095890 0.591270
  57 0.093869 -1.156748 63.488437 -0.899560 0.073104 -0.430636 0.095890 0.603175
  57 0.283870 -0.816611 63.088555 -0.899560 0.073104 -0.430636 0.086106 0.597222
artic_working1.bmp
  57 0.093869 -1.156748 63.488437 -0.899560 0.073104 -0.430636 0.095890 0.603175
  57 -0.036132 -1.096861 63.818458 -0.928319 0.177263 -0.326806 0.095890 0.611111
  57 0.283870 -0.816611 63.088555 -0.899560 0.073104 -0.430636 0.086106 0.597222
artic_working1.bmp
  57 0.283870 -0.816611 63.088555 -0.899560 0.073104 -0.430636 0.086106 0.597222
  57 -0.036132 -1.096861 63.818458 -0.928319 0.177263 -0.326806 0.095890 0.611111
  57 0.383871 -0.286649 63.198737 -0.904165 0.246673 -0.348766 0.074364 0.601190
artic_working1.bmp
  57 -0.036132 -1.096861 63.818458 -0.928319 0.177263 -0.326806 0.095890 0.611111
  57 0.063869 -0.326920 63.988723 -0.913051 0.286504 -0.290265 0.078278 0.617063
  57 0.383871 -0.286649 63.198737 -0.904165 0.246673 -0.348766 0.074364 0.601190
artic_working1.bmp
  57 0.383871 -0.286649 63.198737 -0.904165 0.246673 -0.348766 0.074364 0.601190
  57 0.063869 -0.326920 63.988723 -0.913051 0.286504 -0.290265 0.078278 0.617063
  57 0.483872 0.193299 63.348902 -0.907834 0.325729 -0.264081 0.062622 0.607143
artic_working1.bmp
  57 0.063869 -0.326920 63.988723 -0.913051 0.286504 -0.290265 0.078278 0.617063
  57 0.233870 0.073028 64.138860 -0.886979 0.389634 -0.247897 0.070450 0.621032
  57 0.483872 0.193299 63.348902 -0.907834 0.325729 -0.264081 0.062622 0.607143
artic_working1.bmp
  57 0.483872 0.193299 63.348902 -0.907834 0.325729 -0.264081 0.062622 0.607143
  57 0.233870 0.073028 64.138860 -0.886979 0.389634 -0.247897 0.070450 0.621032
  57 0.023868 0.202709 65.068905 -0.907834 0.325729 -0.264081 0.072407 0.642857
artic_working1.bmp
  57 0.233870 0.073028 64.138860 -0.886979 0.389634 -0.247897 0.070450 0.621032
  57 -0.236133 -0.007428 65.468832 -0.418162 0.831104 -0.366615 0.082192 0.654762
  57 0.023868 0.202709 65.068905 -0.907834 0.325729 -0.264081 0.072407 0.642857
artic_working1.bmp
  58 1.243870 -0.766637 63.159574 -0.572049 -0.317011 -0.756481 0.180039 0.561508
  58 0.553870 -0.876684 63.299535 -0.266284 0.209943 -0.940753 0.154599 0.571429
  58 0.643871 -0.166705 63.359779 -0.534157 -0.181878 -0.825589 0.140900 0.563492
artic_working1.bmp
  58 0.643871 -0.166705 63.359779 -0.534157 -0.181878 -0.825589 0.140900 0.563492
  58 0.553870 -0.876684 63.299535 -0.266284 0.209943 -0.940753 0.154599 0.571429
  58 0.233871 -0.196783 63.589768 -0.421569 0.099231 -0.901351 0.135029 0.577381
artic_working1.bmp
  58 0.553870 -0.876684 63.299535 -0.266284 0.209943 -0.940753 0.154599 0.571429
  58 0.143870 -0.936704 63.359513 -0.718795 0.003856 -0.695212 0.146771 0.579365
  58 0.233871 -0.196783 63.589768 -0.421569 0.099231 -0.901351 0.135029 0.577381
artic_working1.bmp
  58 0.233871 -0.196783 63.589768 -0.421569 0.099231 -0.901351 0.135029 0.577381
  58 0.143870 -0.936704 63.359513 -0.718795 0.003856 -0.695212 0.146771 0.579365
  58 -0.126130 -0.226823 63.709756 -0.707183 0.068043 -0.703748 0.133072 0.585317
artic_working1.bmp
  58 0.143870 -0.936704 63.359513 -0.718795 0.003856 -0.695212 0.146771 0.579365
  58 0.143869 -1.056745 63.479472 -0.909203 -0.305511 -0.282867 0.148728 0.581349
  58 -0.126130 -0.226823 63.709756 -0.707183 0.068043 -0.703748 0.133072 0.585317
artic_working1.bmp
  58 -0.126130 -0.226823 63.709756 -0.707183 0.068043 -0.703748 0.133072 0.585317
  58 0.143869 -1.056745 63.479472 -0.909203 -0.305511 -0.282867 0.148728 0.581349
  58 -0.446132 -0.547067 64.419646 -0.897024 -0.266295 -0.352753 0.129159 0.601190
artic_working1.bmp
  58 0.143869 -1.056745 63.479472 -0.909203 -0.305511 -0.282867 0.148728 0.581349
  58 -0.026134 -1.536999 64.219306 -0.860502 -0.403152 -0.311456 0.144814 0.599206
  58 -0.446132 -0.547067 64.419646 -0.897024 -0.266295 -0.352753 0.129159 0.601190
artic_working1.bmp
  58 -0.446132 -0.547067 64.419646 -0.897024 -0.266295 -0.352753 0.129159 0.601190
  58 -0.026134 -1.536999 64.219306 -0.860502 -0.403152 -0.311456 0.144814 0.599206
  58 -0.476135 -0.967352 65.249501 -0.934716 -0.290960 -0.204079 0.131115 0.619048
artic_working1.bmp
  58 -0.026134 -1.536999 64.219306 -0.860502 -0.403152 -0.311456 0.144814 0.599206
  58 -0.106136 -1.837270 65.009203 -0.895611 -0.376024 -0.237671 0.150685 0.617063
  58 -0.476135 -0.967352 65.249501 -0.934716 -0.290960 -0.204079 0.131115 0.619048
artic_working1.bmp
  58 -0.476135 -0.967352 65.249501 -0.934716 -0.290960 -0.204079 0.131115 0.619048
  58 -0.106136 -1.837270 65.009203 -0.895611 -0.376024 -0.237671 0.150685 0.617063
  58 -0.566136 -1.067551 65.829467 -0.942858 -0.251005 -0.219125 0.127202 0.636905
artic_working1.bmp
  58 -0.106136 -1.837270 65.009203 -0.895611 -0.376024 -0.237671 0.150685 0.617063
  58 -0.256138 -1.857486 65.639196 -0.934716 -0.290960 -0.204079 0.142857 0.636905
  58 -0.566136 -1.067551 65.829467 -0.942858 -0.251005 -0.219125 0.127202 0.636905
artic_working1.bmp
  59 0.973871 -0.456699 63.340680 -0.189722 0.188424 -0.963588 0.209393 0.567460
  59 0.973870 -1.126647 63.190450 -0.009028 0.055443 -0.998421 0.209393 0.577381
  59 0.413870 -0.986656 63.220497 -0.161440 0.101727 -0.981626 0.193738 0.575397
artic_working1.bmp
  59 0.413870 -0.986656 63.220497 -0.161440 0.101727 -0.981626 0.193738 0.575397
  59 0.973870 -1.126647 63.190450 -0.009028 0.055443 -0.998421 0.209393 0.577381
  59 0.453869 -1.606653 63.210284 -0.200232 -0.430147 -0.880273 0.197652 0.583333
artic_working1.bmp
  59 0.973870 -1.126647 63.190450 -0.009028 0.055443 -0.998421 0.209393 0.577381
  59 0.953868 -1.646658 63.220271 -0.053467 -0.587228 -0.807654 0.207436 0.583333
  59 0.453869 -1.606653 63.210284 -0.200232 -0.430147 -0.880273 0.197652 0.583333
artic_working1.bmp
  59 0.453869 -1.606653 63.210284 -0.200232 -0.430147 -0.880273 0.197652 0.583333
  59 0.953868 -1.646658 63.220271 -0.053467 -0.587228 -0.807654 0.207436 0.583333
  59 0.463867 -1.826756 63.510208 -0.215930 -0.843703 -0.491467 0.193738 0.591270
artic_working1.bmp
  59 0.953868 -1.646658 63.220271 -0.053467 -0.587228 -0.807654 0.207436 0.583333
  59 0.963867 -1.886761 63.520189 -0.086592 -0.887983 -0.451650 0.209393 0.591270
  59 0.463867 -1.826756 63.510208 -0.215930 -0.843703 -0.491467 0.193738 0.591270
artic_working1.bmp
  59 0.463867 -1.826756 63.510208 -0.215930 -0.843703 -0.491467 0.193738 0.591270
  59 0.963867 -1.886761 63.520189 -0.086592 -0.887983 -0.451650 0.209393 0.591270
  59 0.483866 -1.996890 63.900150 -0.182222 -0.973682 -0.136887 0.195695 0.597222
artic_working1.bmp
  59 0.963867 -1.886761 63.520189 -0.086592 -0.887983 -0.451650 0.209393 0.591270
  59 0.973866 -2.016884 63.880144 -0.029412 -0.998801 -0.039124 0.209393 0.597222
  59 0.483866 -1.996890 63.900150 -0.182222 -0.973682 -0.136887 0.195695 0.597222
artic_working1.bmp
  59 0.483866 -1.996890 63.900150 -0.182222 -0.973682 -0.136887 0.195695 0.597222
  59 0.973866 -2.016884 63.880144 -0.029412 -0.998801 -0.039124 0.209393 0.597222
  59 0.693865 -1.977004 64.230157 -0.094876 -0.990055 0.103877 0.201566 0.601190
artic_working1.bmp
  59 0.973866 -2.016884 63.880144 -0.029412 -0.998801 -0.039124 0.209393 0.597222
  59 0.993865 -1.967005 64.230161 0.001894 -0.996501 0.083560 0.211350 0.601190
  59 0.693865 -1.977004 64.230157 -0.094876 -0.990055 0.103877 0.201566 0.601190
artic_working1.bmp
  59 0.693865 -1.977004 64.230157 -0.094876 -0.990055 0.103877 0.201566 0.601190
  59 0.993865 -1.967005 64.230161 0.001894 -0.996501 0.083560 0.211350 0.601190
  59 0.693865 -1.947128 64.590167 -0.151340 -0.973668 -0.170489 0.201566 0.607143
artic_working1.bmp
  59 0.993865 -1.967005 64.230161 0.001894 -0.996501 0.083560 0.211350 0.601190
  59 1.003865 -1.957118 64.560165 -0.008619 -0.968318 -0.249570 0.211350 0.605159
  59 0.693865 -1.947128 64.590167 -0.151340 -0.973668 -0.170489 0.201566 0.607143
artic_working1.bmp
  60 -0.506136 -2.017146 64.651140 0.264941 -0.910174 0.318417 0.209393 0.682540
  60 -0.536135 -2.196944 64.061078 -0.066446 -0.966070 0.249586 0.207436 0.674603
  60 -0.476135 -2.166944 64.061089 0.428446 -0.867463 0.252868 0.209393 0.674603
artic_working1.bmp
  60 -0.476135 -2.166944 64.061089 0.428446 -0.867463 0.252868 0.209393 0.674603
  60 -0.536135 -2.196944 64.061078 -0.066446 -0.966070 0.249586 0.207436 0.674603
  60 -0.496134 -2.336768 63.551031 -0.390380 -0.894671 0.217181 0.209393 0.666667
artic_working1.bmp
  60 -0.536135 -2.196944 64.061078 -0.066446 -0.966070 0.249586 0.207436 0.674603
  60 -0.626135 -2.146947 64.071095 -0.569778 -0.807335 0.153501 0.205479 0.674603
  60 -0.496134 -2.336768 63.551031 -0.390380 -0.894671 0.217181 0.209393 0.666667
artic_working1.bmp
  60 -0.496134 -2.336768 63.551031 -0.390380 -0.894671 0.217181 0.209393 0.666667
  60 -0.626135 -2.146947 64.071095 -0.569778 -0.807335 0.153501 0.205479 0.674603
  60 -0.716133 -2.186696 63.341082 -0.680780 -0.712932 0.168128 0.203523 0.660714
artic_working1.bmp
  60 -0.626135 -2.146947 64.071095 -0.569778 -0.807335 0.153501 0.205479 0.674603
  60 -0.876134 -2.006864 63.831143 -0.846519 -0.525778 0.083450 0.199609 0.670635
  60 -0.716133 -2.186696 63.341082 -0.680780 -0.712932 0.168128 0.203523 0.660714
artic_working1.bmp
  60 -0.716133 -2.186696 63.341082 -0.680780 -0.712932 0.168128 0.203523 0.660714
  60 -0.876134 -2.006864 63.831143 -0.846519 -0.525778 0.083450 0.199609 0.670635
  60 -0.866132 -2.046620 63.121129 -0.828593 -0.491941 -0.267259 0.199609 0.656746
artic_working1.bmp
  60 -0.876134 -2.006864 63.831143 -0.846519 -0.525778 0.083450 0.199609 0.670635
  60 -0.936132 -1.746671 63.271232 -0.938934 -0.310172 0.148984 0.197652 0.656746
  60 -0.866132 -2.046620 63.121129 -0.828593 -0.491941 -0.267259 0.199609 0.656746
artic_working1.bmp
  60 -0.866132 -2.046620 63.121129 -0.828593 -0.491941 -0.267259 0.199609 0.656746
  60 -0.936132 -1.746671 63.271232 -0.938934 -0.310172 0.148984 0.197652 0.656746
  60 -1.046131 -1.606613 63.101280 -0.901618 -0.432470 -0.007448 0.195695 0.652778
artic_working1.bmp
  60 -0.936132 -1.746671 63.271232 -0.938934 -0.310172 0.148984 0.197652 0.656746
  60 -1.126131 -1.346671 63.271369 -0.725499 -0.688194 0.006345 0.191781 0.652778
  60 -1.046131 -1.606613 63.101280 -0.901618 -0.432470 -0.007448 0.195695 0.652778
artic_working1.bmp
  60 -1.046131 -1.606613 63.101280 -0.901618 -0.432470 -0.007448 0.195695 0.652778
  60 -1.126131 -1.346671 63.271369 -0.725499 -0.688194 0.006345 0.191781 0.652778
  60 -1.246130 -1.216612 63.101414 -0.783704 -0.614186 -0.092647 0.187867 0.648810
artic_working1.bmp
  60 -1.126131 -1.346671 63.271369 -0.725499 -0.688194 0.006345 0.191781 0.652778
  60 -1.426132 -1.306804 63.661382 -0.461272 -0.855000 -0.237070 0.176125 0.660714
  60 -1.246130 -1.216612 63.101414 -0.783704 -0.614186 -0.092647 0.187867 0.648810
artic_working1.bmp
  61 0.543862 -1.477702 66.262328 0.777269 -0.448789 0.440955 0.268102 0.738095
  61 0.763863 -1.867431 65.472195 0.783927 -0.479392 0.394514 0.270059 0.718254
  61 0.943864 -0.647548 65.812614 0.928299 -0.162164 0.334611 0.287671 0.730159
artic_working1.bmp
  61 0.943864 -0.647548 65.812614 0.928299 -0.162164 0.334611 0.287671 0.730159
  61 0.763863 -1.867431 65.472195 0.783927 -0.479392 0.394514 0.270059 0.718254
  61 1.263866 -0.997257 64.962495 0.965762 -0.140683 0.217972 0.287671 0.706349
artic_working1.bmp
  61 0.763863 -1.867431 65.472195 0.783927 -0.479392 0.394514 0.270059 0.718254
  61 0.893864 -2.197112 64.542082 0.843829 -0.534027 0.052612 0.273973 0.700397
  61 1.263866 -0.997257 64.962495 0.965762 -0.140683 0.217972 0.287671 0.706349
artic_working1.bmp
  61 1.263866 -0.997257 64.962495 0.965762 -0.140683 0.217972 0.287671 0.706349
  61 0.893864 -2.197112 64.542082 0.843829 -0.534027 0.052612 0.273973 0.700397
  61 1.343868 -0.687003 64.222602 0.979392 -0.134680 -0.150505 0.293542 0.688492
artic_working1.bmp
  61 0.893864 -2.197112 64.542082 0.843829 -0.534027 0.052612 0.273973 0.700397
  61 0.803865 -2.207008 64.242078 0.815078 -0.504999 -0.283943 0.272016 0.692460
  61 1.343868 -0.687003 64.222602 0.979392 -0.134680 -0.150505 0.293542 0.688492
artic_working1.bmp
  61 1.343868 -0.687003 64.222602 0.979392 -0.134680 -0.150505 0.293542 0.688492
  61 0.803865 -2.207008 64.242078 0.815078 -0.504999 -0.283943 0.272016 0.692460
  61 1.213869 -0.676893 63.902605 0.953721 -0.190165 -0.232924 0.293542 0.678571
artic_working1.bmp
  61 0.803865 -2.207008 64.242078 0.815078 -0.504999 -0.283943 0.272016 0.692460
  61 0.693866 -2.206909 63.952078 0.862522 -0.496264 -0.098881 0.270059 0.684524
  61 1.213869 -0.676893 63.902605 0.953721 -0.190165 -0.232924 0.293542 0.678571
artic_working1.bmp
  61 1.213869 -0.676893 63.902605 0.953721 -0.190165 -0.232924 0.293542 0.678571
  61 0.693866 -2.206909 63.952078 0.862522 -0.496264 -0.098881 0.270059 0.684524
  61 0.863867 -1.826765 63.532209 0.936410 -0.339269 -0.089627 0.279843 0.674603
artic_working1.bmp
  61 0.693866 -2.206909 63.952078 0.862522 -0.496264 -0.098881 0.270059 0.684524
  61 0.523866 -2.466795 63.621988 0.847399 -0.529361 -0.041140 0.264188 0.676587
  61 0.863867 -1.826765 63.532209 0.936410 -0.339269 -0.089627 0.279843 0.674603
artic_working1.bmp
  61 0.863867 -1.826765 63.532209 0.936410 -0.339269 -0.089627 0.279843 0.674603
  61 0.523866 -2.466795 63.621988 0.847399 -0.529361 -0.041140 0.264188 0.676587
  61 0.683867 -2.126658 63.222105 0.880956 -0.455111 -0.129579 0.272016 0.666667
artic_working1.bmp
  61 0.523866 -2.466795 63.621988 0.847399 -0.529361 -0.041140 0.264188 0.676587
  61 0.333866 -2.686684 63.301912 0.839163 -0.527066 -0.134190 0.262231 0.670635
  61 0.683867 -2.126658 63.222105 0.880956 -0.455111 -0.129579 0.272016 0.666667
artic_working1.bmp
  66 0.163862 -2.367342 65.217022 -0.672093 -0.606573 0.424689 0.156556 0.708333
  66 -0.426136 -1.907234 64.907178 -0.852894 -0.509523 0.113833 0.140900 0.700397
  66 0.133863 -2.517263 64.986970 -0.736580 -0.653092 0.175841 0.156556 0.702381
artic_working1.bmp
  66 0.133863 -2.517263 64.986970 -0.736580 -0.653092 0.175841 0.156556 0.702381
  66 -0.426136 -1.907234 64.907178 -0.852894 -0.509523 0.113833 0.140900 0.700397
  66 0.093863 -2.417153 64.667004 -0.709704 -0.694835 -0.116296 0.156556 0.694444
artic_working1.bmp
  66 -0.426136 -1.907234 64.907178 -0.852894 -0.509523 0.113833 0.140900 0.700397
  66 -0.346135 -1.947135 64.617165 -0.837314 -0.495140 -0.231823 0.142857 0.694444
  66 0.093863 -2.417153 64.667004 -0.709704 -0.694835 -0.116296 0.156556 0.694444
artic_working1.bmp
  66 0.093863 -2.417153 64.667004 -0.709704 -0.694835 -0.116296 0.156556 0.694444
  66 -0.346135 -1.947135 64.617165 -0.837314 -0.495140 -0.231823 0.142857 0.694444
  66 0.203864 -2.427054 64.377001 -0.709704 -0.694835 -0.116296 0.158513 0.688492
artic_working1.bmp
  66 -0.346135 -1.947135 64.617165 -0.837314 -0.495140 -0.231823 0.142857 0.694444
  66 -0.236135 -1.967025 64.297158 -0.863763 -0.491589 -0.110697 0.144814 0.686508
  66 0.203864 -2.427054 64.377001 -0.709704 -0.694835 -0.116296 0.158513 0.688492
artic_working1.bmp
  66 0.203864 -2.427054 64.377001 -0.709704 -0.694835 -0.116296 0.158513 0.688492
  66 -0.236135 -1.967025 64.297158 -0.863763 -0.491589 -0.110697 0.144814 0.686508
  66 -0.036134 -2.236898 63.927066 -0.839554 -0.540279 -0.056985 0.150685 0.676587
artic_working1.bmp
  66 -0.236135 -1.967025 64.297158 -0.863763 -0.491589 -0.110697 0.144814 0.686508
  66 -0.366133 -1.556863 63.827299 -0.940408 -0.303507 -0.153352 0.135029 0.672619
  66 -0.036134 -2.236898 63.927066 -0.839554 -0.540279 -0.056985 0.150685 0.676587
artic_working1.bmp
  66 -0.036134 -2.236898 63.927066 -0.839554 -0.540279 -0.056985 0.150685 0.676587
  66 -0.366133 -1.556863 63.827299 -0.940408 -0.303507 -0.153352 0.135029 0.672619
  66 -0.166133 -1.876750 63.497189 -0.899264 -0.350741 -0.261353 0.138943 0.664683
artic_working1.bmp
  66 -0.366133 -1.556863 63.827299 -0.940408 -0.303507 -0.153352 0.135029 0.672619
  66 -0.396131 -1.106726 63.427453 -0.926608 -0.220661 -0.304477 0.127202 0.660714
  66 -0.166133 -1.876750 63.497189 -0.899264 -0.350741 -0.261353 0.138943 0.664683
artic_working1.bmp
  66 -0.166133 -1.876750 63.497189 -0.899264 -0.350741 -0.261353 0.138943 0.664683
  66 -0.396131 -1.106726 63.427453 -0.926608 -0.220661 -0.304477 0.127202 0.660714
  66 0.153869 -1.766476 62.697228 -0.872624 -0.288784 -0.393867 0.142857 0.644841
artic_working1.bmp
  66 -0.396131 -1.106726 63.427453 -0.926608 -0.220661 -0.304477 0.127202 0.660714
  66 -0.166129 -0.986524 62.837495 -0.892269 -0.227431 -0.390041 0.127202 0.642857
  66 0.153869 -1.766476 62.697228 -0.872624 -0.288784 -0.393867 0.142857 0.644841
artic_working1.bmp
  36 -0.806136 -3.225696 57.729884 0.476366 -0.338242 0.811583 0.455969 0.867063
  5 0.243859 -5.286340 55.521348 0.012571 -0.862580 0.505765 0.475538 0.835317
  36 1.263864 -3.275699 57.729823 -0.460819 -0.358395 0.811911 0.493151 0.867063
artic_working1.bmp
  36 1.263864 -3.275699 57.729823 -0.460819 -0.358395 0.811911 0.493151 0.867063
  5 0.243859 -5.286340 55.521348 0.012571 -0.862580 0.505765 0.475538 0.835317
  36 2.143863 -4.006013 57.998976 0.139429 -0.814403 0.563300 0.500978 0.863095
artic_working1.bmp
  5 0.243859 -5.286340 55.521348 0.012571 -0.862580 0.505765 0.475538 0.835317
  36 2.893864 -3.225470 57.529880 0.828537 -0.538410 -0.153756 0.520548 0.861111
  36 2.143863 -4.006013 57.998976 0.139429 -0.814403 0.563300 0.500978 0.863095
artic_working1.bmp
  36 2.143863 -4.006013 57.998976 0.139429 -0.814403 0.563300 0.500978 0.863095
  36 2.893864 -3.225470 57.529880 0.828537 -0.538410 -0.153756 0.520548 0.861111
  36 3.863868 -1.947860 59.591362 -0.065445 -0.529242 0.845943 0.524462 0.906746
artic_working1.bmp
  36 2.893864 -3.225470 57.529880 0.828537 -0.538410 -0.153756 0.520548 0.861111
  36 3.893871 0.212973 58.873866 0.998780 0.034182 0.035645 0.542074 0.924603
  36 3.863868 -1.947860 59.591362 -0.065445 -0.529242 0.845943 0.524462 0.906746
artic_working1.bmp
  36 3.863868 -1.947860 59.591362 -0.065445 -0.529242 0.845943 0.524462 0.906746
  36 3.893871 0.212973 58.873866 0.998780 0.034182 0.035645 0.542074 0.924603
  36 3.153876 2.920897 60.667007 0.527452 0.055148 0.847793 0.524462 0.968254
artic_working1.bmp
  36 3.893871 0.212973 58.873866 0.998780 0.034182 0.035645 0.542074 0.924603
  36 3.453875 3.413250 58.637576 0.705816 0.695124 0.136482 0.534247 0.976190
  36 3.153876 2.920897 60.667007 0.527452 0.055148 0.847793 0.524462 0.968254
artic_working1.bmp
  36 3.153876 2.920897 60.667007 0.527452 0.055148 0.847793 0.524462 0.968254
  36 3.453875 3.413250 58.637576 0.705816 0.695124 0.136482 0.534247 0.976190
  36 0.253879 4.991619 60.049410 0.001094 0.587157 0.809472 0.473581 0.984127
artic_working1.bmp
  36 3.453875 3.413250 58.637576 0.705816 0.695124 0.136482 0.534247 0.976190
  36 0.253876 4.774343 57.699157 0.000256 0.995754 -0.092055 0.475538 0.996032
  36 0.253879 4.991619 60.049410 0.001094 0.587157 0.809472 0.473581 0.984127
artic_working1.bmp
  36 0.253879 4.991619 60.049410 0.001094 0.587157 0.809472 0.473581 0.984127
  36 0.253876 4.774343 57.699157 0.000256 0.995754 -0.092055 0.475538 0.996032
  36 -2.926125 3.433282 58.617606 -0.704961 0.695767 0.137616 0.416830 0.976190
artic_working1.bmp
  1 0.243848 0.294373 39.484057 -0.000154 0.038954 -0.999241 0.863014 0.952381
  39 3.470480 7.526121 32.806002 -0.185630 -0.620439 -0.761969 0.882583 0.904762
  39 6.608095 5.867832 32.478661 -0.523117 -0.368202 -0.768619 0.904110 0.916667
artic_working1.bmp
  1 0.243848 0.294373 39.484057 -0.000154 0.038954 -0.999241 0.863014 0.952381
  45 -3.072133 7.526173 32.815759 0.208846 -0.609025 -0.765161 0.841487 0.904762
  39 3.470480 7.526121 32.806002 -0.185630 -0.620439 -0.761969 0.882583 0.904762
artic_working1.bmp
  1 0.243848 0.294373 39.484057 -0.000154 0.038954 -0.999241 0.863014 0.952381
  45 -5.934369 5.786219 32.436457 0.524975 -0.383047 -0.760050 0.823875 0.916667
  45 -3.072133 7.526173 32.815759 0.208846 -0.609025 -0.765161 0.841487 0.904762
artic_working1.bmp
  1 0.243848 0.294373 39.484057 -0.000154 0.038954 -0.999241 0.863014 0.952381
  45 -8.750658 0.219974 31.904921 0.644227 0.014878 -0.764690 0.806262 0.952381
  45 -5.934369 5.786219 32.436457 0.524975 -0.383047 -0.760050 0.823875 0.916667
artic_working1.bmp
  1 0.243848 0.294373 39.484057 -0.000154 0.038954 -0.999241 0.863014 0.952381
  45 -6.528086 -4.886966 31.871204 0.486891 0.457217 -0.744237 0.819961 0.986111
  45 -8.750658 0.219974 31.904921 0.644227 0.014878 -0.764690 0.806262 0.952381
artic_working1.bmp
  1 0.243848 0.294373 39.484057 -0.000154 0.038954 -0.999241 0.863014 0.952381
  45 -1.621380 -7.013775 32.307004 0.167361 0.669177 -0.724012 0.851272 0.996032
  45 -6.528086 -4.886966 31.871204 0.486891 0.457217 -0.744237 0.819961 0.986111
artic_working1.bmp
  1 0.243848 0.294373 39.484057 -0.000154 0.038954 -0.999241 0.863014 0.952381
  39 2.139987 -7.014580 32.304095 -0.160907 0.670549 -0.724205 0.874755 0.996032
  45 -1.621380 -7.013775 32.307004 0.167361 0.669177 -0.724012 0.851272 0.996032
artic_working1.bmp
  1 0.243848 0.294373 39.484057 -0.000154 0.038954 -0.999241 0.863014 0.952381
  39 6.996908 -5.038106 31.864132 -0.499873 0.436213 -0.748228 0.906067 0.986111
  39 2.139987 -7.014580 32.304095 -0.160907 0.670549 -0.724205 0.874755 0.996032
artic_working1.bmp
  1 0.243848 0.294373 39.484057 -0.000154 0.038954 -0.999241 0.863014 0.952381
  39 8.927298 0.270136 31.748114 -0.664555 0.022385 -0.746904 0.917808 0.952381
  39 6.996908 -5.038106 31.864132 -0.499873 0.436213 -0.748228 0.906067 0.986111
artic_working1.bmp
  1 0.243848 0.294373 39.484057 -0.000154 0.038954 -0.999241 0.863014 0.952381
  39 6.608095 5.867832 32.478661 -0.523117 -0.368202 -0.768619 0.904110 0.916667
  39 8.927298 0.270136 31.748114 -0.664555 0.022385 -0.746904 0.917808 0.952381
artic_working1.bmp
  1 0.503841 3.035585 35.975004 -0.914037 0.369147 0.168126 0.941292 0.460317
  39 -0.306041 2.441720 32.835437 -0.823208 0.542466 -0.167507 0.960861 0.412698
  1 0.243860 -4.293649 33.752473 -0.994815 -0.074759 0.068946 0.986301 0.416667
artic_working1.bmp
  1 0.243860 -4.293649 33.752473 -0.994815 -0.074759 0.068946 0.986301 0.416667
  39 -0.306041 2.441720 32.835437 -0.823208 0.542466 -0.167507 0.960861 0.412698
  39 0.745636 -0.523711 26.884740 -0.868540 0.403964 -0.287143 0.956947 0.315476
artic_working1.bmp
  39 -0.306041 2.441720 32.835437 -0.823208 0.542466 -0.167507 0.960861 0.412698
  39 4.662940 4.502141 27.721418 -0.058408 0.956788 -0.284859 0.892368 0.319444
  39 0.745636 -0.523711 26.884740 -0.868540 0.403964 -0.287143 0.956947 0.315476
artic_working1.bmp
  39 0.745636 -0.523711 26.884740 -0.868540 0.403964 -0.287143 0.956947 0.315476
  39 4.662940 4.502141 27.721418 -0.058408 0.956788 -0.284859 0.892368 0.319444
  39 2.383327 -0.748693 21.489219 -0.704699 0.676141 -0.215017 0.943249 0.224206
artic_working1.bmp
  39 4.662940 4.502141 27.721418 -0.058408 0.956788 -0.284859 0.892368 0.319444
  39 5.813188 2.601428 22.858177 0.032248 0.994698 -0.097656 0.886497 0.238095
  39 2.383327 -0.748693 21.489219 -0.704699 0.676141 -0.215017 0.943249 0.224206
artic_working1.bmp
  39 2.383327 -0.748693 21.489219 -0.704699 0.676141 -0.215017 0.943249 0.224206
  39 5.813188 2.601428 22.858177 0.032248 0.994698 -0.097656 0.886497 0.238095
  40 6.706820 3.609547 17.503870 0.010926 0.998020 0.061936 0.882583 0.148810
artic_working1.bmp
  39 5.813188 2.601428 22.858177 0.032248 0.994698 -0.097656 0.886497 0.238095
  39 9.401433 -0.740860 22.496504 0.995852 0.090975 -0.001300 0.819961 0.222222
  40 6.706820 3.609547 17.503870 0.010926 0.998020 0.061936 0.882583 0.148810
artic_working1.bmp
  40 6.706820 3.609547 17.503870 0.010926 0.998020 0.061936 0.882583 0.148810
  39 9.401433 -0.740860 22.496504 0.995852 0.090975 -0.001300 0.819961 0.222222
  40 9.234378 -0.744871 19.089396 0.996061 -0.020304 0.086314 0.819961 0.168651
artic_working1.bmp
  39 9.401433 -0.740860 22.496504 0.995852 0.090975 -0.001300 0.819961 0.222222
  44 7.178520 -3.741596 19.580504 0.602512 -0.797979 -0.014436 0.771037 0.178571
  40 9.234378 -0.744871 19.089396 0.996061 -0.020304 0.086314 0.819961 0.168651
artic_working1.bmp
  40 9.234378 -0.744871 19.089396 0.996061 -0.020304 0.086314 0.819961 0.168651
  44 7.178520 -3.741596 19.580504 0.602512 -0.797979 -0.014436 0.771037 0.178571
  40 11.029725 -0.888819 11.136666 0.989100 -0.093986 -0.113345 0.823875 0.037698
artic_working1.bmp
  42 10.284211 -8.595056 0.033618 0.523477 -0.829252 0.195737 0.352250 0.825397
  42 7.154214 -9.025870 2.373471 -0.385399 -0.699038 0.602341 0.297456 0.867063
  42 7.024212 -9.195067 0.053413 -0.567787 -0.818077 0.091476 0.293542 0.827381
artic_working1.bmp
  42 7.024212 -9.195067 0.053413 -0.567787 -0.818077 0.091476 0.293542 0.827381
  42 7.154214 -9.025870 2.373471 -0.385399 -0.699038 0.602341 0.297456 0.867063
  41 6.274206 -4.960341 0.063545 -0.986290 -0.125005 0.107732 0.266145 0.863095
artic_working1.bmp
  42 7.154214 -9.025870 2.373471 -0.385399 -0.699038 0.602341 0.297456 0.867063
  41 6.694208 -4.521410 3.153696 -0.659545 -0.337345 0.671713 0.289628 0.900794
  41 6.274206 -4.960341 0.063545 -0.986290 -0.125005 0.107732 0.266145 0.863095
artic_working1.bmp
  41 6.274206 -4.960341 0.063545 -0.986290 -0.125005 0.107732 0.266145 0.863095
  41 6.694208 -4.521410 3.153696 -0.659545 -0.337345 0.671713 0.289628 0.900794
  43 6.362573 -0.505788 5.077951 -0.990487 -0.071474 0.117588 0.297456 0.956349
artic_working1.bmp
  41 6.694208 -4.521410 3.153696 -0.659545 -0.337345 0.671713 0.289628 0.900794
  41 8.304206 -2.312103 5.164459 0.076143 -0.741438 0.666688 0.320939 0.932540
  43 6.362573 -0.505788 5.077951 -0.990487 -0.071474 0.117588 0.297456 0.956349
artic_working1.bmp
  43 6.362573 -0.505788 5.077951 -0.990487 -0.071474 0.117588 0.297456 0.956349
  41 8.304206 -2.312103 5.164459 0.076143 -0.741438 0.666688 0.320939 0.932540
  40 7.632849 -2.966002 8.663784 0.061195 -0.988440 -0.138716 0.322896 0.996032
artic_working1.bmp
  41 8.304206 -2.312103 5.164459 0.076143 -0.741438 0.666688 0.320939 0.932540
  43 10.058221 -0.318770 4.772484 0.961516 0.003146 0.274731 0.348337 0.956349
  40 7.632849 -2.966002 8.663784 0.061195 -0.988440 -0.138716 0.322896 0.996032
artic_working1.bmp
  40 7.632849 -2.966002 8.663784 0.061195 -0.988440 -0.138716 0.322896 0.996032
  43 10.058221 -0.318770 4.772484 0.961516 0.003146 0.274731 0.348337 0.956349
  40 9.855824 -0.184492 8.565368 0.946008 0.322291 0.034594 0.346380 0.996032
artic_working1.bmp
  43 10.058221 -0.318770 4.772484 0.961516 0.003146 0.274731 0.348337 0.956349
  41 8.144200 1.668101 4.575836 0.568509 0.805089 0.169204 0.373777 0.974206
  40 9.855824 -0.184492 8.565368 0.946008 0.322291 0.034594 0.346380 0.996032
artic_working1.bmp
  40 9.855824 -0.184492 8.565368 0.946008 0.322291 0.034594 0.346380 0.996032
  41 8.144200 1.668101 4.575836 0.568509 0.805089 0.169204 0.373777 0.974206
  40 7.479143 2.341954 9.005663 0.727323 0.686281 0.004484 0.363992 0.996032
artic_working1.bmp
  31 -28.934071 -0.295087 52.742210 0.079597 0.654700 -0.751687 0.066536 0.380952
  32 -20.017261 3.077937 54.163058 -0.050574 0.905873 -0.420518 0.091977 0.222222
  32 -21.991224 -0.538990 52.053197 -0.129270 0.519512 -0.844628 0.054795 0.259921
artic_working1.bmp
  32 -21.991224 -0.538990 52.053197 -0.129270 0.519512 -0.844628 0.054795 0.259921
  32 -20.017261 3.077937 54.163058 -0.050574 0.905873 -0.420518 0.091977 0.222222
  32 -18.780031 2.678396 53.399625 0.008005 0.807941 -0.589209 0.078278 0.198413
artic_working1.bmp
  32 -20.017261 3.077937 54.163058 -0.050574 0.905873 -0.420518 0.091977 0.222222
  32 -18.670529 2.690676 55.223456 0.104898 0.879347 0.464485 0.113503 0.196429
  32 -18.780031 2.678396 53.399625 0.008005 0.807941 -0.589209 0.078278 0.198413
artic_working1.bmp
  32 -18.780031 2.678396 53.399625 0.008005 0.807941 -0.589209 0.078278 0.198413
  32 -18.670529 2.690676 55.223456 0.104898 0.879347 0.464485 0.113503 0.196429
  23 -15.387748 3.150027 54.477979 -0.121130 0.992214 0.028981 0.095890 0.134921
artic_working1.bmp
  32 -18.670529 2.690676 55.223456 0.104898 0.879347 0.464485 0.113503 0.196429
  23 -17.199849 -0.115858 57.563977 0.034304 0.213876 0.976258 0.178082 0.166667
  23 -15.387748 3.150027 54.477979 -0.121130 0.992214 0.028981 0.095890 0.134921
artic_working1.bmp
  23 -15.387748 3.150027 54.477979 -0.121130 0.992214 0.028981 0.095890 0.134921
  23 -17.199849 -0.115858 57.563977 0.034304 0.213876 0.976258 0.178082 0.166667
  33 -12.396892 -0.369287 57.890449 -0.148111 0.009430 0.988926 0.178082 0.077381
artic_working1.bmp
  23 -17.199849 -0.115858 57.563977 0.034304 0.213876 0.976258 0.178082 0.166667
  23 -16.017641 -3.669791 56.366420 -0.033598 -0.786673 0.616455 0.223092 0.144841
  33 -12.396892 -0.369287 57.890449 -0.148111 0.009430 0.988926 0.178082 0.077381
artic_working1.bmp
  33 -12.396892 -0.369287 57.890449 -0.148111 0.009430 0.988926 0.178082 0.077381
  23 -16.017641 -3.669791 56.366420 -0.033598 -0.786673 0.616455 0.223092 0.144841
  35 -9.249497 -3.339939 56.526709 0.007117 -0.795326 0.606141 0.227006 0.023810
artic_working1.bmp
  23 -16.017641 -3.669791 56.366420 -0.033598 -0.786673 0.616455 0.223092 0.144841
  33 -11.575679 -4.306887 52.593070 -0.125348 -0.875571 -0.466543 0.297456 0.065476
  35 -9.249497 -3.339939 56.526709 0.007117 -0.795326 0.606141 0.227006 0.023810
artic_working1.bmp
  35 -9.249497 -3.339939 56.526709 0.007117 -0.795326 0.606141 0.227006 0.023810
  33 -11.575679 -4.306887 52.593070 -0.125348 -0.875571 -0.466543 0.297456 0.065476
  5 -7.996144 -4.321205 51.102472 -0.248537 -0.717597 -0.650603 0.307241 0.019841
artic_working1.bmp
  47 -6.126599 -4.960322 -0.066436 0.986109 -0.125979 0.108251 0.266145 0.863095
  48 -7.006588 -9.025850 2.233494 0.384161 -0.698549 0.603696 0.297456 0.867063
  48 -6.876593 -9.195048 -0.086565 0.567725 -0.818120 0.091475 0.293542 0.827381
artic_working1.bmp
  48 -6.876593 -9.195048 -0.086565 0.567725 -0.818120 0.091475 0.293542 0.827381
  48 -7.006588 -9.025850 2.233494 0.384161 -0.698549 0.603696 0.297456 0.867063
  48 -10.136594 -8.595049 -0.096351 -0.523200 -0.828654 0.198984 0.352250 0.825397
artic_working1.bmp
  48 -7.006588 -9.025850 2.233494 0.384161 -0.698549 0.603696 0.297456 0.867063
  48 -9.596590 -8.415692 1.763710 -0.645181 -0.461819 0.608658 0.342466 0.865079
  48 -10.136594 -8.595049 -0.096351 -0.523200 -0.828654 0.198984 0.352250 0.825397
artic_working1.bmp
  48 -10.136594 -8.595049 -0.096351 -0.523200 -0.828654 0.198984 0.352250 0.825397
  48 -9.596590 -8.415692 1.763710 -0.645181 -0.461819 0.608658 0.342466 0.865079
  47 -11.006599 -4.960333 -0.056426 -0.957590 -0.125590 0.259323 0.383562 0.873016
artic_working1.bmp
  48 -9.596590 -8.415692 1.763710 -0.645181 -0.461819 0.608658 0.342466 0.865079
  47 -10.416595 -4.541193 2.433717 -0.784273 -0.227993 0.577006 0.354207 0.896825
  47 -11.006599 -4.960333 -0.056426 -0.957590 -0.125590 0.259323 0.383562 0.873016
artic_working1.bmp
  47 -11.006599 -4.960333 -0.056426 -0.957590 -0.125590 0.259323 0.383562 0.873016
  47 -10.416595 -4.541193 2.433717 -0.784273 -0.227993 0.577006 0.354207 0.896825
  47 -10.526606 -0.080329 -0.064741 -0.978120 0.127389 0.164479 0.397260 0.912698
artic_working1.bmp
  47 -10.416595 -4.541193 2.433717 -0.784273 -0.227993 0.577006 0.354207 0.896825
  49 -9.894795 -0.322542 4.640141 -0.959964 0.006812 0.280042 0.348337 0.956349
  47 -10.526606 -0.080329 -0.064741 -0.978120 0.127389 0.164479 0.397260 0.912698
artic_working1.bmp
  47 -10.526606 -0.080329 -0.064741 -0.978120 0.127389 0.164479 0.397260 0.912698
  49 -9.894795 -0.322542 4.640141 -0.959964 0.006812 0.280042 0.348337 0.956349
  47 -9.876610 2.569661 -0.033826 -0.631287 0.717810 0.293641 0.403131 0.934524
artic_working1.bmp
  49 -9.894795 -0.322542 4.640141 -0.959964 0.006812 0.280042 0.348337 0.956349
  47 -7.966600 1.658116 4.445855 -0.566853 0.804913 0.175477 0.373777 0.974206
  47 -9.876610 2.569661 -0.033826 -0.631287 0.717810 0.293641 0.403131 0.934524
artic_working1.bmp
  47 -9.876610 2.569661 -0.033826 -0.631287 0.717810 0.293641 0.403131 0.934524
  47 -7.966600 1.658116 4.445855 -0.566853 0.804913 0.175477 0.373777 0.974206
  47 -6.776610 2.709669 -0.043784 -0.042520 0.975335 0.216594 0.403131 0.972222
artic_working1.bmp
  54 -0.666130 -1.796360 62.365216 0.445687 -0.284385 -0.848816 0.287671 0.571429
  54 -0.276129 -1.466392 62.455330 0.501765 -0.206341 -0.840033 0.303327 0.577381
  54 -0.296131 -1.896440 62.595182 0.421192 -0.167262 -0.891415 0.289628 0.581349
artic_working1.bmp
  54 -0.296131 -1.896440 62.595182 0.421192 -0.167262 -0.891415 0.289628 0.581349
  54 -0.276129 -1.466392 62.455330 0.501765 -0.206341 -0.840033 0.303327 0.577381
  54 0.173870 -1.566500 62.765297 0.660401 -0.095260 -0.744847 0.301370 0.589286
artic_working1.bmp
  54 -0.276129 -1.466392 62.455330 0.501765 -0.206341 -0.840033 0.303327 0.577381
  54 -0.026129 -1.136444 62.605444 0.676819 -0.053079 -0.734233 0.311155 0.589286
  54 0.173870 -1.566500 62.765297 0.660401 -0.095260 -0.744847 0.301370 0.589286
artic_working1.bmp
  54 0.173870 -1.566500 62.765297 0.660401 -0.095260 -0.744847 0.301370 0.589286
  54 -0.026129 -1.136444 62.605444 0.676819 -0.053079 -0.734233 0.311155 0.589286
  54 0.473870 -1.076634 63.155466 0.836675 -0.022425 -0.547241 0.311155 0.605159
artic_working1.bmp
  54 -0.026129 -1.136444 62.605444 0.676819 -0.053079 -0.734233 0.311155 0.589286
  54 0.143872 -0.746469 62.675578 0.836675 -0.022425 -0.547241 0.322896 0.595238
  54 0.473870 -1.076634 63.155466 0.836675 -0.022425 -0.547241 0.311155 0.605159
artic_working1.bmp
  54 0.473870 -1.076634 63.155466 0.836675 -0.022425 -0.547241 0.311155 0.605159
  54 0.143872 -0.746469 62.675578 0.836675 -0.022425 -0.547241 0.322896 0.595238
  54 0.433871 -0.616665 63.245624 0.873012 0.179407 -0.453502 0.322896 0.607143
artic_working1.bmp
  54 0.143872 -0.746469 62.675578 0.836675 -0.022425 -0.547241 0.322896 0.595238
  54 0.253872 -0.336538 62.875720 0.924844 0.120747 -0.360672 0.330724 0.601190
  54 0.433871 -0.616665 63.245624 0.873012 0.179407 -0.453502 0.322896 0.607143
artic_working1.bmp
  54 0.433871 -0.616665 63.245624 0.873012 0.179407 -0.453502 0.322896 0.607143
  54 0.253872 -0.336538 62.875720 0.924844 0.120747 -0.360672 0.330724 0.601190
  54 0.513870 -0.446782 63.585682 0.881719 0.298150 -0.365621 0.326810 0.615079
artic_working1.bmp
  54 0.253872 -0.336538 62.875720 0.924844 0.120747 -0.360672 0.330724 0.601190
  54 0.183873 0.153421 62.995888 0.925175 0.234097 -0.298748 0.342466 0.605159
  54 0.513870 -0.446782 63.585682 0.881719 0.298150 -0.365621 0.326810 0.615079
artic_working1.bmp
  54 0.513870 -0.446782 63.585682 0.881719 0.298150 -0.365621 0.326810 0.615079
  54 0.183873 0.153421 62.995888 0.925175 0.234097 -0.298748 0.342466 0.605159
  54 0.433871 0.103153 63.775871 0.873038 0.341116 -0.348490 0.336595 0.621032
artic_working1.bmp
  57 -0.396135 -1.407235 64.908350 -0.961206 -0.119773 -0.248469 0.107632 0.640873
  57 -0.476134 -1.147156 64.678439 0.094599 -0.505741 -0.857483 0.101761 0.638889
  57 -0.376134 -0.807256 64.968556 0.081254 0.227742 -0.970325 0.095890 0.644841
artic_working1.bmp
  57 -0.376134 -0.807256 64.968556 0.081254 0.227742 -0.970325 0.095890 0.644841
  57 -0.476134 -1.147156 64.678439 0.094599 -0.505741 -0.857483 0.101761 0.638889
  57 -0.316133 -0.437173 64.728684 0.845162 0.017804 -0.534214 0.088063 0.640873
artic_working1.bmp
  57 -0.476134 -1.147156 64.678439 0.094599 -0.505741 -0.857483 0.101761 0.638889
  57 -0.506133 -0.797094 64.498560 0.378052 -0.078714 -0.922432 0.095890 0.636905
  57 -0.316133 -0.437173 64.728684 0.845162 0.017804 -0.534214 0.088063 0.640873
artic_working1.bmp
  57 -0.316133 -0.437173 64.728684 0.845162 0.017804 -0.534214 0.088063 0.640873
  57 -0.506133 -0.797094 64.498560 0.378052 -0.078714 -0.922432 0.095890 0.636905
  57 -0.546132 -0.427107 64.538687 -0.284893 0.230680 -0.930388 0.090020 0.638889
artic_working1.bmp
  57 -0.506133 -0.797094 64.498560 0.378052 -0.078714 -0.922432 0.095890 0.636905
  57 -0.476134 -1.147156 64.678439 0.094599 -0.505741 -0.857483 0.101761 0.638889
  57 -0.546132 -0.427107 64.538687 -0.284893 0.230680 -0.930388 0.090020 0.638889
artic_working1.bmp
  57 -0.546132 -0.427107 64.538687 -0.284893 0.230680 -0.930388 0.090020 0.638889
  57 -0.476134 -1.147156 64.678439 0.094599 -0.505741 -0.857483 0.101761 0.638889
  57 -0.636133 -0.697162 64.698594 -0.943233 -0.199248 -0.265728 0.095890 0.642857
artic_working1.bmp
  57 -0.476134 -1.147156 64.678439 0.094599 -0.505741 -0.857483 0.101761 0.638889
  57 -0.396135 -1.407235 64.908350 -0.961206 -0.119773 -0.248469 0.107632 0.640873
  57 -0.636133 -0.697162 64.698594 -0.943233 -0.199248 -0.265728 0.095890 0.642857
artic_working1.bmp
  57 -0.636133 -0.697162 64.698594 -0.943233 -0.199248 -0.265728 0.095890 0.642857
  57 -0.396135 -1.407235 64.908350 -0.961206 -0.119773 -0.248469 0.107632 0.640873
  57 -0.516137 -1.267527 65.758398 -0.949811 -0.290644 -0.115697 0.105675 0.660714
artic_working1.bmp
  57 -0.396135 -1.407235 64.908350 -0.961206 -0.119773 -0.248469 0.107632 0.640873
  57 -0.246138 -2.367366 65.288021 -0.967277 -0.199812 -0.156369 0.117417 0.640873
  57 -0.516137 -1.267527 65.758398 -0.949811 -0.290644 -0.115697 0.105675 0.660714
artic_working1.bmp
  57 -0.516137 -1.267527 65.758398 -0.949811 -0.290644 -0.115697 0.105675 0.660714
  57 -0.246138 -2.367366 65.288021 -0.967277 -0.199812 -0.156369 0.117417 0.640873
  57 -0.386139 -2.217651 66.118072 -0.975789 -0.179423 -0.125073 0.113503 0.664683
artic_working1.bmp
  60 0.243870 -1.266529 62.851400 0.648873 -0.710909 -0.271243 0.228963 0.644841
  60 0.623871 -1.016451 62.621487 0.411915 -0.888831 -0.200763 0.240705 0.625000
  60 0.283870 -1.236543 62.891410 0.591859 -0.790950 -0.155244 0.230920 0.644841
artic_working1.bmp
  60 0.283870 -1.236543 62.891410 0.591859 -0.790950 -0.155244 0.230920 0.644841
  60 0.623871 -1.016451 62.621487 0.411915 -0.888831 -0.200763 0.240705 0.625000
  60 0.473868 -1.386726 63.421359 0.274510 -0.888488 -0.367742 0.238748 0.652778
artic_working1.bmp
  60 0.623871 -1.016451 62.621487 0.411915 -0.888831 -0.200763 0.240705 0.625000
  60 0.853870 -1.166634 63.151436 0.359954 -0.861912 -0.357129 0.252446 0.646825
  60 0.473868 -1.386726 63.421359 0.274510 -0.888488 -0.367742 0.238748 0.652778
artic_working1.bmp
  60 0.473868 -1.386726 63.421359 0.274510 -0.888488 -0.367742 0.238748 0.652778
  60 0.853870 -1.166634 63.151436 0.359954 -0.861912 -0.357129 0.252446 0.646825
  60 0.783866 -1.626974 64.141277 0.361542 -0.891553 -0.272803 0.244618 0.670635
artic_working1.bmp
  60 0.853870 -1.166634 63.151436 0.359954 -0.861912 -0.357129 0.252446 0.646825
  60 1.363867 -1.266961 64.101402 0.557501 -0.806434 -0.197119 0.252446 0.668651
  60 0.783866 -1.626974 64.141277 0.361542 -0.891553 -0.272803 0.244618 0.670635
artic_working1.bmp
  60 0.783866 -1.626974 64.141277 0.361542 -0.891553 -0.272803 0.244618 0.670635
  60 1.363867 -1.266961 64.101402 0.557501 -0.806434 -0.197119 0.252446 0.668651
  60 1.093865 -1.487157 64.671326 0.517149 -0.855230 0.033735 0.240705 0.680556
artic_working1.bmp
  60 1.363867 -1.266961 64.101402 0.557501 -0.806434 -0.197119 0.252446 0.668651
  60 1.583866 -1.127116 64.551451 0.732564 -0.676765 0.073064 0.250489 0.678571
  60 1.093865 -1.487157 64.671326 0.517149 -0.855230 0.033735 0.240705 0.680556
artic_working1.bmp
  60 1.093865 -1.487157 64.671326 0.517149 -0.855230 0.033735 0.240705 0.680556
  60 1.583866 -1.127116 64.551451 0.732564 -0.676765 0.073064 0.250489 0.678571
  60 1.283865 -1.287305 65.101395 0.612937 -0.789074 0.040875 0.244618 0.690476
artic_working1.bmp
  60 1.583866 -1.127116 64.551451 0.732564 -0.676765 0.073064 0.250489 0.678571
  60 1.713866 -0.807254 64.951561 0.787056 -0.611509 0.081243 0.256360 0.686508
  60 1.283865 -1.287305 65.101395 0.612937 -0.789074 0.040875 0.244618 0.690476
artic_working1.bmp
  60 1.283865 -1.287305 65.101395 0.612937 -0.789074 0.040875 0.244618 0.690476
  60 1.713866 -0.807254 64.951561 0.787056 -0.611509 0.081243 0.256360 0.686508
  60 1.773866 -0.807347 65.221561 0.706196 -0.689841 -0.159391 0.258317 0.694444
artic_working1.bmp
  69 1.363870 -0.846655 63.210547 0.967918 -0.241696 0.068693 0.287671 0.734127
  69 1.323869 -0.796909 63.950564 0.976011 -0.207568 0.065714 0.287671 0.748016
  69 1.063867 -1.666809 63.660264 0.904114 -0.426718 0.022142 0.268102 0.740079
artic_working1.bmp
  69 1.063867 -1.666809 63.660264 0.904114 -0.426718 0.022142 0.268102 0.740079
  69 1.323869 -0.796909 63.950564 0.976011 -0.207568 0.065714 0.287671 0.748016
  69 1.083866 -1.616998 64.210282 0.899572 -0.427349 0.090242 0.270059 0.750000
artic_working1.bmp
  69 1.323869 -0.796909 63.950564 0.976011 -0.207568 0.065714 0.287671 0.748016
  69 1.303867 -0.687105 64.520602 0.961935 -0.197086 0.189307 0.289628 0.757937
  69 1.083866 -1.616998 64.210282 0.899572 -0.427349 0.090242 0.270059 0.750000
artic_working1.bmp
  69 1.083866 -1.616998 64.210282 0.899572 -0.427349 0.090242 0.270059 0.750000
  69 1.303867 -0.687105 64.520602 0.961935 -0.197086 0.189307 0.289628 0.757937
  69 1.013865 -1.507201 64.800319 0.829449 -0.386941 0.402853 0.270059 0.759921
artic_working1.bmp
  69 1.303867 -0.687105 64.520602 0.961935 -0.197086 0.189307 0.289628 0.757937
  69 1.133868 0.092692 65.110869 0.792240 -0.134455 0.595213 0.307241 0.767857
  69 1.013865 -1.507201 64.800319 0.829449 -0.386941 0.402853 0.270059 0.759921
artic_working1.bmp
  69 1.013865 -1.507201 64.800319 0.829449 -0.386941 0.402853 0.270059 0.759921
  69 1.133868 0.092692 65.110869 0.792240 -0.134455 0.595213 0.307241 0.767857
  69 0.653864 -1.197406 65.400425 0.621772 -0.270094 0.735152 0.272016 0.769841
artic_working1.bmp
  69 1.133868 0.092692 65.110869 0.792240 -0.134455 0.595213 0.307241 0.767857
  69 0.673867 0.362542 65.550961 0.547566 -0.057031 0.834817 0.315068 0.779762
  69 0.653864 -1.197406 65.400425 0.621772 -0.270094 0.735152 0.272016 0.769841
artic_working1.bmp
  69 0.653864 -1.197406 65.400425 0.621772 -0.270094 0.735152 0.272016 0.769841
  69 0.673867 0.362542 65.550961 0.547566 -0.057031 0.834817 0.315068 0.779762
  69 0.183864 -0.857529 65.760541 0.354664 -0.155446 0.921981 0.272016 0.783730
artic_working1.bmp
  69 0.673867 0.362542 65.550961 0.547566 -0.057031 0.834817 0.315068 0.779762
  69 0.093867 0.322454 65.810946 0.262877 -0.015673 0.964702 0.317025 0.785714
  69 0.183864 -0.857529 65.760541 0.354664 -0.155446 0.921981 0.272016 0.783730
artic_working1.bmp
  69 0.183864 -0.857529 65.760541 0.354664 -0.155446 0.921981 0.272016 0.783730
  69 0.093867 0.322454 65.810946 0.262877 -0.015673 0.964702 0.317025 0.785714
  69 -0.486137 -1.117555 65.840450 0.181214 -0.252827 0.950389 0.246575 0.781746
artic_working1.bmp
  74 1.173866 0.102491 65.695873 -0.215383 0.150702 0.964831 0.052838 0.783730
  74 0.553867 0.212544 65.545909 -0.348719 0.230282 0.908496 0.062622 0.773810
  74 1.013863 -1.157563 65.855439 -0.253297 0.043352 0.966417 0.093933 0.789683
artic_working1.bmp
  74 1.013863 -1.157563 65.855439 -0.253297 0.043352 0.966417 0.093933 0.789683
  74 0.553867 0.212544 65.545909 -0.348719 0.230282 0.908496 0.062622 0.773810
  74 0.363864 -1.137500 65.675445 -0.473854 -0.055669 0.878842 0.097847 0.781746
artic_working1.bmp
  74 0.553867 0.212544 65.545909 -0.348719 0.230282 0.908496 0.062622 0.773810
  74 0.003868 0.272659 65.215929 -0.651253 0.245089 0.718193 0.070450 0.767857
  74 0.363864 -1.137500 65.675445 -0.473854 -0.055669 0.878842 0.097847 0.781746
artic_working1.bmp
  74 0.363864 -1.137500 65.675445 -0.473854 -0.055669 0.878842 0.097847 0.781746
  74 0.003868 0.272659 65.215929 -0.651253 0.245089 0.718193 0.070450 0.767857
  74 -0.186136 -1.557334 65.195299 -0.778993 -0.177132 0.601493 0.111546 0.767857
artic_working1.bmp
  74 0.003868 0.272659 65.215929 -0.651253 0.245089 0.718193 0.070450 0.767857
  74 -0.456133 -0.517199 64.805656 -0.917287 0.009775 0.398106 0.090020 0.761905
  74 -0.186136 -1.557334 65.195299 -0.778993 -0.177132 0.601493 0.111546 0.767857
artic_working1.bmp
  74 -0.186136 -1.557334 65.195299 -0.778993 -0.177132 0.601493 0.111546 0.767857
  74 -0.456133 -0.517199 64.805656 -0.917287 0.009775 0.398106 0.090020 0.761905
  74 -0.216136 -2.377066 64.415017 -0.926238 -0.256784 0.275943 0.129159 0.759921
artic_working1.bmp
  74 -0.456133 -0.517199 64.805656 -0.917287 0.009775 0.398106 0.090020 0.761905
  74 -0.536133 -1.596941 64.055285 -0.968556 -0.193629 0.156230 0.111546 0.751984
  74 -0.216136 -2.377066 64.415017 -0.926238 -0.256784 0.275943 0.129159 0.759921
artic_working1.bmp
  74 -0.216136 -2.377066 64.415017 -0.926238 -0.256784 0.275943 0.129159 0.759921
  74 -0.536133 -1.596941 64.055285 -0.968556 -0.193629 0.156230 0.111546 0.751984
  74 -0.266135 -2.436870 63.844997 -0.952806 -0.290703 0.087480 0.131115 0.750000
artic_working1.bmp
  74 -0.536133 -1.596941 64.055285 -0.968556 -0.193629 0.156230 0.111546 0.751984
  74 -0.576131 -1.546663 63.245302 -0.981981 -0.176391 0.067817 0.111546 0.738095
  74 -0.266135 -2.436870 63.844997 -0.952806 -0.290703 0.087480 0.131115 0.750000
artic_working1.bmp
  74 -0.266135 -2.436870 63.844997 -0.952806 -0.290703 0.087480 0.131115 0.750000
  74 -0.576131 -1.546663 63.245302 -0.981981 -0.176391 0.067817 0.111546 0.738095
  74 -0.376133 -2.396605 63.075010 -0.962391 -0.247508 0.111999 0.129159 0.734127
artic_working1.bmp
  75 0.433868 -2.056559 62.936129 -0.598185 -0.776993 0.196102 0.172211 0.718254
  75 0.463867 -1.956741 63.466163 -0.595590 -0.791623 0.136403 0.174168 0.726190
  75 -0.056131 -1.396713 63.386355 -0.785056 -0.605775 0.129320 0.160470 0.726190
artic_working1.bmp
  75 -0.056131 -1.396713 63.386355 -0.785056 -0.605775 0.129320 0.160470 0.726190
  75 0.463867 -1.956741 63.466163 -0.595590 -0.791623 0.136403 0.174168 0.726190
  75 -0.146132 -1.296901 63.936389 -0.826093 -0.563051 0.023332 0.166341 0.736111
artic_working1.bmp
  75 0.463867 -1.956741 63.466163 -0.595590 -0.791623 0.136403 0.174168 0.726190
  75 0.503866 -1.896947 64.066184 -0.531989 -0.830234 0.166433 0.181996 0.736111
  75 -0.146132 -1.296901 63.936389 -0.826093 -0.563051 0.023332 0.166341 0.736111
artic_working1.bmp
  75 -0.146132 -1.296901 63.936389 -0.826093 -0.563051 0.023332 0.166341 0.736111
  75 0.503866 -1.896947 64.066184 -0.531989 -0.830234 0.166433 0.181996 0.736111
  75 -0.216134 -1.197200 64.806423 -0.762688 -0.560770 0.322248 0.162427 0.750000
artic_working1.bmp
  75 0.503866 -1.896947 64.066184 -0.531989 -0.830234 0.166433 0.181996 0.736111
  75 0.583865 -1.677222 64.866260 -0.417939 -0.779947 0.465843 0.180039 0.751984
  75 -0.216134 -1.197200 64.806423 -0.762688 -0.560770 0.322248 0.162427 0.750000
artic_working1.bmp
  75 -0.216134 -1.197200 64.806423 -0.762688 -0.560770 0.322248 0.162427 0.750000
  75 0.583865 -1.677222 64.866260 -0.417939 -0.779947 0.465843 0.180039 0.751984
  75 0.083865 -0.747417 65.436578 -0.574491 -0.454996 0.680396 0.160470 0.765873
artic_working1.bmp
  75 0.583865 -1.677222 64.866260 -0.417939 -0.779947 0.465843 0.180039 0.751984
  75 0.643864 -1.187439 65.496428 -0.390866 -0.608476 0.690638 0.176125 0.765873
  75 0.083865 -0.747417 65.436578 -0.574491 -0.454996 0.680396 0.160470 0.765873
artic_working1.bmp
  75 0.083865 -0.747417 65.436578 -0.574491 -0.454996 0.680396 0.160470 0.765873
  75 0.643864 -1.187439 65.496428 -0.390866 -0.608476 0.690638 0.176125 0.765873
  75 0.483865 -0.487556 65.836668 -0.377664 -0.349042 0.857636 0.162427 0.773810
artic_working1.bmp
  75 0.643864 -1.187439 65.496428 -0.390866 -0.608476 0.690638 0.176125 0.765873
  75 1.203864 -0.797578 65.896564 -0.253391 -0.419789 0.871533 0.185910 0.775794
  75 0.483865 -0.487556 65.836668 -0.377664 -0.349042 0.857636 0.162427 0.773810
artic_working1.bmp
  75 0.483865 -0.487556 65.836668 -0.377664 -0.349042 0.857636 0.162427 0.773810
  75 1.203864 -0.797578 65.896564 -0.253391 -0.419789 0.871533 0.185910 0.775794
  75 1.113865 -0.077657 66.126811 -0.247216 -0.290494 0.924390 0.172211 0.781746
artic_working1.bmp
  1 0.243860 -4.293649 33.752473 0.992507 -0.069947 0.100187 0.346380 0.426587
  45 -0.513575 -0.635083 26.430887 0.854809 0.421394 -0.302868 0.391389 0.311508
  45 0.823453 2.421753 32.830161 0.821036 0.550808 -0.150037 0.381605 0.418651
artic_working1.bmp
  45 0.823453 2.421753 32.830161 0.821036 0.550808 -0.150037 0.381605 0.418651
  45 -0.513575 -0.635083 26.430887 0.854809 0.421394 -0.302868 0.391389 0.311508
  45 -4.979823 4.663384 27.240191 0.050724 0.948515 -0.312644 0.463796 0.315476
artic_working1.bmp
  45 -0.513575 -0.635083 26.430887 0.854809 0.421394 -0.302868 0.391389 0.311508
  45 -2.122162 -0.743680 21.457039 0.699821 0.681978 -0.212502 0.405088 0.228175
  45 -4.979823 4.663384 27.240191 0.050724 0.948515 -0.312644 0.463796 0.315476
artic_working1.bmp
  45 -4.979823 4.663384 27.240191 0.050724 0.948515 -0.312644 0.463796 0.315476
  45 -2.122162 -0.743680 21.457039 0.699821 0.681978 -0.212502 0.405088 0.228175
  45 -5.510810 2.587322 22.831991 -0.018182 0.989893 -0.140644 0.463796 0.244048
artic_working1.bmp
  45 -2.122162 -0.743680 21.457039 0.699821 0.681978 -0.212502 0.405088 0.228175
  46 -6.434275 3.613540 17.480987 -0.007925 0.997480 0.070511 0.465753 0.154762
  45 -5.510810 2.587322 22.831991 -0.018182 0.989893 -0.140644 0.463796 0.244048
artic_working1.bmp
  45 -5.510810 2.587322 22.831991 -0.018182 0.989893 -0.140644 0.463796 0.244048
  46 -6.434275 3.613540 17.480987 -0.007925 0.997480 0.070511 0.465753 0.154762
  45 -9.148669 -0.744970 22.476450 -0.995979 0.080699 -0.038906 0.536204 0.228175
artic_working1.bmp
  46 -6.434275 3.613540 17.480987 -0.007925 0.997480 0.070511 0.465753 0.154762
  46 -8.983125 -0.750067 19.058672 -0.993035 -0.013752 0.117013 0.536204 0.172619
  45 -9.148669 -0.744970 22.476450 -0.995979 0.080699 -0.038906 0.536204 0.228175
artic_working1.bmp
  45 -9.148669 -0.744970 22.476450 -0.995979 0.080699 -0.038906 0.536204 0.228175
  46 -8.983125 -0.750067 19.058672 -0.993035 -0.013752 0.117013 0.536204 0.172619
  50 -6.911207 -3.764531 19.592204 -0.597557 -0.801825 -0.001214 0.592955 0.184524
artic_working1.bmp
  46 -8.983125 -0.750067 19.058672 -0.993035 -0.013752 0.117013 0.536204 0.172619
  46 -11.288030 -0.559942 11.142879 -0.988054 -0.097866 -0.119044 0.534247 0.039683
  50 -6.911207 -3.764531 19.592204 -0.597557 -0.801825 -0.001214 0.592955 0.184524
artic_working1.bmp
  1 0.243860 -4.293649 33.752473 0.992507 -0.069947 0.100187 0.346380 0.426587
  45 0.823453 2.421753 32.830161 0.821036 0.550808 -0.150037 0.381605 0.418651
  1 -0.326159 3.085579 35.985021 0.896497 0.363907 0.252716 0.407045 0.460317
artic_working1.bmp
  1 -0.326159 3.085579 35.985021 0.896497 0.363907 0.252716 0.407045 0.460317
  45 0.823453 2.421753 32.830161 0.821036 0.550808 -0.150037 0.381605 0.418651
  45 -3.675224 6.502924 35.857378 0.112402 0.982088 -0.151224 0.461840 0.458333
artic_working1.bmp
  45 0.823453 2.421753 32.830161 0.821036 0.550808 -0.150037 0.381605 0.418651
  45 -4.156794 5.699211 34.018183 -0.440314 0.891337 -0.107902 0.465753 0.426587
  45 -3.675224 6.502924 35.857378 0.112402 0.982088 -0.151224 0.461840 0.458333
artic_working1.bmp
  45 -3.675224 6.502924 35.857378 0.112402 0.982088 -0.151224 0.461840 0.458333
  45 -4.156794 5.699211 34.018183 -0.440314 0.891337 -0.107902 0.465753 0.426587
  45 -6.899270 -0.094083 36.597323 -0.968555 -0.033683 0.246509 0.540117 0.460317
artic_working1.bmp
  45 -4.156794 5.699211 34.018183 -0.440314 0.891337 -0.107902 0.465753 0.426587
  45 -9.086430 -0.210035 28.300028 -0.972599 0.207422 0.105011 0.536204 0.323413
  45 -6.899270 -0.094083 36.597323 -0.968555 -0.033683 0.246509 0.540117 0.460317
artic_working1.bmp
  45 -6.899270 -0.094083 36.597323 -0.968555 -0.033683 0.246509 0.540117 0.460317
  45 -9.086430 -0.210035 28.300028 -0.972599 0.207422 0.105011 0.536204 0.323413
  45 -6.396638 -5.490749 28.286519 -0.560708 -0.826677 0.047023 0.585127 0.325397
artic_working1.bmp
  45 -9.086430 -0.210035 28.300028 -0.972599 0.207422 0.105011 0.536204 0.323413
  45 -9.148669 -0.744970 22.476450 -0.995979 0.080699 -0.038906 0.536204 0.228175
  45 -6.396638 -5.490749 28.286519 -0.560708 -0.826677 0.047023 0.585127 0.325397
artic_working1.bmp
  45 -6.396638 -5.490749 28.286519 -0.560708 -0.826677 0.047023 0.585127 0.325397
  45 -9.148669 -0.744970 22.476450 -0.995979 0.080699 -0.038906 0.536204 0.228175
  50 -6.945722 -4.370749 22.006889 -0.401522 -0.895727 -0.190924 0.587084 0.224206
artic_working1.bmp
  45 -9.148669 -0.744970 22.476450 -0.995979 0.080699 -0.038906 0.536204 0.228175
  50 -6.911207 -3.764531 19.592204 -0.597557 -0.801825 -0.001214 0.592955 0.184524
  50 -6.945722 -4.370749 22.006889 -0.401522 -0.895727 -0.190924 0.587084 0.224206
artic_working1.bmp
  18 22.459385 -0.549449 52.072878 0.125170 0.521042 -0.844303 0.054795 0.259921
  18 19.258624 2.657407 53.438821 -0.011735 0.807038 -0.590383 0.084149 0.194444
  18 20.495632 3.057212 54.192257 0.052019 0.907815 -0.416132 0.097847 0.222222
artic_working1.bmp
  18 20.495632 3.057212 54.192257 0.052019 0.907815 -0.416132 0.097847 0.222222
  18 19.258624 2.657407 53.438821 -0.011735 0.807038 -0.590383 0.084149 0.194444
  18 19.128913 2.679941 55.253364 -0.103592 0.878617 0.466155 0.127202 0.198413
artic_working1.bmp
  18 19.258624 2.657407 53.438821 -0.011735 0.807038 -0.590383 0.084149 0.194444
  9 15.866307 3.099341 54.506399 0.123209 0.991951 0.029210 0.111546 0.136905
  18 19.128913 2.679941 55.253364 -0.103592 0.878617 0.466155 0.127202 0.198413
artic_working1.bmp
  18 19.128913 2.679941 55.253364 -0.103592 0.878617 0.466155 0.127202 0.198413
  9 15.866307 3.099341 54.506399 0.123209 0.991951 0.029210 0.111546 0.136905
  9 17.677170 -0.125248 57.543470 -0.035646 0.211236 0.976785 0.178082 0.166667
artic_working1.bmp
  9 15.866307 3.099341 54.506399 0.123209 0.991951 0.029210 0.111546 0.136905
  19 12.864187 -0.373319 57.869738 0.154284 0.004410 0.988017 0.178082 0.077381
  9 17.677170 -0.125248 57.543470 -0.035646 0.211236 0.976785 0.178082 0.166667
artic_working1.bmp
  9 17.677170 -0.125248 57.543470 -0.035646 0.211236 0.976785 0.178082 0.166667
  19 12.864187 -0.373319 57.869738 0.154284 0.004410 0.988017 0.178082 0.077381
  9 16.475277 -3.639803 56.367394 0.032983 -0.784497 0.619255 0.223092 0.144841
artic_working1.bmp
  19 12.864187 -0.373319 57.869738 0.154284 0.004410 0.988017 0.178082 0.077381
  21 9.415611 -3.280829 56.499686 -0.015462 -0.798804 0.601393 0.227006 0.023810
  9 16.475277 -3.639803 56.367394 0.032983 -0.784497 0.619255 0.223092 0.144841
artic_working1.bmp
  9 16.475277 -3.639803 56.367394 0.032983 -0.784497 0.619255 0.223092 0.144841
  21 9.415611 -3.280829 56.499686 -0.015462 -0.798804 0.601393 0.227006 0.023810
  19 12.043793 -4.310709 52.609433 0.132745 -0.877874 -0.460126 0.297456 0.065476
artic_working1.bmp
  21 9.415611 -3.280829 56.499686 -0.015462 -0.798804 0.601393 0.227006 0.023810
  5 8.763856 -4.271113 51.002514 0.262073 -0.706371 -0.657539 0.307241 0.019841
  19 12.043793 -4.310709 52.609433 0.132745 -0.877874 -0.460126 0.297456 0.065476
artic_working1.bmp
  36 0.253876 4.774343 57.699157 0.000364 0.897106 0.441816 0.518591 0.817460
  5 0.253873 6.567571 52.155088 -0.000075 0.986387 0.164439 0.518591 0.744048
  22 -6.140090 3.563209 57.401560 -0.238801 0.896955 0.372084 0.602740 0.813492
artic_working1.bmp
  22 -6.140090 3.563209 57.401560 -0.238801 0.896955 0.372084 0.602740 0.813492
  5 0.253873 6.567571 52.155088 -0.000075 0.986387 0.164439 0.518591 0.744048
  5 -7.266129 5.638822 51.084018 -0.682591 0.729569 -0.042420 0.618395 0.730159
artic_working1.bmp
  5 0.253873 6.567571 52.155088 -0.000075 0.986387 0.164439 0.518591 0.744048
  3 -5.316134 5.787718 46.386726 -0.442157 0.865669 -0.234765 0.604697 0.666667
  5 -7.266129 5.638822 51.084018 -0.682591 0.729569 -0.042420 0.618395 0.730159
artic_working1.bmp
  5 -7.266129 5.638822 51.084018 -0.682591 0.729569 -0.042420 0.618395 0.730159
  3 -5.316134 5.787718 46.386726 -0.442157 0.865669 -0.234765 0.604697 0.666667
  3 -7.666144 -0.101144 45.370136 -0.965391 0.066490 -0.252190 0.694716 0.652778
artic_working1.bmp
  3 -5.316134 5.787718 46.386726 -0.442157 0.865669 -0.234765 0.604697 0.666667
  2 -6.896146 0.078112 43.111703 -0.961253 0.154246 -0.228474 0.692759 0.623016
  3 -7.666144 -0.101144 45.370136 -0.965391 0.066490 -0.252190 0.694716 0.652778
artic_working1.bmp
  3 -7.666144 -0.101144 45.370136 -0.965391 0.066490 -0.252190 0.694716 0.652778
  2 -6.896146 0.078112 43.111703 -0.961253 0.154246 -0.228474 0.692759 0.623016
  3 -6.276151 -5.231177 45.394393 -0.655713 -0.727303 -0.202661 0.771037 0.652778
artic_working1.bmp
  2 -6.896146 0.078112 43.111703 -0.961253 0.154246 -0.228474 0.692759 0.623016
  2 -5.746152 -3.960835 42.137322 -0.828480 -0.536311 -0.161218 0.767123 0.611111
  3 -6.276151 -5.231177 45.394393 -0.655713 -0.727303 -0.202661 0.771037 0.652778
artic_working1.bmp
  3 -6.276151 -5.231177 45.394393 -0.655713 -0.727303 -0.202661 0.771037 0.652778
  2 -5.746152 -3.960835 42.137322 -0.828480 -0.536311 -0.161218 0.767123 0.611111
  2 -1.206156 -6.029963 41.325073 -0.249262 -0.962414 -0.107833 0.847358 0.603175
artic_working1.bmp
  2 -5.746152 -3.960835 42.137322 -0.828480 -0.536311 -0.161218 0.767123 0.611111
  2 -5.566155 -4.208559 40.037052 -0.689780 -0.715210 0.112599 0.769080 0.583333
  2 -1.206156 -6.029963 41.325073 -0.249262 -0.962414 -0.107833 0.847358 0.603175
artic_working1.bmp
  39 8.927298 0.270136 31.748114 0.997958 0.048803 -0.041207 0.688845 0.470238
  39 8.677425 -2.046012 35.764534 0.959718 -0.230229 0.161045 0.720157 0.523810
  39 6.996908 -5.038106 31.864132 0.869227 -0.494386 0.005147 0.769080 0.472222
artic_working1.bmp
  39 6.996908 -5.038106 31.864132 0.869227 -0.494386 0.005147 0.769080 0.472222
  39 8.677425 -2.046012 35.764534 0.959718 -0.230229 0.161045 0.720157 0.523810
  2 6.053845 -4.218684 40.137029 0.904659 -0.392550 0.165820 0.769080 0.583333
artic_working1.bmp
  39 8.677425 -2.046012 35.764534 0.959718 -0.230229 0.161045 0.720157 0.523810
  2 7.083852 0.070304 41.071679 0.983188 0.101997 0.151456 0.692759 0.595238
  2 6.053845 -4.218684 40.137029 0.904659 -0.392550 0.165820 0.769080 0.583333
artic_working1.bmp
  2 6.053845 -4.218684 40.137029 0.904659 -0.392550 0.165820 0.769080 0.583333
  2 7.083852 0.070304 41.071679 0.983188 0.101997 0.151456 0.692759 0.595238
  2 6.213848 -3.990972 42.247277 0.970141 -0.214690 -0.112851 0.767123 0.611111
artic_working1.bmp
  2 7.083852 0.070304 41.071679 0.983188 0.101997 0.151456 0.692759 0.595238
  2 7.253854 0.047983 43.211656 0.968494 0.083043 -0.234785 0.692759 0.623016
  2 6.213848 -3.990972 42.247277 0.970141 -0.214690 -0.112851 0.767123 0.611111
artic_working1.bmp
  2 6.213848 -3.990972 42.247277 0.970141 -0.214690 -0.112851 0.767123 0.611111
  2 7.253854 0.047983 43.211656 0.968494 0.083043 -0.234785 0.692759 0.623016
  3 6.593849 -5.230927 45.154380 0.938942 -0.212984 -0.270231 0.771037 0.652778
artic_working1.bmp
  2 7.253854 0.047983 43.211656 0.968494 0.083043 -0.234785 0.692759 0.623016
  3 7.923857 -0.111245 45.440109 0.964376 0.060014 -0.257639 0.694716 0.652778
  3 6.593849 -5.230927 45.154380 0.938942 -0.212984 -0.270231 0.771037 0.652778
artic_working1.bmp
  3 6.593849 -5.230927 45.154380 0.938942 -0.212984 -0.270231 0.771037 0.652778
  3 7.923857 -0.111245 45.440109 0.964376 0.060014 -0.257639 0.694716 0.652778
  5 8.763856 -4.271113 51.002514 0.961672 -0.126987 -0.243024 0.749511 0.744048
artic_working1.bmp
  3 7.923857 -0.111245 45.440109 0.964376 0.060014 -0.257639 0.694716 0.652778
  5 8.653861 -0.099458 49.577349 0.960869 0.134079 -0.242393 0.692759 0.710317
  5 8.763856 -4.271113 51.002514 0.961672 -0.126987 -0.243024 0.749511 0.744048
artic_working1.bmp
  59 0.413870 -0.986656 63.220497 -0.161440 0.101727 -0.981626 0.193738 0.575397
  59 0.453869 -1.606653 63.210284 -0.200232 -0.430147 -0.880273 0.197652 0.583333
  59 0.003869 -1.466697 63.340331 -0.590812 -0.353457 -0.725265 0.185910 0.585317
artic_working1.bmp
  59 0.003869 -1.466697 63.340331 -0.590812 -0.353457 -0.725265 0.185910 0.585317
  59 0.453869 -1.606653 63.210284 -0.200232 -0.430147 -0.880273 0.197652 0.583333
  59 -0.036133 -1.666786 63.600262 -0.629021 -0.644810 -0.434227 0.176125 0.591270
artic_working1.bmp
  59 0.453869 -1.606653 63.210284 -0.200232 -0.430147 -0.880273 0.197652 0.583333
  59 0.463867 -1.826756 63.510208 -0.215930 -0.843703 -0.491467 0.193738 0.591270
  59 -0.036133 -1.666786 63.600262 -0.629021 -0.644810 -0.434227 0.176125 0.591270
artic_working1.bmp
  59 -0.036133 -1.666786 63.600262 -0.629021 -0.644810 -0.434227 0.176125 0.591270
  59 0.463867 -1.826756 63.510208 -0.215930 -0.843703 -0.491467 0.193738 0.591270
  59 -0.006134 -1.816903 63.940210 -0.550366 -0.825207 -0.127005 0.180039 0.597222
artic_working1.bmp
  59 0.463867 -1.826756 63.510208 -0.215930 -0.843703 -0.491467 0.193738 0.591270
  59 0.483866 -1.996890 63.900150 -0.182222 -0.973682 -0.136887 0.195695 0.597222
  59 -0.006134 -1.816903 63.940210 -0.550366 -0.825207 -0.127005 0.180039 0.597222
artic_working1.bmp
  59 -0.006134 -1.816903 63.940210 -0.550366 -0.825207 -0.127005 0.180039 0.597222
  59 0.483866 -1.996890 63.900150 -0.182222 -0.973682 -0.136887 0.195695 0.597222
  59 0.163866 -1.867017 64.270194 -0.279191 -0.955348 0.096762 0.183953 0.601190
artic_working1.bmp
  59 0.483866 -1.996890 63.900150 -0.182222 -0.973682 -0.136887 0.195695 0.597222
  59 0.693865 -1.977004 64.230157 -0.094876 -0.990055 0.103877 0.201566 0.601190
  59 0.163866 -1.867017 64.270194 -0.279191 -0.955348 0.096762 0.183953 0.601190
artic_working1.bmp
  59 0.163866 -1.867017 64.270194 -0.279191 -0.955348 0.096762 0.183953 0.601190
  59 0.693865 -1.977004 64.230157 -0.094876 -0.990055 0.103877 0.201566 0.601190
  59 0.353865 -1.877144 64.640191 -0.275383 -0.959203 -0.063979 0.189824 0.605159
artic_working1.bmp
  59 0.693865 -1.977004 64.230157 -0.094876 -0.990055 0.103877 0.201566 0.601190
  59 0.693865 -1.947128 64.590167 -0.151340 -0.973668 -0.170489 0.201566 0.607143
  59 0.353865 -1.877144 64.640191 -0.275383 -0.959203 -0.063979 0.189824 0.605159
artic_working1.bmp
  60 -0.466133 -2.426679 63.291000 -0.599838 -0.797249 -0.067741 0.209393 0.662698
  60 -0.676133 -2.266648 63.201054 -0.659342 -0.743959 -0.108597 0.203523 0.658730
  60 -0.456133 -2.356614 63.101024 -0.503095 -0.740136 -0.446200 0.209393 0.658730
artic_working1.bmp
  60 -0.456133 -2.356614 63.101024 -0.503095 -0.740136 -0.446200 0.209393 0.658730
  60 -0.676133 -2.266648 63.201054 -0.659342 -0.743959 -0.108597 0.203523 0.658730
  60 -0.676132 -2.126579 63.001102 -0.514020 -0.463583 -0.721716 0.203523 0.654762
artic_working1.bmp
  60 -0.676133 -2.266648 63.201054 -0.659342 -0.743959 -0.108597 0.203523 0.658730
  60 -0.866132 -2.046620 63.121129 -0.828593 -0.491941 -0.267259 0.199609 0.656746
  60 -0.676132 -2.126579 63.001102 -0.514020 -0.463583 -0.721716 0.203523 0.654762
artic_working1.bmp
  60 -0.676132 -2.126579 63.001102 -0.514020 -0.463583 -0.721716 0.203523 0.654762
  60 -0.866132 -2.046620 63.121129 -0.828593 -0.491941 -0.267259 0.199609 0.656746
  60 -0.726131 -1.846568 62.971198 -0.425336 -0.284834 -0.859046 0.203523 0.652778
artic_working1.bmp
  60 -0.866132 -2.046620 63.121129 -0.828593 -0.491941 -0.267259 0.199609 0.656746
  60 -1.006131 -1.636589 63.031270 -0.694997 -0.426552 -0.578820 0.195695 0.650794
  60 -0.726131 -1.846568 62.971198 -0.425336 -0.284834 -0.859046 0.203523 0.652778
artic_working1.bmp
  60 -0.726131 -1.846568 62.971198 -0.425336 -0.284834 -0.859046 0.203523 0.652778
  60 -1.006131 -1.636589 63.031270 -0.694997 -0.426552 -0.578820 0.195695 0.650794
  60 -0.836130 -1.496527 62.851318 -0.482403 -0.725316 -0.491125 0.199609 0.646825
artic_working1.bmp
  60 -1.006131 -1.636589 63.031270 -0.694997 -0.426552 -0.578820 0.195695 0.650794
  60 -1.166130 -1.276557 62.941393 -0.708799 -0.627621 -0.322018 0.189824 0.646825
  60 -0.836130 -1.496527 62.851318 -0.482403 -0.725316 -0.491125 0.199609 0.646825
artic_working1.bmp
  60 -0.836130 -1.496527 62.851318 -0.482403 -0.725316 -0.491125 0.199609 0.646825
  60 -1.166130 -1.276557 62.941393 -0.708799 -0.627621 -0.322018 0.189824 0.646825
  60 -1.056129 -1.356437 62.591366 -0.599838 -0.797249 -0.067741 0.193738 0.640873
artic_working1.bmp
  60 -1.166130 -1.276557 62.941393 -0.708799 -0.627621 -0.322018 0.189824 0.646825
  60 -1.266129 -1.096396 62.471455 -0.752751 -0.651051 -0.097463 0.187867 0.623016
  60 -1.056129 -1.356437 62.591366 -0.599838 -0.797249 -0.067741 0.193738 0.640873
artic_working1.bmp
  60 -0.456132 -2.226559 62.941068 0.373749 -0.471123 -0.798971 0.209393 0.654762
  60 -0.276132 -2.146573 62.981096 0.481766 -0.470804 -0.739084 0.215264 0.654762
  60 -0.456133 -2.356614 63.101024 0.486754 -0.757214 -0.435542 0.209393 0.658730
artic_working1.bmp
  60 -0.456133 -2.356614 63.101024 0.486754 -0.757214 -0.435542 0.209393 0.658730
  60 -0.276132 -2.146573 62.981096 0.481766 -0.470804 -0.739084 0.215264 0.654762
  60 -0.276133 -2.286645 63.191048 0.674510 -0.736226 -0.054847 0.215264 0.658730
artic_working1.bmp
  60 -0.276132 -2.146573 62.981096 0.481766 -0.470804 -0.739084 0.215264 0.654762
  60 -0.116132 -2.086608 63.081117 0.831755 -0.490943 -0.259150 0.219178 0.656746
  60 -0.276133 -2.286645 63.191048 0.674510 -0.736226 -0.054847 0.215264 0.658730
artic_working1.bmp
  60 -0.276133 -2.286645 63.191048 0.674510 -0.736226 -0.054847 0.215264 0.658730
  60 -0.116132 -2.086608 63.081117 0.831755 -0.490943 -0.259150 0.219178 0.656746
  60 -0.276133 -2.206690 63.321076 0.701572 -0.671547 0.238373 0.215264 0.660714
artic_working1.bmp
  60 -0.116132 -2.086608 63.081117 0.831755 -0.490943 -0.259150 0.219178 0.656746
  60 -0.206134 -2.086848 63.781117 0.867974 -0.451044 0.207801 0.217221 0.668651
  60 -0.276133 -2.206690 63.321076 0.701572 -0.671547 0.238373 0.215264 0.660714
artic_working1.bmp
  60 -0.276133 -2.206690 63.321076 0.701572 -0.671547 0.238373 0.215264 0.660714
  60 -0.206134 -2.086848 63.781117 0.867974 -0.451044 0.207801 0.217221 0.668651
  60 -0.476135 -2.166944 64.061089 0.501029 -0.836348 0.222467 0.209393 0.674603
artic_working1.bmp
  60 -0.206134 -2.086848 63.781117 0.867974 -0.451044 0.207801 0.217221 0.668651
  60 -0.436136 -1.977150 64.661154 0.572526 -0.787144 0.229385 0.211350 0.682540
  60 -0.476135 -2.166944 64.061089 0.501029 -0.836348 0.222467 0.209393 0.674603
artic_working1.bmp
  60 -0.476135 -2.166944 64.061089 0.501029 -0.836348 0.222467 0.209393 0.674603
  60 -0.436136 -1.977150 64.661154 0.572526 -0.787144 0.229385 0.211350 0.682540
  60 -0.506136 -2.017146 64.651140 0.486345 -0.823999 0.290679 0.209393 0.682540
artic_working1.bmp
  60 -0.436136 -1.977150 64.661154 0.572526 -0.787144 0.229385 0.211350 0.682540
  60 -0.506136 -1.887256 64.971185 0.313520 -0.905165 0.287022 0.207436 0.688492
  60 -0.506136 -2.017146 64.651140 0.486345 -0.823999 0.290679 0.209393 0.682540
artic_working1.bmp
  61 0.953869 -1.416638 63.162350 0.963291 -0.226530 -0.144063 0.281800 0.660714
  61 1.173871 -0.286769 63.542739 0.979392 -0.134680 -0.150505 0.301370 0.668651
  61 0.863867 -1.826765 63.532209 0.936410 -0.339269 -0.089627 0.279843 0.674603
artic_working1.bmp
  61 0.863867 -1.826765 63.532209 0.936410 -0.339269 -0.089627 0.279843 0.674603
  61 1.173871 -0.286769 63.542739 0.979392 -0.134680 -0.150505 0.301370 0.668651
  61 1.213869 -0.676893 63.902605 0.953721 -0.190165 -0.232924 0.293542 0.678571
artic_working1.bmp
  61 1.173871 -0.286769 63.542739 0.979392 -0.134680 -0.150505 0.301370 0.668651
  61 1.233872 0.733073 64.003090 0.987452 0.031629 -0.154721 0.313112 0.686508
  61 1.213869 -0.676893 63.902605 0.953721 -0.190165 -0.232924 0.293542 0.678571
artic_working1.bmp
  61 1.213869 -0.676893 63.902605 0.953721 -0.190165 -0.232924 0.293542 0.678571
  61 1.233872 0.733073 64.003090 0.987452 0.031629 -0.154721 0.313112 0.686508
  61 1.343868 -0.687003 64.222602 0.979392 -0.134680 -0.150505 0.293542 0.688492
artic_working1.bmp
  61 1.233872 0.733073 64.003090 0.987452 0.031629 -0.154721 0.313112 0.686508
  61 1.243870 0.482867 64.603004 0.994752 0.055807 0.085753 0.307241 0.702381
  61 1.343868 -0.687003 64.222602 0.979392 -0.134680 -0.150505 0.293542 0.688492
artic_working1.bmp
  61 1.343868 -0.687003 64.222602 0.979392 -0.134680 -0.150505 0.293542 0.688492
  61 1.243870 0.482867 64.603004 0.994752 0.055807 0.085753 0.307241 0.702381
  61 1.263866 -0.997257 64.962495 0.965762 -0.140683 0.217972 0.287671 0.706349
artic_working1.bmp
  61 1.243870 0.482867 64.603004 0.994752 0.055807 0.085753 0.307241 0.702381
  61 1.173868 0.212650 65.232911 0.974757 -0.043270 0.219037 0.305284 0.714286
  61 1.263866 -0.997257 64.962495 0.965762 -0.140683 0.217972 0.287671 0.706349
artic_working1.bmp
  61 1.263866 -0.997257 64.962495 0.965762 -0.140683 0.217972 0.287671 0.706349
  61 1.173868 0.212650 65.232911 0.974757 -0.043270 0.219037 0.305284 0.714286
  61 0.943864 -0.647548 65.812614 0.928299 -0.162164 0.334611 0.287671 0.730159
artic_working1.bmp
  61 1.173868 0.212650 65.232911 0.974757 -0.043270 0.219037 0.305284 0.714286
  61 1.043866 0.182393 65.982900 0.973639 -0.159185 0.163363 0.303327 0.734127
  61 0.943864 -0.647548 65.812614 0.928299 -0.162164 0.334611 0.287671 0.730159
artic_working1.bmp
  67 0.193862 -1.987508 65.698152 -0.416487 -0.879446 0.230464 0.176125 0.704365
  67 0.123863 -1.937415 65.428169 -0.465294 -0.875840 -0.128084 0.174168 0.698413
  67 0.973862 -2.187423 65.448085 -0.244618 -0.965166 -0.092821 0.191781 0.698413
artic_working1.bmp
  67 0.973862 -2.187423 65.448085 -0.244618 -0.965166 -0.092821 0.191781 0.698413
  67 0.123863 -1.937415 65.428169 -0.465294 -0.875840 -0.128084 0.174168 0.698413
  67 0.963863 -2.117320 65.148109 -0.244618 -0.965166 -0.092821 0.191781 0.692460
artic_working1.bmp
  67 0.123863 -1.937415 65.428169 -0.465294 -0.875840 -0.128084 0.174168 0.698413
  67 0.073864 -1.857311 65.128197 -0.460786 -0.884696 0.070639 0.172211 0.692460
  67 0.963863 -2.117320 65.148109 -0.244618 -0.965166 -0.092821 0.191781 0.692460
artic_working1.bmp
  67 0.963863 -2.117320 65.148109 -0.244618 -0.965166 -0.092821 0.191781 0.692460
  67 0.073864 -1.857311 65.128197 -0.460786 -0.884696 0.070639 0.172211 0.692460
  67 0.623864 -2.057230 64.888129 -0.178661 -0.981461 0.069389 0.183953 0.686508
artic_working1.bmp
  67 0.073864 -1.857311 65.128197 -0.460786 -0.884696 0.070639 0.172211 0.692460
  67 0.363864 -2.037157 64.678136 -0.255794 -0.965832 0.041690 0.180039 0.682540
  67 0.623864 -2.057230 64.888129 -0.178661 -0.981461 0.069389 0.183953 0.686508
artic_working1.bmp
  67 0.623864 -2.057230 64.888129 -0.178661 -0.981461 0.069389 0.183953 0.686508
  67 0.363864 -2.037157 64.678136 -0.255794 -0.965832 0.041690 0.180039 0.682540
  67 0.913865 -2.117076 64.438109 -0.099434 -0.994178 -0.041506 0.185910 0.676587
artic_working1.bmp
  67 0.363864 -2.037157 64.678136 -0.255794 -0.965832 0.041690 0.180039 0.682540
  67 0.683865 -2.067000 64.218126 -0.133993 -0.964527 -0.227448 0.174168 0.670635
  67 0.913865 -2.117076 64.438109 -0.099434 -0.994178 -0.041506 0.185910 0.676587
artic_working1.bmp
  67 0.913865 -2.117076 64.438109 -0.099434 -0.994178 -0.041506 0.185910 0.676587
  67 0.683865 -2.067000 64.218126 -0.133993 -0.964527 -0.227448 0.174168 0.670635
  67 1.053866 -1.966860 63.808161 -0.057105 -0.957534 -0.282610 0.187867 0.666667
artic_working1.bmp
  67 0.683865 -2.067000 64.218126 -0.133993 -0.964527 -0.227448 0.174168 0.670635
  67 0.863867 -1.856777 63.568199 -0.124671 -0.932668 -0.338509 0.178082 0.660714
  67 1.053866 -1.966860 63.808161 -0.057105 -0.957534 -0.282610 0.187867 0.666667
artic_working1.bmp
  68 -0.346136 -0.777593 65.949567 -0.273633 -0.375227 0.885624 0.207436 0.769841
  68 -1.026136 -1.227426 65.469411 -0.369717 -0.650647 0.663301 0.193738 0.761905
  68 -0.386137 -1.567435 65.489295 -0.369717 -0.650647 0.663301 0.207436 0.757937
artic_working1.bmp
  68 -0.386137 -1.567435 65.489295 -0.369717 -0.650647 0.663301 0.207436 0.757937
  68 -1.026136 -1.227426 65.469411 -0.369717 -0.650647 0.663301 0.193738 0.761905
  68 -0.406136 -1.887228 64.889185 -0.442984 -0.819943 0.362572 0.207436 0.748016
artic_working1.bmp
  68 -1.026136 -1.227426 65.469411 -0.369717 -0.650647 0.663301 0.193738 0.761905
  68 -1.086135 -1.527224 64.879307 -0.397839 -0.854125 0.334954 0.193738 0.750000
  68 -0.406136 -1.887228 64.889185 -0.442984 -0.819943 0.362572 0.207436 0.748016
artic_working1.bmp
  68 -0.406136 -1.887228 64.889185 -0.442984 -0.819943 0.362572 0.207436 0.748016
  68 -1.086135 -1.527224 64.879307 -0.397839 -0.854125 0.334954 0.193738 0.750000
  68 -0.386135 -2.056981 64.169127 -0.364407 -0.904080 0.223262 0.209393 0.734127
artic_working1.bmp
  68 -1.086135 -1.527224 64.879307 -0.397839 -0.854125 0.334954 0.193738 0.750000
  68 -1.116134 -1.796990 64.199215 -0.300692 -0.927686 0.221321 0.195695 0.738095
  68 -0.386135 -2.056981 64.169127 -0.364407 -0.904080 0.223262 0.209393 0.734127
artic_working1.bmp
  68 -0.386135 -2.056981 64.169127 -0.364407 -0.904080 0.223262 0.209393 0.734127
  68 -1.116134 -1.796990 64.199215 -0.300692 -0.927686 0.221321 0.195695 0.738095
  68 -0.346133 -2.156747 63.489093 -0.293683 -0.946541 0.133458 0.207436 0.722222
artic_working1.bmp
  68 -1.116134 -1.796990 64.199215 -0.300692 -0.927686 0.221321 0.195695 0.738095
  68 -1.076133 -1.936756 63.519167 -0.255742 -0.954509 0.153326 0.193738 0.726190
  68 -0.346133 -2.156747 63.489093 -0.293683 -0.946541 0.133458 0.207436 0.722222
artic_working1.bmp
  68 -0.346133 -2.156747 63.489093 -0.293683 -0.946541 0.133458 0.207436 0.722222
  68 -1.076133 -1.936756 63.519167 -0.255742 -0.954509 0.153326 0.193738 0.726190
  68 -0.316132 -2.236531 62.859065 -0.255742 -0.954509 0.153326 0.207436 0.714286
artic_working1.bmp
  68 -1.076133 -1.936756 63.519167 -0.255742 -0.954509 0.153326 0.193738 0.726190
  68 -1.036132 -2.056567 62.969126 -0.212412 -0.960522 0.179664 0.191781 0.718254
  68 -0.316132 -2.236531 62.859065 -0.255742 -0.954509 0.153326 0.207436 0.714286
artic_working1.bmp
  68 1.093868 -1.566747 63.479299 0.718752 -0.693805 0.045052 0.238748 0.726190
  68 1.183867 -1.456957 64.089337 0.673677 -0.725582 0.140324 0.238748 0.736111
  68 0.383867 -1.986732 63.439153 0.379908 -0.921721 0.078104 0.223092 0.722222
artic_working1.bmp
  68 0.383867 -1.986732 63.439153 0.379908 -0.921721 0.078104 0.223092 0.722222
  68 1.183867 -1.456957 64.089337 0.673677 -0.725582 0.140324 0.238748 0.736111
  68 0.423866 -1.936976 64.149170 0.365650 -0.910230 0.194376 0.223092 0.734127
artic_working1.bmp
  68 1.183867 -1.456957 64.089337 0.673677 -0.725582 0.140324 0.238748 0.736111
  68 1.183866 -1.157211 64.829440 0.633124 -0.667710 0.391557 0.240705 0.750000
  68 0.423866 -1.936976 64.149170 0.365650 -0.910230 0.194376 0.223092 0.734127
artic_working1.bmp
  68 0.423866 -1.936976 64.149170 0.365650 -0.910230 0.194376 0.223092 0.734127
  68 1.183866 -1.157211 64.829440 0.633124 -0.667710 0.391557 0.240705 0.750000
  68 0.363864 -1.677257 64.969259 0.370520 -0.829352 0.418199 0.223092 0.750000
artic_working1.bmp
  68 1.183866 -1.157211 64.829440 0.633124 -0.667710 0.391557 0.240705 0.750000
  68 1.013865 -0.787424 65.449567 0.540130 -0.573672 0.615760 0.240705 0.763889
  68 0.363864 -1.677257 64.969259 0.370520 -0.829352 0.418199 0.223092 0.750000
artic_working1.bmp
  68 0.363864 -1.677257 64.969259 0.370520 -0.829352 0.418199 0.223092 0.750000
  68 1.013865 -0.787424 65.449567 0.540130 -0.573672 0.615760 0.240705 0.763889
  68 0.313864 -1.257467 65.579403 0.304386 -0.622662 0.720862 0.223092 0.761905
artic_working1.bmp
  68 1.013865 -0.787424 65.449567 0.540130 -0.573672 0.615760 0.240705 0.763889
  68 0.333865 -0.407594 65.949696 0.251932 -0.331555 0.909176 0.228963 0.773810
  68 0.313864 -1.257467 65.579403 0.304386 -0.622662 0.720862 0.223092 0.761905
artic_working1.bmp
  68 0.313864 -1.257467 65.579403 0.304386 -0.622662 0.720862 0.223092 0.761905
  68 0.333865 -0.407594 65.949696 0.251932 -0.331555 0.909176 0.228963 0.773810
  68 -0.346136 -0.777593 65.949567 0.149267 -0.376498 0.914313 0.207436 0.769841
artic_working1.bmp
  68 0.333865 -0.407594 65.949696 0.251932 -0.331555 0.909176 0.228963 0.773810
  68 -0.316135 0.062338 66.149856 0.129260 -0.235484 0.963244 0.209393 0.779762
  68 -0.346136 -0.777593 65.949567 0.149267 -0.376498 0.914313 0.207436 0.769841
artic_working1.bmp
  69 -0.486137 -1.117555 65.840450 0.181214 -0.252827 0.950389 0.246575 0.781746
  69 0.163863 -1.627436 65.490276 0.345928 -0.461643 0.816835 0.254403 0.771825
  69 0.183864 -0.857529 65.760541 0.354664 -0.155446 0.921981 0.272016 0.783730
artic_working1.bmp
  69 0.183864 -0.857529 65.760541 0.354664 -0.155446 0.921981 0.272016 0.783730
  69 0.163863 -1.627436 65.490276 0.345928 -0.461643 0.816835 0.254403 0.771825
  69 0.653864 -1.197406 65.400425 0.621772 -0.270094 0.735152 0.272016 0.769841
artic_working1.bmp
  69 0.163863 -1.627436 65.490276 0.345928 -0.461643 0.816835 0.254403 0.771825
  69 0.553864 -1.957251 64.950163 0.593164 -0.545412 0.592184 0.256360 0.761905
  69 0.653864 -1.197406 65.400425 0.621772 -0.270094 0.735152 0.272016 0.769841
artic_working1.bmp
  69 0.653864 -1.197406 65.400425 0.621772 -0.270094 0.735152 0.272016 0.769841
  69 0.553864 -1.957251 64.950163 0.593164 -0.545412 0.592184 0.256360 0.761905
  69 1.013865 -1.507201 64.800319 0.829449 -0.386941 0.402853 0.270059 0.759921
artic_working1.bmp
  69 0.553864 -1.957251 64.950163 0.593164 -0.545412 0.592184 0.256360 0.761905
  69 0.623865 -2.227028 64.300071 0.775100 -0.596303 0.208908 0.254403 0.750000
  69 1.013865 -1.507201 64.800319 0.829449 -0.386941 0.402853 0.270059 0.759921
artic_working1.bmp
  69 1.013865 -1.507201 64.800319 0.829449 -0.386941 0.402853 0.270059 0.759921
  69 0.623865 -2.227028 64.300071 0.775100 -0.596303 0.208908 0.254403 0.750000
  69 1.083866 -1.616998 64.210282 0.899572 -0.427349 0.090242 0.270059 0.750000
artic_working1.bmp
  69 0.623865 -2.227028 64.300071 0.775100 -0.596303 0.208908 0.254403 0.750000
  69 0.653866 -2.276842 63.760054 0.823675 -0.565360 0.043900 0.254403 0.740079
  69 1.083866 -1.616998 64.210282 0.899572 -0.427349 0.090242 0.270059 0.750000
artic_working1.bmp
  69 1.083866 -1.616998 64.210282 0.899572 -0.427349 0.090242 0.270059 0.750000
  69 0.653866 -2.276842 63.760054 0.823675 -0.565360 0.043900 0.254403 0.740079
  69 1.063867 -1.666809 63.660264 0.904114 -0.426718 0.022142 0.268102 0.740079
artic_working1.bmp
  69 0.653866 -2.276842 63.760054 0.823675 -0.565360 0.043900 0.254403 0.740079
  69 0.613867 -2.356650 63.200026 0.823675 -0.565360 0.043900 0.254403 0.732143
  69 1.063867 -1.666809 63.660264 0.904114 -0.426718 0.022142 0.268102 0.740079
artic_working1.bmp
  70 1.053872 0.233349 63.201917 0.914418 0.399645 0.064219 0.348337 0.716270
  70 0.863870 0.432964 64.321986 0.844101 0.468030 0.261612 0.352250 0.736111
  70 1.173870 -0.316786 63.591729 0.966337 0.208224 0.151114 0.340509 0.726190
artic_working1.bmp
  70 1.173870 -0.316786 63.591729 0.966337 0.208224 0.151114 0.340509 0.726190
  70 0.863870 0.432964 64.321986 0.844101 0.468030 0.261612 0.352250 0.736111
  70 0.913868 -0.107215 64.841800 0.912563 0.280614 0.297464 0.346380 0.748016
artic_working1.bmp
  70 0.863870 0.432964 64.321986 0.844101 0.468030 0.261612 0.352250 0.736111
  70 0.413869 0.522752 64.942015 0.707470 0.537843 0.458487 0.360078 0.748016
  70 0.913868 -0.107215 64.841800 0.912563 0.280614 0.297464 0.346380 0.748016
artic_working1.bmp
  70 0.913868 -0.107215 64.841800 0.912563 0.280614 0.297464 0.346380 0.748016
  70 0.413869 0.522752 64.942015 0.707470 0.537843 0.458487 0.360078 0.748016
  70 0.743866 -0.307386 65.341731 0.795698 0.292329 0.530479 0.346380 0.757937
artic_working1.bmp
  70 0.413869 0.522752 64.942015 0.707470 0.537843 0.458487 0.360078 0.748016
  70 0.223868 0.342594 65.401953 0.559982 0.467852 0.683765 0.360078 0.757937
  70 0.743866 -0.307386 65.341731 0.795698 0.292329 0.530479 0.346380 0.757937
artic_working1.bmp
  70 0.743866 -0.307386 65.341731 0.795698 0.292329 0.530479 0.346380 0.757937
  70 0.223868 0.342594 65.401953 0.559982 0.467852 0.683765 0.360078 0.757937
  70 0.483865 -0.527516 65.721655 0.626592 0.149305 0.764912 0.346380 0.767857
artic_working1.bmp
  70 0.223868 0.342594 65.401953 0.559982 0.467852 0.683765 0.360078 0.757937
  70 -0.086136 -0.577615 66.011636 0.335114 0.153755 0.929547 0.354207 0.773810
  70 0.483865 -0.527516 65.721655 0.626592 0.149305 0.764912 0.346380 0.767857
artic_working1.bmp
  70 0.483865 -0.527516 65.721655 0.626592 0.149305 0.764912 0.346380 0.767857
  70 -0.086136 -0.577615 66.011636 0.335114 0.153755 0.929547 0.354207 0.773810
  70 0.113862 -1.897608 65.991183 0.495356 0.013242 0.868589 0.320939 0.779762
artic_working1.bmp
  70 -0.086136 -0.577615 66.011636 0.335114 0.153755 0.929547 0.354207 0.773810
  70 -0.496139 -1.897679 66.201181 0.258091 0.063157 0.964054 0.324853 0.785714
  70 0.113862 -1.897608 65.991183 0.495356 0.013242 0.868589 0.320939 0.779762
artic_working1.bmp
  75 -0.056131 -1.396713 63.386355 -0.785056 -0.605775 0.129320 0.160470 0.726190
  75 -0.146132 -1.296901 63.936389 -0.826093 -0.563051 0.023332 0.166341 0.736111
  75 -0.506131 -0.496911 63.966663 -0.920788 -0.362880 0.143065 0.148728 0.740079
artic_working1.bmp
  75 -0.506131 -0.496911 63.966663 -0.920788 -0.362880 0.143065 0.148728 0.740079
  75 -0.146132 -1.296901 63.936389 -0.826093 -0.563051 0.023332 0.166341 0.736111
  75 -0.496132 -0.367131 64.606707 -0.952998 -0.267827 0.141643 0.144814 0.751984
artic_working1.bmp
  75 -0.146132 -1.296901 63.936389 -0.826093 -0.563051 0.023332 0.166341 0.736111
  75 -0.216134 -1.197200 64.806423 -0.762688 -0.560770 0.322248 0.162427 0.750000
  75 -0.496132 -0.367131 64.606707 -0.952998 -0.267827 0.141643 0.144814 0.751984
artic_working1.bmp
  75 -0.496132 -0.367131 64.606707 -0.952998 -0.267827 0.141643 0.144814 0.751984
  75 -0.216134 -1.197200 64.806423 -0.762688 -0.560770 0.322248 0.162427 0.750000
  75 -0.346133 -0.277331 65.186739 -0.844192 -0.275819 0.459634 0.144814 0.763889
artic_working1.bmp
  75 -0.216134 -1.197200 64.806423 -0.762688 -0.560770 0.322248 0.162427 0.750000
  75 0.083865 -0.747417 65.436578 -0.574491 -0.454996 0.680396 0.160470 0.765873
  75 -0.346133 -0.277331 65.186739 -0.844192 -0.275819 0.459634 0.144814 0.763889
artic_working1.bmp
  75 -0.346133 -0.277331 65.186739 -0.844192 -0.275819 0.459634 0.144814 0.763889
  75 0.083865 -0.747417 65.436578 -0.574491 -0.454996 0.680396 0.160470 0.765873
  75 0.023866 -0.067500 65.676812 -0.582498 -0.284773 0.761315 0.146771 0.771825
artic_working1.bmp
  75 0.083865 -0.747417 65.436578 -0.574491 -0.454996 0.680396 0.160470 0.765873
  75 0.483865 -0.487556 65.836668 -0.377664 -0.349042 0.857636 0.162427 0.773810
  75 0.023866 -0.067500 65.676812 -0.582498 -0.284773 0.761315 0.146771 0.771825
artic_working1.bmp
  75 0.023866 -0.067500 65.676812 -0.582498 -0.284773 0.761315 0.146771 0.771825
  75 0.483865 -0.487556 65.836668 -0.377664 -0.349042 0.857636 0.162427 0.773810
  75 0.443866 0.192386 66.006902 -0.385406 -0.250347 0.888138 0.146771 0.783730
artic_working1.bmp
  75 0.483865 -0.487556 65.836668 -0.377664 -0.349042 0.857636 0.162427 0.773810
  75 1.113865 -0.077657 66.126811 -0.247216 -0.290494 0.924390 0.172211 0.781746
  75 0.443866 0.192386 66.006902 -0.385406 -0.250347 0.888138 0.146771 0.783730
artic_working1.bmp
  75 1.203864 -0.797578 65.896564 -0.253391 -0.419789 0.871533 0.185910 0.775794
  75 0.643864 -1.187439 65.496428 -0.390866 -0.608476 0.690638 0.176125 0.765873
  75 1.273863 -1.607430 65.466285 -0.393991 -0.645422 0.654371 0.191781 0.761905
artic_working1.bmp
  75 1.273863 -1.607430 65.466285 -0.393991 -0.645422 0.654371 0.191781 0.761905
  75 0.643864 -1.187439 65.496428 -0.390866 -0.608476 0.690638 0.176125 0.765873
  75 1.263864 -1.917224 64.866179 -0.358365 -0.807273 0.468919 0.195695 0.750000
artic_working1.bmp
  75 0.643864 -1.187439 65.496428 -0.390866 -0.608476 0.690638 0.176125 0.765873
  75 0.583865 -1.677222 64.866260 -0.417939 -0.779947 0.465843 0.180039 0.751984
  75 1.263864 -1.917224 64.866179 -0.358365 -0.807273 0.468919 0.195695 0.750000
artic_working1.bmp
  75 1.263864 -1.917224 64.866179 -0.358365 -0.807273 0.468919 0.195695 0.750000
  75 0.583865 -1.677222 64.866260 -0.417939 -0.779947 0.465843 0.180039 0.751984
  75 1.183865 -2.176990 64.186089 -0.375335 -0.882888 0.282192 0.195695 0.738095
artic_working1.bmp
  75 0.583865 -1.677222 64.866260 -0.417939 -0.779947 0.465843 0.180039 0.751984
  75 0.503866 -1.896947 64.066184 -0.531989 -0.830234 0.166433 0.181996 0.736111
  75 1.183865 -2.176990 64.186089 -0.375335 -0.882888 0.282192 0.195695 0.738095
artic_working1.bmp
  75 1.183865 -2.176990 64.186089 -0.375335 -0.882888 0.282192 0.195695 0.738095
  75 0.503866 -1.896947 64.066184 -0.531989 -0.830234 0.166433 0.181996 0.736111
  75 1.123866 -2.296760 63.516048 -0.446786 -0.879427 0.164286 0.189824 0.726190
artic_working1.bmp
  75 0.503866 -1.896947 64.066184 -0.531989 -0.830234 0.166433 0.181996 0.736111
  75 0.463867 -1.956741 63.466163 -0.595590 -0.791623 0.136403 0.174168 0.726190
  75 1.123866 -2.296760 63.516048 -0.446786 -0.879427 0.164286 0.189824 0.726190
artic_working1.bmp
  75 1.123866 -2.296760 63.516048 -0.446786 -0.879427 0.164286 0.189824 0.726190
  75 0.463867 -1.956741 63.466163 -0.595590 -0.791623 0.136403 0.174168 0.726190
  75 1.083867 -2.396570 62.966013 -0.462148 -0.864689 0.196805 0.187867 0.718254
artic_working1.bmp
  75 0.463867 -1.956741 63.466163 -0.595590 -0.791623 0.136403 0.174168 0.726190
  75 0.433868 -2.056559 62.936129 -0.598185 -0.776993 0.196102 0.172211 0.718254
  75 1.083867 -2.396570 62.966013 -0.462148 -0.864689 0.196805 0.187867 0.718254
artic_working1.bmp
  1 0.503841 3.035585 35.975004 -0.914037 0.369147 0.168126 0.941292 0.460317
  39 4.023702 6.458988 35.915338 -0.102967 0.976816 -0.187692 0.884540 0.458333
  39 -0.306041 2.441720 32.835437 -0.823208 0.542466 -0.167507 0.960861 0.412698
artic_working1.bmp
  39 -0.306041 2.441720 32.835437 -0.823208 0.542466 -0.167507 0.960861 0.412698
  39 4.023702 6.458988 35.915338 -0.102967 0.976816 -0.187692 0.884540 0.458333
  39 4.512284 5.647027 34.098113 0.444476 0.883758 -0.146334 0.880626 0.422619
artic_working1.bmp
  39 4.023702 6.458988 35.915338 -0.102967 0.976816 -0.187692 0.884540 0.458333
  39 7.253468 -0.149396 36.758413 0.976602 -0.025373 0.213552 0.814090 0.460317
  39 4.512284 5.647027 34.098113 0.444476 0.883758 -0.146334 0.880626 0.422619
artic_working1.bmp
  39 4.512284 5.647027 34.098113 0.444476 0.883758 -0.146334 0.880626 0.422619
  39 7.253468 -0.149396 36.758413 0.976602 -0.025373 0.213552 0.814090 0.460317
  39 8.962818 -0.583442 28.198376 0.971500 0.220536 0.086904 0.821918 0.315476
artic_working1.bmp
  39 7.253468 -0.149396 36.758413 0.976602 -0.025373 0.213552 0.814090 0.460317
  39 6.700369 -5.505397 28.447129 0.569620 -0.820528 0.047621 0.786693 0.323413
  39 8.962818 -0.583442 28.198376 0.971500 0.220536 0.086904 0.821918 0.315476
artic_working1.bmp
  39 8.962818 -0.583442 28.198376 0.971500 0.220536 0.086904 0.821918 0.315476
  39 6.700369 -5.505397 28.447129 0.569620 -0.820528 0.047621 0.786693 0.323413
  39 9.401433 -0.740860 22.496504 0.995852 0.090975 -0.001300 0.819961 0.222222
artic_working1.bmp
  39 6.700369 -5.505397 28.447129 0.569620 -0.820528 0.047621 0.786693 0.323413
  44 7.213286 -4.398785 21.993779 0.405849 -0.892330 -0.197571 0.774951 0.218254
  39 9.401433 -0.740860 22.496504 0.995852 0.090975 -0.001300 0.819961 0.222222
artic_working1.bmp
  39 9.401433 -0.740860 22.496504 0.995852 0.090975 -0.001300 0.819961 0.222222
  44 7.213286 -4.398785 21.993779 0.405849 -0.892330 -0.197571 0.774951 0.218254
  44 7.178520 -3.741596 19.580504 0.602512 -0.797979 -0.014436 0.771037 0.178571
artic_working1.bmp
  15 36.575817 -1.652042 54.731657 0.769747 0.118117 -0.627326 0.025440 0.529762
  15 36.239987 -1.646779 54.320572 0.469610 0.072172 -0.879919 0.025440 0.523810
  15 36.221832 0.646913 54.731844 0.769747 0.118117 -0.627326 0.086106 0.527778
artic_working1.bmp
  15 36.221832 0.646913 54.731844 0.769747 0.118117 -0.627326 0.086106 0.527778
  15 36.239987 -1.646779 54.320572 0.469610 0.072172 -0.879919 0.025440 0.523810
  15 35.927767 0.652081 54.336751 0.004280 0.389901 -0.920847 0.086106 0.519841
artic_working1.bmp
  15 36.239987 -1.646779 54.320572 0.469610 0.072172 -0.879919 0.025440 0.523810
  16 34.511275 -2.097382 55.197160 -0.345198 -0.014271 -0.938421 0.019569 0.492063
  15 35.927767 0.652081 54.336751 0.004280 0.389901 -0.920847 0.086106 0.519841
artic_working1.bmp
  15 35.927767 0.652081 54.336751 0.004280 0.389901 -0.920847 0.086106 0.519841
  16 34.511275 -2.097382 55.197160 -0.345198 -0.014271 -0.938421 0.019569 0.492063
  16 34.577838 1.023219 55.201614 0.015305 0.783175 -0.621613 0.084149 0.494048
artic_working1.bmp
  16 34.511275 -2.097382 55.197160 -0.345198 -0.014271 -0.938421 0.019569 0.492063
  11 33.319635 -2.080872 55.236353 0.319101 0.000172 -0.947721 0.017613 0.472222
  16 34.577838 1.023219 55.201614 0.015305 0.783175 -0.621613 0.084149 0.494048
artic_working1.bmp
  16 34.577838 1.023219 55.201614 0.015305 0.783175 -0.621613 0.084149 0.494048
  11 33.319635 -2.080872 55.236353 0.319101 0.000172 -0.947721 0.017613 0.472222
  11 33.323059 1.279676 55.233959 0.431342 0.595423 -0.677802 0.084149 0.472222
artic_working1.bmp
  11 33.319635 -2.080872 55.236353 0.319101 0.000172 -0.947721 0.017613 0.472222
  12 32.847313 -3.040383 54.303407 0.858527 0.015845 -0.512524 0.007828 0.462302
  11 33.323059 1.279676 55.233959 0.431342 0.595423 -0.677802 0.084149 0.472222
artic_working1.bmp
  11 33.323059 1.279676 55.233959 0.431342 0.595423 -0.677802 0.084149 0.472222
  12 32.847313 -3.040383 54.303407 0.858527 0.015845 -0.512524 0.007828 0.462302
  12 32.814191 -2.138440 54.313459 0.678138 0.193179 -0.709091 0.017613 0.460317
artic_working1.bmp
  17 29.834689 1.012415 53.823969 0.905079 0.049601 -0.422341 0.260274 0.400794
  17 29.840975 -1.870889 53.481739 0.670754 -0.440415 -0.596761 0.266145 0.400794
  17 29.400406 -0.304638 52.731234 0.235747 -0.382280 -0.893468 0.281800 0.382937
artic_working1.bmp
  17 29.400406 -0.304638 52.731234 0.235747 -0.382280 -0.893468 0.281800 0.382937
  17 29.840975 -1.870889 53.481739 0.670754 -0.440415 -0.596761 0.266145 0.400794
  17 29.458588 -2.708363 54.275034 0.115363 -0.986182 -0.118897 0.252446 0.382937
artic_working1.bmp
  17 29.840975 -1.870889 53.481739 0.670754 -0.440415 -0.596761 0.266145 0.400794
  17 29.939646 -1.789124 56.192971 0.435312 -0.525041 0.731324 0.213307 0.402778
  17 29.458588 -2.708363 54.275034 0.115363 -0.986182 -0.118897 0.252446 0.382937
artic_working1.bmp
  17 29.458588 -2.708363 54.275034 0.115363 -0.986182 -0.118897 0.252446 0.382937
  17 29.939646 -1.789124 56.192971 0.435312 -0.525041 0.731324 0.213307 0.402778
  17 29.409176 -0.387558 56.586055 0.003238 0.032852 0.999455 0.174168 0.380952
artic_working1.bmp
  17 29.939646 -1.789124 56.192971 0.435312 -0.525041 0.731324 0.213307 0.402778
  17 29.953256 0.992378 56.153442 0.462210 0.503507 0.729961 0.156556 0.404762
  17 29.409176 -0.387558 56.586055 0.003238 0.032852 0.999455 0.174168 0.380952
artic_working1.bmp
  17 29.409176 -0.387558 56.586055 0.003238 0.032852 0.999455 0.174168 0.380952
  17 29.953256 0.992378 56.153442 0.462210 0.503507 0.729961 0.156556 0.404762
  17 29.571824 1.750631 54.837744 0.070830 0.996351 -0.047628 0.109589 0.388889
artic_working1.bmp
  17 29.953256 0.992378 56.153442 0.462210 0.503507 0.729961 0.156556 0.404762
  17 29.834689 1.012415 53.823969 0.342367 0.801105 -0.490933 0.088063 0.400794
  17 29.571824 1.750631 54.837744 0.070830 0.996351 -0.047628 0.109589 0.388889
artic_working1.bmp
  17 29.571824 1.750631 54.837744 0.070830 0.996351 -0.047628 0.109589 0.388889
  17 29.834689 1.012415 53.823969 0.342367 0.801105 -0.490933 0.088063 0.400794
  17 29.400406 -0.304638 52.731234 -0.091107 0.659299 -0.746340 0.066536 0.380952
artic_working1.bmp
  30 -34.030372 -2.097438 55.192073 -0.086459 -0.994030 -0.066556 0.185910 0.494048
  30 -34.629600 -2.097835 55.988833 -0.393254 -0.799229 0.454515 0.170254 0.500000
  29 -35.765462 -1.636783 54.313427 -0.182389 -0.972627 -0.143982 0.183953 0.525794
artic_working1.bmp
  29 -35.765462 -1.636783 54.313427 -0.182389 -0.972627 -0.143982 0.183953 0.525794
  30 -34.629600 -2.097835 55.988833 -0.393254 -0.799229 0.454515 0.170254 0.500000
  29 -36.116003 -1.631776 54.711166 -0.728119 -0.387740 0.565243 0.170254 0.523810
artic_working1.bmp
  30 -34.629600 -2.097835 55.988833 -0.393254 -0.799229 0.454515 0.170254 0.500000
  30 -34.638341 1.022664 55.985819 -0.587593 0.571765 0.572554 0.101761 0.500000
  29 -36.116003 -1.631776 54.711166 -0.728119 -0.387740 0.565243 0.170254 0.523810
artic_working1.bmp
  29 -36.116003 -1.631776 54.711166 -0.728119 -0.387740 0.565243 0.170254 0.523810
  30 -34.638341 1.022664 55.985819 -0.587593 0.571765 0.572554 0.101761 0.500000
  29 -35.747896 0.667136 54.710729 -0.466410 0.871314 0.152557 0.099804 0.519841
artic_working1.bmp
  30 -34.638341 1.022664 55.985819 -0.587593 0.571765 0.572554 0.101761 0.500000
  30 -34.102100 1.023391 55.183357 -0.014915 0.778255 -0.627771 0.084149 0.494048
  29 -35.747896 0.667136 54.710729 -0.466410 0.871314 0.152557 0.099804 0.519841
artic_working1.bmp
  29 -35.747896 0.667136 54.710729 -0.466410 0.871314 0.152557 0.099804 0.519841
  30 -34.102100 1.023391 55.183357 -0.014915 0.778255 -0.627771 0.084149 0.494048
  29 -35.439120 0.662034 54.328981 0.012502 0.381465 -0.924299 0.086106 0.519841
artic_working1.bmp
  30 -34.102100 1.023391 55.183357 -0.014915 0.778255 -0.627771 0.084149 0.494048
  30 -34.030372 -2.097438 55.192073 0.342300 -0.017701 -0.939424 0.019569 0.492063
  29 -35.439120 0.662034 54.328981 0.012502 0.381465 -0.924299 0.086106 0.519841
artic_working1.bmp
  29 -35.439120 0.662034 54.328981 0.012502 0.381465 -0.924299 0.086106 0.519841
  30 -34.030372 -2.097438 55.192073 0.342300 -0.017701 -0.939424 0.019569 0.492063
  29 -35.765462 -1.636783 54.313427 -0.442456 0.070684 -0.894000 0.025440 0.523810
artic_working1.bmp
  49 -6.211238 -0.509150 4.965696 0.990593 -0.074638 0.114693 0.297456 0.956349
  47 -6.546593 -4.531384 3.003713 0.658989 -0.339350 0.671249 0.289628 0.900794
  47 -6.126599 -4.960322 -0.066436 0.986109 -0.125979 0.108251 0.266145 0.863095
artic_working1.bmp
  49 -6.211238 -0.509150 4.965696 0.990593 -0.074638 0.114693 0.297456 0.956349
  47 -8.146593 -2.322085 5.024480 -0.076345 -0.742403 0.665590 0.320939 0.932540
  47 -6.546593 -4.531384 3.003713 0.658989 -0.339350 0.671249 0.289628 0.900794
artic_working1.bmp
  49 -6.211238 -0.509150 4.965696 0.990593 -0.074638 0.114693 0.297456 0.956349
  46 -7.445315 -2.978804 8.611032 -0.066696 -0.988421 -0.136289 0.322896 0.996032
  47 -8.146593 -2.322085 5.024480 -0.076345 -0.742403 0.665590 0.320939 0.932540
artic_working1.bmp
  49 -6.211238 -0.509150 4.965696 0.990593 -0.074638 0.114693 0.297456 0.956349
  46 -5.135961 -0.407629 8.213486 0.930521 0.219260 -0.293354 0.305284 0.996032
  46 -7.445315 -2.978804 8.611032 -0.066696 -0.988421 -0.136289 0.322896 0.996032
artic_working1.bmp
  49 -6.211238 -0.509150 4.965696 0.990593 -0.074638 0.114693 0.297456 0.956349
  47 -7.966600 1.658116 4.445855 0.768511 0.637487 -0.054779 0.273973 0.970238
  46 -5.135961 -0.407629 8.213486 0.930521 0.219260 -0.293354 0.305284 0.996032
artic_working1.bmp
  49 -6.211238 -0.509150 4.965696 0.990593 -0.074638 0.114693 0.297456 0.956349
  47 -6.776610 2.709669 -0.043784 0.833373 0.502612 0.229937 0.244618 0.958333
  47 -7.966600 1.658116 4.445855 0.768511 0.637487 -0.054779 0.273973 0.970238
artic_working1.bmp
  49 -6.211238 -0.509150 4.965696 0.990593 -0.074638 0.114693 0.297456 0.956349
  47 -5.886607 0.279678 -0.064626 0.984717 0.150570 0.087523 0.246575 0.906746
  47 -6.776610 2.709669 -0.043784 0.833373 0.502612 0.229937 0.244618 0.958333
artic_working1.bmp
  49 -6.211238 -0.509150 4.965696 0.990593 -0.074638 0.114693 0.297456 0.956349
  47 -6.126599 -4.960322 -0.066436 0.986109 -0.125979 0.108251 0.266145 0.863095
  47 -5.886607 0.279678 -0.064626 0.984717 0.150570 0.087523 0.246575 0.906746
artic_working1.bmp
  56 0.473871 -0.676625 63.127603 -0.474491 0.863851 -0.169172 0.035225 0.619048
  56 0.093869 -0.666913 63.967606 -0.429845 0.879573 -0.203923 0.043053 0.634921
  56 1.643871 -0.486699 63.337671 -0.107764 0.993898 0.023522 0.017613 0.619048
artic_working1.bmp
  56 1.643871 -0.486699 63.337671 -0.107764 0.993898 0.023522 0.017613 0.619048
  56 0.093869 -0.666913 63.967606 -0.429845 0.879573 -0.203923 0.043053 0.634921
  56 1.373870 -0.546826 63.707650 -0.070586 0.995050 -0.069949 0.021526 0.625000
artic_working1.bmp
  56 0.093869 -0.666913 63.967606 -0.429845 0.879573 -0.203923 0.043053 0.634921
  56 0.003868 -0.517088 64.477657 -0.389429 0.879657 -0.273035 0.043053 0.646825
  56 1.373870 -0.546826 63.707650 -0.070586 0.995050 -0.069949 0.021526 0.625000
artic_working1.bmp
  56 1.373870 -0.546826 63.707650 -0.070586 0.995050 -0.069949 0.021526 0.625000
  56 0.003868 -0.517088 64.477657 -0.389429 0.879657 -0.273035 0.043053 0.646825
  56 1.713869 -0.536988 64.177654 -0.075539 0.956343 -0.282316 0.015656 0.632937
artic_working1.bmp
  56 0.003868 -0.517088 64.477657 -0.389429 0.879657 -0.273035 0.043053 0.646825
  56 0.003867 -0.347297 65.087715 -0.379963 0.837182 -0.393390 0.043053 0.654762
  56 1.713869 -0.536988 64.177654 -0.075539 0.956343 -0.282316 0.015656 0.632937
artic_working1.bmp
  56 1.713869 -0.536988 64.177654 -0.075539 0.956343 -0.282316 0.015656 0.632937
  56 0.003867 -0.347297 65.087715 -0.379963 0.837182 -0.393390 0.043053 0.654762
  56 1.683868 -0.167194 64.777781 -0.217033 0.805554 -0.551344 0.017613 0.648810
artic_working1.bmp
  56 0.003867 -0.347297 65.087715 -0.379963 0.837182 -0.393390 0.043053 0.654762
  56 0.073866 -0.047476 65.607819 -0.354405 0.787011 -0.504986 0.041096 0.668651
  56 1.683868 -0.167194 64.777781 -0.217033 0.805554 -0.551344 0.017613 0.648810
artic_working1.bmp
  56 1.683868 -0.167194 64.777781 -0.217033 0.805554 -0.551344 0.017613 0.648810
  56 0.073866 -0.047476 65.607819 -0.354405 0.787011 -0.504986 0.041096 0.668651
  56 1.323867 0.192621 65.317904 -0.279078 0.710385 -0.646118 0.023483 0.662698
artic_working1.bmp
  56 0.073866 -0.047476 65.607819 -0.354405 0.787011 -0.504986 0.041096 0.668651
  56 0.003867 -0.347297 65.087715 -0.379963 0.837182 -0.393390 0.043053 0.654762
  56 -1.026136 -0.757580 65.917572 -0.595192 0.699255 -0.395966 0.054795 0.674603
artic_working1.bmp
  56 -1.026136 -0.757580 65.917572 -0.595192 0.699255 -0.395966 0.054795 0.674603
  56 0.003867 -0.347297 65.087715 -0.379963 0.837182 -0.393390 0.043053 0.654762
  56 -0.986135 -0.997433 65.487490 -0.642584 0.678752 -0.355502 0.056751 0.662698
artic_working1.bmp
  56 0.003867 -0.347297 65.087715 -0.379963 0.837182 -0.393390 0.043053 0.654762
  56 0.003868 -0.517088 64.477657 -0.389429 0.879657 -0.273035 0.043053 0.646825
  56 -0.986135 -0.997433 65.487490 -0.642584 0.678752 -0.355502 0.056751 0.662698
artic_working1.bmp
  56 -0.986135 -0.997433 65.487490 -0.642584 0.678752 -0.355502 0.056751 0.662698
  56 0.003868 -0.517088 64.477657 -0.389429 0.879657 -0.273035 0.043053 0.646825
  56 -0.946135 -1.267275 65.027397 -0.741071 0.586713 -0.326469 0.058708 0.650794
artic_working1.bmp
  56 0.003868 -0.517088 64.477657 -0.389429 0.879657 -0.273035 0.043053 0.646825
  56 0.093869 -0.666913 63.967606 -0.429845 0.879573 -0.203923 0.043053 0.634921
  56 -0.946135 -1.267275 65.027397 -0.741071 0.586713 -0.326469 0.058708 0.650794
artic_working1.bmp
  56 -0.946135 -1.267275 65.027397 -0.741071 0.586713 -0.326469 0.058708 0.650794
  56 0.093869 -0.666913 63.967606 -0.429845 0.879573 -0.203923 0.043053 0.634921
  56 -0.616133 -1.296966 64.127388 -0.768897 0.586848 -0.253785 0.052838 0.634921
artic_working1.bmp
  56 0.093869 -0.666913 63.967606 -0.429845 0.879573 -0.203923 0.043053 0.634921
  56 0.473871 -0.676625 63.127603 -0.474491 0.863851 -0.169172 0.035225 0.619048
  56 -0.616133 -1.296966 64.127388 -0.768897 0.586848 -0.253785 0.052838 0.634921
artic_working1.bmp
  56 -0.616133 -1.296966 64.127388 -0.768897 0.586848 -0.253785 0.052838 0.634921
  56 0.473871 -0.676625 63.127603 -0.474491 0.863851 -0.169172 0.035225 0.619048
  56 -0.266130 -1.156633 63.157437 -0.733901 0.657363 -0.171067 0.045010 0.617063
artic_working1.bmp
  64 -0.626138 -2.467426 65.464986 -0.966531 -0.088524 0.240794 0.090020 0.736111
  64 -0.746136 -1.637367 65.295270 -0.978001 0.000830 0.208598 0.078278 0.728175
  64 -0.766136 -2.617030 64.314934 -0.990834 -0.085784 0.104349 0.093933 0.708333
artic_working1.bmp
  64 -0.766136 -2.617030 64.314934 -0.990834 -0.085784 0.104349 0.093933 0.708333
  64 -0.746136 -1.637367 65.295270 -0.978001 0.000830 0.208598 0.078278 0.728175
  64 -0.836134 -1.796948 64.075215 -0.994273 0.055934 -0.091059 0.084149 0.706349
artic_working1.bmp
  64 -0.746136 -1.637367 65.295270 -0.978001 0.000830 0.208598 0.078278 0.728175
  64 -0.796134 -0.977206 64.825497 -0.966451 0.238185 0.096128 0.070450 0.714286
  64 -0.836134 -1.796948 64.075215 -0.994273 0.055934 -0.091059 0.084149 0.706349
artic_working1.bmp
  64 -0.836134 -1.796948 64.075215 -0.994273 0.055934 -0.091059 0.084149 0.706349
  64 -0.796134 -0.977206 64.825497 -0.966451 0.238185 0.096128 0.070450 0.714286
  64 -0.666131 -0.966759 63.525501 -0.927326 0.253064 -0.275725 0.068493 0.686508
artic_working1.bmp
  64 -0.796134 -0.977206 64.825497 -0.966451 0.238185 0.096128 0.070450 0.714286
  64 -0.436131 -0.157014 64.265780 -0.734082 0.676864 -0.054576 0.058708 0.702381
  64 -0.666131 -0.966759 63.525501 -0.927326 0.253064 -0.275725 0.068493 0.686508
artic_working1.bmp
  64 -0.666131 -0.966759 63.525501 -0.927326 0.253064 -0.275725 0.068493 0.686508
  64 -0.436131 -0.157014 64.265780 -0.734082 0.676864 -0.054576 0.058708 0.702381
  64 -0.216129 -0.326623 63.125722 -0.708294 0.645233 -0.286346 0.058708 0.678571
artic_working1.bmp
  64 -0.436131 -0.157014 64.265780 -0.734082 0.676864 -0.054576 0.058708 0.702381
  64 0.953872 0.533155 63.766020 -0.482398 0.861860 -0.156490 0.041096 0.692460
  64 -0.216129 -0.326623 63.125722 -0.708294 0.645233 -0.286346 0.058708 0.678571
artic_working1.bmp
  64 -0.216129 -0.326623 63.125722 -0.708294 0.645233 -0.286346 0.058708 0.678571
  64 0.953872 0.533155 63.766020 -0.482398 0.861860 -0.156490 0.041096 0.692460
  64 0.943873 0.293475 62.835938 -0.497151 0.841579 -0.211156 0.043053 0.672619
artic_working1.bmp
  71 -0.616135 -0.687487 65.642597 -0.013072 0.491581 0.870734 0.393346 0.763889
  71 0.243865 -0.527444 65.512654 0.190956 0.595788 0.780110 0.379648 0.757937
  71 -0.626133 -0.097311 65.132800 0.035068 0.766164 0.641688 0.395303 0.750000
artic_working1.bmp
  71 -0.626133 -0.097311 65.132800 0.035068 0.766164 0.641688 0.395303 0.750000
  71 0.243865 -0.527444 65.512654 0.190956 0.595788 0.780110 0.379648 0.757937
  71 0.243868 0.062793 64.822857 0.227557 0.884182 0.407970 0.383562 0.742063
artic_working1.bmp
  71 0.243865 -0.527444 65.512654 0.190956 0.595788 0.780110 0.379648 0.757937
  71 1.143866 -0.577288 65.052639 0.523883 0.657811 0.541138 0.373777 0.748016
  71 0.243868 0.062793 64.822857 0.227557 0.884182 0.407970 0.383562 0.742063
artic_working1.bmp
  71 0.243868 0.062793 64.822857 0.227557 0.884182 0.407970 0.383562 0.742063
  71 1.143866 -0.577288 65.052639 0.523883 0.657811 0.541138 0.373777 0.748016
  71 0.283871 0.233078 63.992916 0.403890 0.884290 0.234315 0.381605 0.728175
artic_working1.bmp
  71 1.143866 -0.577288 65.052639 0.523883 0.657811 0.541138 0.373777 0.748016
  71 1.613868 -0.637086 64.462620 0.566109 0.772612 0.287386 0.365949 0.738095
  71 0.283871 0.233078 63.992916 0.403890 0.884290 0.234315 0.381605 0.728175
artic_working1.bmp
  71 0.283871 0.233078 63.992916 0.403890 0.884290 0.234315 0.381605 0.728175
  71 1.613868 -0.637086 64.462620 0.566109 0.772612 0.287386 0.365949 0.738095
  71 0.803872 0.103273 63.422872 0.565053 0.815502 0.125187 0.373777 0.718254
artic_working1.bmp
  71 1.613868 -0.637086 64.462620 0.566109 0.772612 0.287386 0.365949 0.738095
  71 1.923869 -0.796897 63.912565 0.607730 0.791299 0.067159 0.360078 0.728175
  71 0.803872 0.103273 63.422872 0.565053 0.815502 0.125187 0.373777 0.718254
artic_working1.bmp
  71 0.803872 0.103273 63.422872 0.565053 0.815502 0.125187 0.373777 0.718254
  71 1.923869 -0.796897 63.912565 0.607730 0.791299 0.067159 0.360078 0.728175
  71 1.873871 -0.716537 62.862593 0.619040 0.784813 0.029288 0.360078 0.714286
artic_working1.bmp
  5 0.243852 -6.850380 50.379531 0.000612 -0.993459 0.114188 0.866928 0.722222
  5 -7.996144 -4.321205 51.102472 -0.559301 -0.827517 0.048963 0.749511 0.744048
  3 -6.276151 -5.231177 45.394393 -0.655713 -0.727303 -0.202661 0.771037 0.652778
artic_working1.bmp
  3 -6.276151 -5.231177 45.394393 -0.655713 -0.727303 -0.202661 0.771037 0.652778
  5 -7.996144 -4.321205 51.102472 -0.559301 -0.827517 0.048963 0.749511 0.744048
  3 -7.666144 -0.101144 45.370136 -0.965391 0.066490 -0.252190 0.694716 0.652778
artic_working1.bmp
  5 -7.996144 -4.321205 51.102472 -0.559301 -0.827517 0.048963 0.749511 0.744048
  5 -8.236140 -0.149433 49.577308 -0.966745 0.116654 -0.227588 0.692759 0.710317
  3 -7.666144 -0.101144 45.370136 -0.965391 0.066490 -0.252190 0.694716 0.652778
artic_working1.bmp
  3 -7.666144 -0.101144 45.370136 -0.965391 0.066490 -0.252190 0.694716 0.652778
  5 -8.236140 -0.149433 49.577308 -0.966745 0.116654 -0.227588 0.692759 0.710317
  5 -7.266129 5.638822 51.084018 -0.682591 0.729569 -0.042420 0.618395 0.730159
artic_working1.bmp
  5 -8.236140 -0.149433 49.577308 -0.966745 0.116654 -0.227588 0.692759 0.710317
  34 -8.273175 4.528555 52.616235 -0.600417 0.793854 0.096414 0.632094 0.748016
  5 -7.266129 5.638822 51.084018 -0.682591 0.729569 -0.042420 0.618395 0.730159
artic_working1.bmp
  5 -7.266129 5.638822 51.084018 -0.682591 0.729569 -0.042420 0.618395 0.730159
  34 -8.273175 4.528555 52.616235 -0.600417 0.793854 0.096414 0.632094 0.748016
  22 -6.140090 3.563209 57.401560 -0.238801 0.896955 0.372084 0.602740 0.813492
artic_working1.bmp
  34 -8.273175 4.528555 52.616235 -0.600417 0.793854 0.096414 0.632094 0.748016
  35 -9.370251 2.506169 57.904588 -0.254110 0.919447 0.300076 0.645793 0.821429
  22 -6.140090 3.563209 57.401560 -0.238801 0.896955 0.372084 0.602740 0.813492
artic_working1.bmp
  2 -6.646148 0.090356 41.041715 -0.982348 0.044940 0.181583 0.692759 0.595238
  2 -5.566155 -4.208559 40.037052 -0.689780 -0.715210 0.112599 0.769080 0.583333
  2 -5.746152 -3.960835 42.137322 -0.828480 -0.536311 -0.161218 0.767123 0.611111
artic_working1.bmp
  2 -6.646148 0.090356 41.041715 -0.982348 0.044940 0.181583 0.692759 0.595238
  45 -8.079388 -1.948794 35.829032 -0.950408 -0.248789 0.186626 0.720157 0.523810
  2 -5.566155 -4.208559 40.037052 -0.689780 -0.715210 0.112599 0.769080 0.583333
artic_working1.bmp
  2 -6.646148 0.090356 41.041715 -0.982348 0.044940 0.181583 0.692759 0.595238
  45 -7.740800 2.775013 35.981361 -0.939694 0.298084 0.167694 0.657534 0.525794
  45 -8.079388 -1.948794 35.829032 -0.950408 -0.248789 0.186626 0.720157 0.523810
artic_working1.bmp
  2 -6.646148 0.090356 41.041715 -0.982348 0.044940 0.181583 0.692759 0.595238
  37 -5.620361 5.197453 39.602917 -0.667517 0.698594 0.257656 0.610568 0.575397
  45 -7.740800 2.775013 35.981361 -0.939694 0.298084 0.167694 0.657534 0.525794
artic_working1.bmp
  2 -6.646148 0.090356 41.041715 -0.982348 0.044940 0.181583 0.692759 0.595238
  2 -4.266139 5.219601 41.737274 -0.504741 0.815857 0.282160 0.600783 0.603175
  37 -5.620361 5.197453 39.602917 -0.667517 0.698594 0.257656 0.610568 0.575397
artic_working1.bmp
  2 -6.646148 0.090356 41.041715 -0.982348 0.044940 0.181583 0.692759 0.595238
  2 -6.896146 0.078112 43.111703 -0.961253 0.154246 -0.228474 0.692759 0.623016
  2 -4.266139 5.219601 41.737274 -0.504741 0.815857 0.282160 0.600783 0.603175
artic_working1.bmp
  2 -6.646148 0.090356 41.041715 -0.982348 0.044940 0.181583 0.692759 0.595238
  2 -5.746152 -3.960835 42.137322 -0.828480 -0.536311 -0.161218 0.767123 0.611111
  2 -6.896146 0.078112 43.111703 -0.961253 0.154246 -0.228474 0.692759 0.623016
artic_working1.bmp
  36 -3.346132 -1.937850 59.591380 0.076894 -0.489851 0.868408 0.422701 0.906746
  36 -0.806136 -3.225696 57.729884 0.476366 -0.338242 0.811583 0.455969 0.867063
  36 -2.176130 0.093515 58.413733 0.796629 -0.117423 0.592954 0.442270 0.908730
artic_working1.bmp
  36 -3.346132 -1.937850 59.591380 0.076894 -0.489851 0.868408 0.422701 0.906746
  36 -1.586137 -3.986043 58.029003 -0.097275 -0.801246 0.590374 0.446184 0.865079
  36 -0.806136 -3.225696 57.729884 0.476366 -0.338242 0.811583 0.455969 0.867063
artic_working1.bmp
  36 -3.346132 -1.937850 59.591380 0.076894 -0.489851 0.868408 0.422701 0.906746
  36 -2.376136 -3.215474 57.539897 -0.818531 -0.560289 -0.126821 0.430528 0.863095
  36 -1.586137 -3.986043 58.029003 -0.097275 -0.801246 0.590374 0.446184 0.865079
artic_working1.bmp
  36 -3.346132 -1.937850 59.591380 0.076894 -0.489851 0.868408 0.422701 0.906746
  36 -3.416130 0.082995 58.863723 -0.998478 0.026508 0.048354 0.407045 0.922619
  36 -2.376136 -3.215474 57.539897 -0.818531 -0.560289 -0.126821 0.430528 0.863095
artic_working1.bmp
  36 -3.346132 -1.937850 59.591380 0.076894 -0.489851 0.868408 0.422701 0.906746
  36 -2.616124 2.930894 60.677025 -0.520345 0.053605 0.852272 0.428571 0.968254
  36 -3.416130 0.082995 58.863723 -0.998478 0.026508 0.048354 0.407045 0.922619
artic_working1.bmp
  36 -3.346132 -1.937850 59.591380 0.076894 -0.489851 0.868408 0.422701 0.906746
  36 -1.256126 2.783408 58.506851 0.634638 -0.504026 0.585826 0.448141 0.960317
  36 -2.616124 2.930894 60.677025 -0.520345 0.053605 0.852272 0.428571 0.968254
artic_working1.bmp
  36 -3.346132 -1.937850 59.591380 0.076894 -0.489851 0.868408 0.422701 0.906746
  36 -2.176130 0.093515 58.413733 0.796629 -0.117423 0.592954 0.442270 0.908730
  36 -1.256126 2.783408 58.506851 0.634638 -0.504026 0.585826 0.448141 0.960317
artic_working1.bmp
  18 20.495632 3.057212 54.192257 0.052019 0.907815 -0.416132 0.097847 0.222222
  18 19.128913 2.679941 55.253364 -0.103592 0.878617 0.466155 0.127202 0.198413
  10 23.557500 2.772229 56.197945 0.075539 0.800316 0.594801 0.133072 0.277778
artic_working1.bmp
  10 23.557500 2.772229 56.197945 0.075539 0.800316 0.594801 0.133072 0.277778
  18 19.128913 2.679941 55.253364 -0.103592 0.878617 0.466155 0.127202 0.198413
  10 22.161997 -0.054475 57.805836 0.007349 0.149034 0.988805 0.176125 0.250000
artic_working1.bmp
  18 19.128913 2.679941 55.253364 -0.103592 0.878617 0.466155 0.127202 0.198413
  9 17.677170 -0.125248 57.543470 -0.035646 0.211236 0.976785 0.178082 0.166667
  10 22.161997 -0.054475 57.805836 0.007349 0.149034 0.988805 0.176125 0.250000
artic_working1.bmp
  10 22.161997 -0.054475 57.805836 0.007349 0.149034 0.988805 0.176125 0.250000
  9 17.677170 -0.125248 57.543470 -0.035646 0.211236 0.976785 0.178082 0.166667
  10 20.027643 -3.140546 56.831822 0.015928 -0.789523 0.613514 0.209393 0.210317
artic_working1.bmp
  9 17.677170 -0.125248 57.543470 -0.035646 0.211236 0.976785 0.178082 0.166667
  9 16.475277 -3.639803 56.367394 0.032983 -0.784497 0.619255 0.223092 0.144841
  10 20.027643 -3.140546 56.831822 0.015928 -0.789523 0.613514 0.209393 0.210317
artic_working1.bmp
  10 20.027643 -3.140546 56.831822 0.015928 -0.789523 0.613514 0.209393 0.210317
  9 16.475277 -3.639803 56.367394 0.032983 -0.784497 0.619255 0.223092 0.144841
  9 16.494584 -3.864694 53.129161 0.108836 -0.905423 -0.410321 0.283757 0.148810
artic_working1.bmp
  9 16.475277 -3.639803 56.367394 0.032983 -0.784497 0.619255 0.223092 0.144841
  19 12.043793 -4.310709 52.609433 0.132745 -0.877874 -0.460126 0.297456 0.065476
  9 16.494584 -3.864694 53.129161 0.108836 -0.905423 -0.410321 0.283757 0.148810
artic_working1.bmp
  18 22.459385 -0.549449 52.072878 0.125170 0.521042 -0.844303 0.054795 0.259921
  9 17.733077 -0.585471 51.846807 -0.005059 0.526141 -0.850382 0.046967 0.172619
  18 19.258624 2.657407 53.438821 -0.011735 0.807038 -0.590383 0.084149 0.194444
artic_working1.bmp
  18 19.258624 2.657407 53.438821 -0.011735 0.807038 -0.590383 0.084149 0.194444
  9 17.733077 -0.585471 51.846807 -0.005059 0.526141 -0.850382 0.046967 0.172619
  9 15.866307 3.099341 54.506399 0.123209 0.991951 0.029210 0.111546 0.136905
artic_working1.bmp
  9 17.733077 -0.585471 51.846807 -0.005059 0.526141 -0.850382 0.046967 0.172619
  19 12.462404 -0.405472 51.005786 0.294362 0.643045 -0.706997 0.029354 0.073413
  9 15.866307 3.099341 54.506399 0.123209 0.991951 0.029210 0.111546 0.136905
artic_working1.bmp
  9 15.866307 3.099341 54.506399 0.123209 0.991951 0.029210 0.111546 0.136905
  19 12.462404 -0.405472 51.005786 0.294362 0.643045 -0.706997 0.029354 0.073413
  19 12.482251 3.491946 53.982470 0.095563 0.939754 -0.328222 0.084149 0.071429
artic_working1.bmp
  19 12.462404 -0.405472 51.005786 0.294362 0.643045 -0.706997 0.029354 0.073413
  21 10.279528 3.453567 53.652572 0.367324 0.904949 -0.214802 0.056751 0.031746
  19 12.482251 3.491946 53.982470 0.095563 0.939754 -0.328222 0.084149 0.071429
artic_working1.bmp
  19 12.482251 3.491946 53.982470 0.095563 0.939754 -0.328222 0.084149 0.071429
  21 10.279528 3.453567 53.652572 0.367324 0.904949 -0.214802 0.056751 0.031746
  20 9.838682 2.550857 57.921876 0.262134 0.779565 0.568827 0.158513 0.021825
artic_working1.bmp
  21 10.279528 3.453567 53.652572 0.367324 0.904949 -0.214802 0.056751 0.031746
  21 8.736737 4.606950 52.767357 0.492473 0.806133 -0.328054 0.060665 0.003968
  20 9.838682 2.550857 57.921876 0.262134 0.779565 0.568827 0.158513 0.021825
artic_working1.bmp
  12 32.814191 -2.138440 54.313459 0.067375 0.997692 -0.008483 0.246575 0.533730
  13 34.505806 -2.262405 53.212833 0.475318 0.871826 -0.118289 0.238748 0.503968
  12 31.811557 -2.083976 52.897528 0.067375 0.997692 -0.008483 0.262231 0.533730
artic_working1.bmp
  12 31.811557 -2.083976 52.897528 0.067375 0.997692 -0.008483 0.262231 0.533730
  13 34.505806 -2.262405 53.212833 0.475318 0.871826 -0.118289 0.238748 0.503968
  13 34.326258 -2.224035 52.657955 0.868847 0.421658 -0.259442 0.250489 0.501984
artic_working1.bmp
  13 34.505806 -2.262405 53.212833 0.475318 0.871826 -0.118289 0.238748 0.503968
  13 34.504405 -2.922955 53.244022 0.908432 -0.303644 0.287318 0.234834 0.494048
  13 34.326258 -2.224035 52.657955 0.868847 0.421658 -0.259442 0.250489 0.501984
artic_working1.bmp
  13 34.326258 -2.224035 52.657955 0.868847 0.421658 -0.259442 0.250489 0.501984
  13 34.504405 -2.922955 53.244022 0.908432 -0.303644 0.287318 0.234834 0.494048
  13 34.282245 -2.859332 52.590419 0.308012 -0.742427 -0.594921 0.246575 0.492063
artic_working1.bmp
  13 34.504405 -2.922955 53.244022 0.908432 -0.303644 0.287318 0.234834 0.494048
  12 32.847313 -3.040383 54.303407 -0.075434 -0.909509 0.408783 0.209393 0.460317
  13 34.282245 -2.859332 52.590419 0.308012 -0.742427 -0.594921 0.246575 0.492063
artic_working1.bmp
  13 34.282245 -2.859332 52.590419 0.308012 -0.742427 -0.594921 0.246575 0.492063
  12 32.847313 -3.040383 54.303407 -0.075434 -0.909509 0.408783 0.209393 0.460317
  12 31.794706 -2.837578 52.932170 -0.235485 -0.668651 -0.705303 0.240705 0.446429
artic_working1.bmp
  12 32.847313 -3.040383 54.303407 -0.075434 -0.909509 0.408783 0.209393 0.460317
  17 29.840975 -1.870889 53.481739 -0.318691 -0.882899 0.344857 0.230920 0.412698
  12 31.794706 -2.837578 52.932170 -0.235485 -0.668651 -0.705303 0.240705 0.446429
artic_working1.bmp
  41 8.144200 1.668101 4.575836 0.568509 0.805089 0.169204 0.373777 0.974206
  43 10.058221 -0.318770 4.772484 0.961516 0.003146 0.274731 0.348337 0.956349
  41 10.044195 2.569656 0.086146 0.633688 0.716748 0.291053 0.403131 0.934524
artic_working1.bmp
  41 10.044195 2.569656 0.086146 0.633688 0.716748 0.291053 0.403131 0.934524
  43 10.058221 -0.318770 4.772484 0.961516 0.003146 0.274731 0.348337 0.956349
  41 10.674199 -0.080336 0.065229 0.979035 0.125628 0.160339 0.397260 0.912698
artic_working1.bmp
  43 10.058221 -0.318770 4.772484 0.961516 0.003146 0.274731 0.348337 0.956349
  41 10.574207 -4.541204 2.573686 0.785548 -0.226935 0.575687 0.354207 0.896825
  41 10.674199 -0.080336 0.065229 0.979035 0.125628 0.160339 0.397260 0.912698
artic_working1.bmp
  41 10.674199 -0.080336 0.065229 0.979035 0.125628 0.160339 0.397260 0.912698
  41 10.574207 -4.541204 2.573686 0.785548 -0.226935 0.575687 0.354207 0.896825
  41 11.154206 -4.960334 0.063541 0.959166 -0.125222 0.253615 0.383562 0.873016
artic_working1.bmp
  41 10.574207 -4.541204 2.573686 0.785548 -0.226935 0.575687 0.354207 0.896825
  42 9.754212 -8.415704 1.903680 0.646040 -0.463239 0.606664 0.342466 0.865079
  41 11.154206 -4.960334 0.063541 0.959166 -0.125222 0.253615 0.383562 0.873016
artic_working1.bmp
  41 11.154206 -4.960334 0.063541 0.959166 -0.125222 0.253615 0.383562 0.873016
  42 9.754212 -8.415704 1.903680 0.646040 -0.463239 0.606664 0.342466 0.865079
  42 10.284211 -8.595056 0.033618 0.523477 -0.829252 0.195737 0.352250 0.825397
artic_working1.bmp
  42 9.754212 -8.415704 1.903680 0.646040 -0.463239 0.606664 0.342466 0.865079
  42 7.154214 -9.025870 2.373471 -0.385399 -0.699038 0.602341 0.297456 0.867063
  42 10.284211 -8.595056 0.033618 0.523477 -0.829252 0.195737 0.352250 0.825397
artic_working1.bmp
  31 -29.378863 1.022175 53.825483 -0.360026 0.791314 -0.494170 0.088063 0.400794
  31 -29.489011 0.992794 56.124266 -0.525550 0.506682 0.683426 0.156556 0.404762
  31 -29.117564 1.761039 54.809303 -0.081649 0.994735 -0.061935 0.109589 0.388889
artic_working1.bmp
  31 -29.117564 1.761039 54.809303 -0.081649 0.994735 -0.061935 0.109589 0.388889
  31 -29.489011 0.992794 56.124266 -0.525550 0.506682 0.683426 0.156556 0.404762
  31 -28.990167 -0.399100 56.649131 -0.025673 0.034350 0.999080 0.174168 0.380952
artic_working1.bmp
  31 -29.489011 0.992794 56.124266 -0.525550 0.506682 0.683426 0.156556 0.404762
  31 -29.475399 -1.798705 56.163583 -0.496779 -0.536685 0.682041 0.213307 0.402778
  31 -28.990167 -0.399100 56.649131 -0.025673 0.034350 0.999080 0.174168 0.380952
artic_working1.bmp
  31 -28.990167 -0.399100 56.649131 -0.025673 0.034350 0.999080 0.174168 0.380952
  31 -29.475399 -1.798705 56.163583 -0.496779 -0.536685 0.682041 0.213307 0.402778
  31 -28.992244 -2.698811 54.286013 -0.113337 -0.986462 -0.118522 0.252446 0.382937
artic_working1.bmp
  31 -29.475399 -1.798705 56.163583 -0.496779 -0.536685 0.682041 0.213307 0.402778
  31 -29.375684 -1.870906 53.472535 -0.661092 -0.446700 -0.602841 0.266145 0.400794
  31 -28.992244 -2.698811 54.286013 -0.113337 -0.986462 -0.118522 0.252446 0.382937
artic_working1.bmp
  31 -28.992244 -2.698811 54.286013 -0.113337 -0.986462 -0.118522 0.252446 0.382937
  31 -29.375684 -1.870906 53.472535 -0.661092 -0.446700 -0.602841 0.266145 0.400794
  31 -28.934071 -0.295087 52.742210 -0.232433 -0.375478 -0.897213 0.281800 0.382937
artic_working1.bmp
  31 -29.375684 -1.870906 53.472535 -0.661092 -0.446700 -0.602841 0.266145 0.400794
  31 -29.378863 1.022175 53.825483 -0.901533 0.050720 -0.429727 0.260274 0.400794
  31 -28.934071 -0.295087 52.742210 -0.232433 -0.375478 -0.897213 0.281800 0.382937
artic_working1.bmp
  31 -29.375684 -1.870906 53.472535 0.324405 -0.879978 0.346988 0.230920 0.412698
  26 -32.358191 -3.031960 54.325158 0.077719 -0.907615 0.412547 0.209393 0.460317
  26 -31.309686 -2.820327 52.931441 0.236555 -0.666029 -0.707423 0.240705 0.446429
artic_working1.bmp
  26 -31.309686 -2.820327 52.931441 0.236555 -0.666029 -0.707423 0.240705 0.446429
  26 -32.358191 -3.031960 54.325158 0.077719 -0.907615 0.412547 0.209393 0.460317
  27 -33.815546 -2.849535 52.591556 -0.313217 -0.734601 -0.601878 0.246575 0.492063
artic_working1.bmp
  26 -32.358191 -3.031960 54.325158 0.077719 -0.907615 0.412547 0.209393 0.460317
  27 -34.033736 -2.911761 53.236088 -0.913924 -0.290839 0.283118 0.234834 0.494048
  27 -33.815546 -2.849535 52.591556 -0.313217 -0.734601 -0.601878 0.246575 0.492063
artic_working1.bmp
  27 -33.815546 -2.849535 52.591556 -0.313217 -0.734601 -0.601878 0.246575 0.492063
  27 -34.033736 -2.911761 53.236088 -0.913924 -0.290839 0.283118 0.234834 0.494048
  27 -33.828231 -2.211298 52.662224 -0.855929 0.442340 -0.267807 0.250489 0.501984
artic_working1.bmp
  27 -34.033736 -2.911761 53.236088 -0.913924 -0.290839 0.283118 0.234834 0.494048
  27 -34.033955 -2.253491 53.227111 -0.470320 0.873131 -0.128221 0.238748 0.503968
  27 -33.828231 -2.211298 52.662224 -0.855929 0.442340 -0.267807 0.250489 0.501984
artic_working1.bmp
  27 -33.828231 -2.211298 52.662224 -0.855929 0.442340 -0.267807 0.250489 0.501984
  27 -34.033955 -2.253491 53.227111 -0.470320 0.873131 -0.128221 0.238748 0.503968
  26 -31.318088 -2.063423 52.901002 -0.066002 0.997486 0.025782 0.262231 0.533730
artic_working1.bmp
  27 -34.033955 -2.253491 53.227111 -0.470320 0.873131 -0.128221 0.238748 0.503968
  26 -32.325587 -2.130525 54.312860 -0.066002 0.997486 0.025782 0.246575 0.533730
  26 -31.318088 -2.063423 52.901002 -0.066002 0.997486 0.025782 0.262231 0.533730
artic_working1.bmp
  34 -8.273175 4.528555 52.616235 -0.682160 0.632820 -0.366330 0.000000 0.003968
  33 -11.984409 -0.388890 50.996685 -0.292517 0.642056 -0.708659 0.029354 0.073413
  34 -9.810541 3.463853 53.622721 -0.353740 0.911666 -0.209125 0.078278 0.031746
artic_working1.bmp
  34 -9.810541 3.463853 53.622721 -0.353740 0.911666 -0.209125 0.078278 0.031746
  33 -11.984409 -0.388890 50.996685 -0.292517 0.642056 -0.708659 0.029354 0.073413
  33 -11.994215 3.503398 53.970453 -0.090102 0.941719 -0.324109 0.084149 0.071429
artic_working1.bmp
  33 -11.984409 -0.388890 50.996685 -0.292517 0.642056 -0.708659 0.029354 0.073413
  23 -15.387748 3.150027 54.477979 -0.121130 0.992214 0.028981 0.095890 0.134921
  33 -11.994215 3.503398 53.970453 -0.090102 0.941719 -0.324109 0.084149 0.071429
artic_working1.bmp
  33 -11.994215 3.503398 53.970453 -0.090102 0.941719 -0.324109 0.084149 0.071429
  23 -15.387748 3.150027 54.477979 -0.121130 0.992214 0.028981 0.095890 0.134921
  35 -9.370251 2.506169 57.904588 -0.239842 0.782438 0.574688 0.158513 0.021825
artic_working1.bmp
  23 -15.387748 3.150027 54.477979 -0.121130 0.992214 0.028981 0.095890 0.134921
  33 -12.396892 -0.369287 57.890449 -0.148111 0.009430 0.988926 0.178082 0.077381
  35 -9.370251 2.506169 57.904588 -0.239842 0.782438 0.574688 0.158513 0.021825
artic_working1.bmp
  35 -9.370251 2.506169 57.904588 -0.239842 0.782438 0.574688 0.158513 0.021825
  33 -12.396892 -0.369287 57.890449 -0.148111 0.009430 0.988926 0.178082 0.077381
  35 -9.540593 -0.078205 58.360764 -0.144172 -0.165746 0.975573 0.180039 0.021825
artic_working1.bmp
  33 -12.396892 -0.369287 57.890449 -0.148111 0.009430 0.988926 0.178082 0.077381
  35 -9.249497 -3.339939 56.526709 0.007117 -0.795326 0.606141 0.227006 0.023810
  35 -9.540593 -0.078205 58.360764 -0.144172 -0.165746 0.975573 0.180039 0.021825
artic_working1.bmp
  33 -11.575679 -4.306887 52.593070 -0.125348 -0.875571 -0.466543 0.297456 0.065476
  23 -16.017641 -3.669791 56.366420 -0.033598 -0.786673 0.616455 0.223092 0.144841
  23 -16.026254 -3.883945 53.098690 -0.105301 -0.904334 -0.413633 0.283757 0.148810
artic_working1.bmp
  23 -16.026254 -3.883945 53.098690 -0.105301 -0.904334 -0.413633 0.283757 0.148810
  23 -16.017641 -3.669791 56.366420 -0.033598 -0.786673 0.616455 0.223092 0.144841
  24 -19.559989 -3.170846 56.841076 -0.015565 -0.790705 0.612000 0.209393 0.210317
artic_working1.bmp
  23 -16.017641 -3.669791 56.366420 -0.033598 -0.786673 0.616455 0.223092 0.144841
  23 -17.199849 -0.115858 57.563977 0.034304 0.213876 0.976258 0.178082 0.166667
  24 -19.559989 -3.170846 56.841076 -0.015565 -0.790705 0.612000 0.209393 0.210317
artic_working1.bmp
  24 -19.559989 -3.170846 56.841076 -0.015565 -0.790705 0.612000 0.209393 0.210317
  23 -17.199849 -0.115858 57.563977 0.034304 0.213876 0.976258 0.178082 0.166667
  24 -21.694796 -0.035059 57.826389 -0.003481 0.150619 0.988586 0.176125 0.250000
artic_working1.bmp
  23 -17.199849 -0.115858 57.563977 0.034304 0.213876 0.976258 0.178082 0.166667
  32 -18.670529 2.690676 55.223456 0.104898 0.879347 0.464485 0.113503 0.196429
  24 -21.694796 -0.035059 57.826389 -0.003481 0.150619 0.988586 0.176125 0.250000
artic_working1.bmp
  24 -21.694796 -0.035059 57.826389 -0.003481 0.150619 0.988586 0.176125 0.250000
  32 -18.670529 2.690676 55.223456 0.104898 0.879347 0.464485 0.113503 0.196429
  24 -23.080048 2.832188 56.199777 -0.071327 0.806886 0.586386 0.133072 0.277778
artic_working1.bmp
  32 -18.670529 2.690676 55.223456 0.104898 0.879347 0.464485 0.113503 0.196429
  32 -20.017261 3.077937 54.163058 -0.050574 0.905873 -0.420518 0.091977 0.222222
  24 -23.080048 2.832188 56.199777 -0.071327 0.806886 0.586386 0.133072 0.277778
artic_working1.bmp
  5 8.653861 -0.099458 49.577349 0.960869 0.134079 -0.242393 0.692759 0.710317
  3 7.923857 -0.111245 45.440109 0.964376 0.060014 -0.257639 0.694716 0.652778
  5 7.793871 5.628743 51.133992 0.925792 0.250383 -0.283229 0.618395 0.730159
artic_working1.bmp
  5 7.793871 5.628743 51.133992 0.925792 0.250383 -0.283229 0.618395 0.730159
  3 7.923857 -0.111245 45.440109 0.964376 0.060014 -0.257639 0.694716 0.652778
  3 6.203866 5.797511 46.556726 0.878707 0.345530 -0.329369 0.604697 0.666667
artic_working1.bmp
  3 7.923857 -0.111245 45.440109 0.964376 0.060014 -0.257639 0.694716 0.652778
  2 7.253854 0.047983 43.211656 0.968494 0.083043 -0.234785 0.692759 0.623016
  3 6.203866 5.797511 46.556726 0.878707 0.345530 -0.329369 0.604697 0.666667
artic_working1.bmp
  3 6.203866 5.797511 46.556726 0.878707 0.345530 -0.329369 0.604697 0.666667
  2 7.253854 0.047983 43.211656 0.968494 0.083043 -0.234785 0.692759 0.623016
  2 4.913863 5.457333 43.817524 0.895501 0.405260 -0.183965 0.600783 0.632937
artic_working1.bmp
  2 7.253854 0.047983 43.211656 0.968494 0.083043 -0.234785 0.692759 0.623016
  2 7.083852 0.070304 41.071679 0.983188 0.101997 0.151456 0.692759 0.595238
  2 4.913863 5.457333 43.817524 0.895501 0.405260 -0.183965 0.600783 0.632937
artic_working1.bmp
  2 4.913863 5.457333 43.817524 0.895501 0.405260 -0.183965 0.600783 0.632937
  2 7.083852 0.070304 41.071679 0.983188 0.101997 0.151456 0.692759 0.595238
  2 4.913860 5.229577 41.747276 0.915079 0.362893 0.175898 0.600783 0.603175
artic_working1.bmp
  2 7.083852 0.070304 41.071679 0.983188 0.101997 0.151456 0.692759 0.595238
  38 5.916946 5.320892 39.413853 0.867383 0.402514 0.292625 0.610568 0.575397
  2 4.913860 5.229577 41.747276 0.915079 0.362893 0.175898 0.600783 0.603175
artic_working1.bmp
  3 -4.586156 -6.778761 43.232658 -0.010522 0.095624 -0.995362 0.007828 0.202381
  3 -2.316154 -5.788843 43.303763 0.580328 -0.025563 -0.813982 0.035225 0.253968
  3 -2.486156 -6.918708 43.182499 0.580328 -0.025563 -0.813982 0.007828 0.253968
artic_working1.bmp
  3 -2.486156 -6.918708 43.182499 0.580328 -0.025563 -0.813982 0.007828 0.253968
  3 -2.316154 -5.788843 43.303763 0.580328 -0.025563 -0.813982 0.035225 0.253968
  3 -1.376153 -7.722996 47.011600 0.974905 -0.162711 -0.151939 0.007828 0.287698
artic_working1.bmp
  3 -2.316154 -5.788843 43.303763 0.580328 -0.025563 -0.813982 0.035225 0.253968
  3 -1.106151 -6.343109 47.113144 0.980107 -0.198384 0.005830 0.039139 0.287698
  3 -1.376153 -7.722996 47.011600 0.974905 -0.162711 -0.151939 0.007828 0.287698
artic_working1.bmp
  3 -1.376153 -7.722996 47.011600 0.974905 -0.162711 -0.151939 0.007828 0.287698
  3 -1.106151 -6.343109 47.113144 0.980107 -0.198384 0.005830 0.039139 0.287698
  3 -1.686152 -7.794797 48.621521 0.962160 -0.184787 -0.200255 0.007828 0.315476
artic_working1.bmp
  3 -1.106151 -6.343109 47.113144 0.980107 -0.198384 0.005830 0.039139 0.287698
  3 -1.396149 -6.424899 48.713054 0.790934 -0.123459 -0.599317 0.039139 0.313492
  3 -1.686152 -7.794797 48.621521 0.962160 -0.184787 -0.200255 0.007828 0.315476
artic_working1.bmp
  3 -1.686152 -7.794797 48.621521 0.962160 -0.184787 -0.200255 0.007828 0.315476
  3 -1.396149 -6.424899 48.713054 0.790934 -0.123459 -0.599317 0.039139 0.313492
  3 1.233849 -8.596905 50.500621 0.531731 -0.046007 -0.845663 0.007828 0.382937
artic_working1.bmp
  3 -1.396149 -6.424899 48.713054 0.790934 -0.123459 -0.599317 0.039139 0.313492
  3 1.513851 -7.217007 50.592166 0.531731 -0.046007 -0.845663 0.037182 0.382937
  3 1.233849 -8.596905 50.500621 0.531731 -0.046007 -0.845663 0.007828 0.382937
artic_working1.bmp
  53 -0.386136 -2.457096 64.503989 0.545642 -0.829515 -0.119080 0.221135 0.617063
  53 -0.156135 -2.277038 64.334052 0.580361 -0.811160 -0.072120 0.228963 0.615079
  53 -0.316137 -2.387237 64.914014 0.647264 -0.761471 0.034814 0.225049 0.625000
artic_working1.bmp
  53 -0.316137 -2.387237 64.914014 0.647264 -0.761471 0.034814 0.225049 0.625000
  53 -0.156135 -2.277038 64.334052 0.580361 -0.811160 -0.072120 0.228963 0.615079
  53 -0.096136 -2.197189 64.774079 0.484928 -0.874297 -0.021210 0.232877 0.621032
artic_working1.bmp
  53 -0.156135 -2.277038 64.334052 0.580361 -0.811160 -0.072120 0.228963 0.615079
  53 0.093865 -2.066970 64.134125 0.545642 -0.829515 -0.119080 0.238748 0.607143
  53 -0.096136 -2.197189 64.774079 0.484928 -0.874297 -0.021210 0.232877 0.621032
artic_working1.bmp
  53 -0.096136 -2.197189 64.774079 0.484928 -0.874297 -0.021210 0.232877 0.621032
  53 0.093865 -2.066970 64.134125 0.545642 -0.829515 -0.119080 0.238748 0.607143
  53 0.323865 -2.047074 64.434132 0.401323 -0.891124 -0.211748 0.250489 0.615079
artic_working1.bmp
  53 0.093865 -2.066970 64.134125 0.545642 -0.829515 -0.119080 0.238748 0.607143
  53 0.333867 -1.666788 63.604263 0.751319 -0.626863 -0.206305 0.254403 0.599206
  53 0.323865 -2.047074 64.434132 0.401323 -0.891124 -0.211748 0.250489 0.615079
artic_working1.bmp
  53 0.323865 -2.047074 64.434132 0.401323 -0.891124 -0.211748 0.250489 0.615079
  53 0.333867 -1.666788 63.604263 0.751319 -0.626863 -0.206305 0.254403 0.599206
  53 0.573867 -1.636878 63.864274 0.720231 -0.604328 -0.340668 0.262231 0.603175
artic_working1.bmp
  53 0.333867 -1.666788 63.604263 0.751319 -0.626863 -0.206305 0.254403 0.599206
  53 0.513869 -1.166648 63.194435 0.876018 -0.418609 -0.239497 0.246575 0.583333
  53 0.573867 -1.636878 63.864274 0.720231 -0.604328 -0.340668 0.262231 0.603175
artic_working1.bmp
  53 -0.586134 -2.276776 63.574051 0.199155 -0.970863 0.133274 0.221135 0.601190
  53 -0.366133 -2.296670 63.264045 0.314395 -0.948902 -0.027206 0.227006 0.597222
  53 -0.106134 -2.176784 63.594086 0.258714 -0.961502 0.092636 0.234834 0.601190
artic_working1.bmp
  53 -0.106134 -2.176784 63.594086 0.258714 -0.961502 0.092636 0.234834 0.601190
  53 -0.366133 -2.296670 63.264045 0.314395 -0.948902 -0.027206 0.227006 0.597222
  53 0.073867 -2.136681 63.294101 0.551643 -0.818081 -0.162582 0.240705 0.597222
artic_working1.bmp
  53 -0.366133 -2.296670 63.264045 0.314395 -0.948902 -0.027206 0.227006 0.597222
  53 -0.336132 -2.126543 62.894103 0.389213 -0.788455 -0.476289 0.228963 0.591270
  53 0.073867 -2.136681 63.294101 0.551643 -0.818081 -0.162582 0.240705 0.597222
artic_working1.bmp
  53 0.073867 -2.136681 63.294101 0.551643 -0.818081 -0.162582 0.240705 0.597222
  53 -0.336132 -2.126543 62.894103 0.389213 -0.788455 -0.476289 0.228963 0.591270
  53 0.093868 -1.986592 63.034152 0.644463 -0.617256 -0.451289 0.242661 0.593254
artic_working1.bmp
  53 -0.336132 -2.126543 62.894103 0.389213 -0.788455 -0.476289 0.228963 0.591270
  53 -0.346131 -1.916457 62.644175 0.405144 -0.499650 -0.765642 0.221135 0.585317
  53 0.093868 -1.986592 63.034152 0.644463 -0.617256 -0.451289 0.242661 0.593254
artic_working1.bmp
  53 0.093868 -1.986592 63.034152 0.644463 -0.617256 -0.451289 0.242661 0.593254
  53 -0.346131 -1.916457 62.644175 0.405144 -0.499650 -0.765642 0.221135 0.585317
  53 0.083869 -1.796506 62.784217 0.602717 -0.356768 -0.713756 0.230920 0.585317
artic_working1.bmp
  53 -0.346131 -1.916457 62.644175 0.405144 -0.499650 -0.765642 0.221135 0.585317
  53 -0.346130 -1.286464 62.664392 0.239909 0.042429 -0.969868 0.225049 0.575397
  53 0.083869 -1.796506 62.784217 0.602717 -0.356768 -0.713756 0.230920 0.585317
artic_working1.bmp
  54 1.003862 -1.797587 65.925219 0.991920 -0.122371 -0.033453 0.303327 0.668651
  54 0.903864 -1.987285 65.045154 0.956028 -0.233288 -0.177729 0.299413 0.644841
  54 1.123865 -0.737447 65.515584 0.975188 -0.208470 -0.074485 0.315068 0.664683
artic_working1.bmp
  54 1.123865 -0.737447 65.515584 0.975188 -0.208470 -0.074485 0.315068 0.664683
  54 0.903864 -1.987285 65.045154 0.956028 -0.233288 -0.177729 0.299413 0.644841
  54 1.053868 -0.647075 64.435615 0.928769 -0.021868 -0.370014 0.318982 0.638889
artic_working1.bmp
  54 0.903864 -1.987285 65.045154 0.956028 -0.233288 -0.177729 0.299413 0.644841
  54 0.673866 -1.946989 64.185167 0.914309 -0.282570 -0.290160 0.299413 0.623016
  54 1.053868 -0.647075 64.435615 0.928769 -0.021868 -0.370014 0.318982 0.638889
artic_working1.bmp
  54 1.053868 -0.647075 64.435615 0.928769 -0.021868 -0.370014 0.318982 0.638889
  54 0.673866 -1.946989 64.185167 0.914309 -0.282570 -0.290160 0.299413 0.623016
  54 0.843869 -0.826876 63.855553 0.914301 0.054423 -0.401362 0.317025 0.623016
artic_working1.bmp
  54 0.673866 -1.946989 64.185167 0.914309 -0.282570 -0.290160 0.299413 0.623016
  54 0.523866 -1.976851 63.785157 0.898482 -0.278043 -0.339738 0.297456 0.611111
  54 0.843869 -0.826876 63.855553 0.914301 0.054423 -0.401362 0.317025 0.623016
artic_working1.bmp
  54 0.843869 -0.826876 63.855553 0.914301 0.054423 -0.401362 0.317025 0.623016
  54 0.523866 -1.976851 63.785157 0.898482 -0.278043 -0.339738 0.297456 0.611111
  54 0.653869 -0.966748 63.485504 0.894401 -0.094096 -0.437256 0.315068 0.613095
artic_working1.bmp
  54 0.523866 -1.976851 63.785157 0.898482 -0.278043 -0.339738 0.297456 0.611111
  54 0.353869 -1.506603 63.065318 0.879442 -0.214623 -0.424875 0.303327 0.597222
  54 0.653869 -0.966748 63.485504 0.894401 -0.094096 -0.437256 0.315068 0.613095
artic_working1.bmp
  54 0.763861 -2.847429 65.464858 0.914309 -0.282570 -0.290160 0.283757 0.658730
  54 0.563862 -2.807195 64.784871 0.914309 -0.282570 -0.290160 0.281800 0.640873
  54 0.903864 -1.987285 65.045154 0.956028 -0.233288 -0.177729 0.299413 0.644841
artic_working1.bmp
  54 0.903864 -1.987285 65.045154 0.956028 -0.233288 -0.177729 0.299413 0.644841
  54 0.563862 -2.807195 64.784871 0.914309 -0.282570 -0.290160 0.281800 0.640873
  54 0.673866 -1.946989 64.185167 0.914309 -0.282570 -0.290160 0.299413 0.623016
artic_working1.bmp
  54 0.563862 -2.807195 64.784871 0.914309 -0.282570 -0.290160 0.281800 0.640873
  54 0.323864 -2.706953 64.084905 0.881840 -0.355583 -0.309707 0.279843 0.619048
  54 0.673866 -1.946989 64.185167 0.914309 -0.282570 -0.290160 0.299413 0.623016
artic_working1.bmp
  54 0.673866 -1.946989 64.185167 0.914309 -0.282570 -0.290160 0.299413 0.623016
  54 0.323864 -2.706953 64.084905 0.881840 -0.355583 -0.309707 0.279843 0.619048
  54 0.523866 -1.976851 63.785157 0.898482 -0.278043 -0.339738 0.297456 0.611111
artic_working1.bmp
  54 0.323864 -2.706953 64.084905 0.881840 -0.355583 -0.309707 0.279843 0.619048
  54 0.233867 -2.356692 63.325025 0.898482 -0.278043 -0.339738 0.285714 0.601190
  54 0.523866 -1.976851 63.785157 0.898482 -0.278043 -0.339738 0.297456 0.611111
artic_working1.bmp
  54 0.523866 -1.976851 63.785157 0.898482 -0.278043 -0.339738 0.297456 0.611111
  54 0.233867 -2.356692 63.325025 0.898482 -0.278043 -0.339738 0.285714 0.601190
  54 0.353869 -1.506603 63.065318 0.879442 -0.214623 -0.424875 0.303327 0.597222
artic_working1.bmp
  54 0.233867 -2.356692 63.325025 0.898482 -0.278043 -0.339738 0.285714 0.601190
  54 0.043869 -1.956475 62.695162 0.727184 -0.146570 -0.670612 0.289628 0.589286
  54 0.353869 -1.506603 63.065318 0.879442 -0.214623 -0.424875 0.303327 0.597222
artic_working1.bmp
  55 -0.716129 -0.166680 63.296776 0.164176 0.986340 0.013436 0.385519 0.632937
  55 -1.066130 -0.256824 63.716744 0.071392 0.994888 -0.071415 0.391389 0.638889
  55 0.063869 -0.306929 64.016729 0.386516 0.912368 -0.134868 0.373777 0.644841
artic_working1.bmp
  55 0.063869 -0.306929 64.016729 0.386516 0.912368 -0.134868 0.373777 0.644841
  55 -1.066130 -0.256824 63.716744 0.071392 0.994888 -0.071415 0.391389 0.638889
  55 0.093868 -0.217101 64.516760 0.386431 0.884647 -0.260904 0.373777 0.656746
artic_working1.bmp
  55 -1.066130 -0.256824 63.716744 0.071392 0.994888 -0.071415 0.391389 0.638889
  55 -0.776131 -0.186976 64.156769 0.208930 0.915342 -0.344233 0.387476 0.646825
  55 0.093868 -0.217101 64.516760 0.386431 0.884647 -0.260904 0.373777 0.656746
artic_working1.bmp
  55 0.093868 -0.217101 64.516760 0.386431 0.884647 -0.260904 0.373777 0.656746
  55 -0.776131 -0.186976 64.156769 0.208930 0.915342 -0.344233 0.387476 0.646825
  55 0.203868 -0.057284 65.046816 0.375412 0.828594 -0.415329 0.373777 0.668651
artic_working1.bmp
  55 -0.776131 -0.186976 64.156769 0.208930 0.915342 -0.344233 0.387476 0.646825
  55 -0.736131 0.162814 64.766889 0.287618 0.849578 -0.442146 0.387476 0.662698
  55 0.203868 -0.057284 65.046816 0.375412 0.828594 -0.415329 0.373777 0.668651
artic_working1.bmp
  55 0.203868 -0.057284 65.046816 0.375412 0.828594 -0.415329 0.373777 0.668651
  55 -0.736131 0.162814 64.766889 0.287618 0.849578 -0.442146 0.387476 0.662698
  55 -0.096132 0.202638 65.276904 0.287618 0.849578 -0.442146 0.379648 0.674603
artic_working1.bmp
  55 -0.736131 0.162814 64.766889 0.287618 0.849578 -0.442146 0.387476 0.662698
  55 -1.016132 0.452636 65.286988 0.234194 0.895486 -0.378495 0.391389 0.674603
  55 -0.096132 0.202638 65.276904 0.287618 0.849578 -0.442146 0.379648 0.674603
artic_working1.bmp
  57 -0.376134 -0.807256 64.968556 0.081254 0.227742 -0.970325 0.095890 0.644841
  57 -0.316133 -0.437173 64.728684 0.845162 0.017804 -0.534214 0.088063 0.640873
  57 -0.156133 -0.247266 64.998749 0.125331 0.612916 -0.780145 0.084149 0.644841
artic_working1.bmp
  57 -0.156133 -0.247266 64.998749 0.125331 0.612916 -0.780145 0.084149 0.644841
  57 -0.316133 -0.437173 64.728684 0.845162 0.017804 -0.534214 0.088063 0.640873
  57 -0.396132 -0.177190 64.778773 0.385187 0.746899 -0.542008 0.084149 0.644841
artic_working1.bmp
  57 -0.316133 -0.437173 64.728684 0.845162 0.017804 -0.534214 0.088063 0.640873
  57 -0.546132 -0.427107 64.538687 -0.284893 0.230680 -0.930388 0.090020 0.638889
  57 -0.396132 -0.177190 64.778773 0.385187 0.746899 -0.542008 0.084149 0.644841
artic_working1.bmp
  57 -0.396132 -0.177190 64.778773 0.385187 0.746899 -0.542008 0.084149 0.644841
  57 -0.546132 -0.427107 64.538687 -0.284893 0.230680 -0.930388 0.090020 0.638889
  57 -0.586132 -0.187162 64.698769 -0.586963 0.641359 -0.494098 0.086106 0.644841
artic_working1.bmp
  57 -0.546132 -0.427107 64.538687 -0.284893 0.230680 -0.930388 0.090020 0.638889
  57 -0.636133 -0.697162 64.698594 -0.943233 -0.199248 -0.265728 0.095890 0.642857
  57 -0.586132 -0.187162 64.698769 -0.586963 0.641359 -0.494098 0.086106 0.644841
artic_working1.bmp
  57 -0.586132 -0.187162 64.698769 -0.586963 0.641359 -0.494098 0.086106 0.644841
  57 -0.636133 -0.697162 64.698594 -0.943233 -0.199248 -0.265728 0.095890 0.642857
  57 -0.776135 -0.707471 65.598590 -0.969659 -0.152274 -0.191242 0.097847 0.658730
artic_working1.bmp
  57 -0.636133 -0.697162 64.698594 -0.943233 -0.199248 -0.265728 0.095890 0.642857
  57 -0.516137 -1.267527 65.758398 -0.949811 -0.290644 -0.115697 0.105675 0.660714
  57 -0.776135 -0.707471 65.598590 -0.969659 -0.152274 -0.191242 0.097847 0.658730
artic_working1.bmp
  58 -0.106136 -1.837270 65.009203 -0.895611 -0.376024 -0.237671 0.150685 0.617063
  58 -0.026134 -1.536999 64.219306 -0.860502 -0.403152 -0.311456 0.144814 0.599206
  58 0.433865 -2.156965 64.119094 -0.781105 -0.542063 -0.309908 0.156556 0.601190
artic_working1.bmp
  58 0.433865 -2.156965 64.119094 -0.781105 -0.542063 -0.309908 0.156556 0.601190
  58 -0.026134 -1.536999 64.219306 -0.860502 -0.403152 -0.311456 0.144814 0.599206
  58 0.483868 -1.796728 63.429218 -0.860725 -0.453129 -0.232005 0.170254 0.583333
artic_working1.bmp
  58 -0.026134 -1.536999 64.219306 -0.860502 -0.403152 -0.311456 0.144814 0.599206
  58 0.143869 -1.056745 63.479472 -0.909203 -0.305511 -0.282867 0.148728 0.581349
  58 0.483868 -1.796728 63.429218 -0.860725 -0.453129 -0.232005 0.170254 0.583333
artic_working1.bmp
  58 0.483868 -1.796728 63.429218 -0.860725 -0.453129 -0.232005 0.170254 0.583333
  58 0.143869 -1.056745 63.479472 -0.909203 -0.305511 -0.282867 0.148728 0.581349
  58 0.413868 -1.686666 63.249256 -0.927122 -0.363020 -0.093064 0.166341 0.581349
artic_working1.bmp
  58 0.143869 -1.056745 63.479472 -0.909203 -0.305511 -0.282867 0.148728 0.581349
  58 0.143870 -0.936704 63.359513 -0.718795 0.003856 -0.695212 0.146771 0.579365
  58 0.413868 -1.686666 63.249256 -0.927122 -0.363020 -0.093064 0.166341 0.581349
artic_working1.bmp
  58 0.413868 -1.686666 63.249256 -0.927122 -0.363020 -0.093064 0.166341 0.581349
  58 0.143870 -0.936704 63.359513 -0.718795 0.003856 -0.695212 0.146771 0.579365
  58 0.393869 -1.586625 63.129290 -0.724319 -0.046586 -0.687890 0.164384 0.579365
artic_working1.bmp
  58 0.143870 -0.936704 63.359513 -0.718795 0.003856 -0.695212 0.146771 0.579365
  58 0.553870 -0.876684 63.299535 -0.266284 0.209943 -0.940753 0.154599 0.571429
  58 0.393869 -1.586625 63.129290 -0.724319 -0.046586 -0.687890 0.164384 0.579365
artic_working1.bmp
  60 -0.586136 -1.917249 64.951175 -0.120619 -0.927832 0.352957 0.205479 0.688492
  60 -0.676136 -1.857249 64.951195 -0.510587 -0.819586 0.259962 0.203523 0.688492
  60 -0.676136 -1.987146 64.651150 -0.510587 -0.819586 0.259962 0.203523 0.682540
artic_working1.bmp
  60 -0.676136 -1.987146 64.651150 -0.510587 -0.819586 0.259962 0.203523 0.682540
  60 -0.676136 -1.857249 64.951195 -0.510587 -0.819586 0.259962 0.203523 0.688492
  60 -0.776135 -1.907146 64.651178 -0.680780 -0.712932 0.168128 0.201566 0.682540
artic_working1.bmp
  60 -0.676136 -1.857249 64.951195 -0.510587 -0.819586 0.259962 0.203523 0.688492
  60 -1.016135 -1.737138 64.631235 -0.533628 -0.845422 0.022403 0.193738 0.680556
  60 -0.776135 -1.907146 64.651178 -0.680780 -0.712932 0.168128 0.201566 0.682540
artic_working1.bmp
  60 -0.776135 -1.907146 64.651178 -0.680780 -0.712932 0.168128 0.201566 0.682540
  60 -1.016135 -1.737138 64.631235 -0.533628 -0.845422 0.022403 0.193738 0.680556
  60 -0.926134 -1.706932 64.031246 -0.831719 -0.552940 -0.050011 0.195695 0.672619
artic_working1.bmp
  60 -1.016135 -1.737138 64.631235 -0.533628 -0.845422 0.022403 0.193738 0.680556
  60 -1.146133 -1.546928 64.021300 -0.479479 -0.858162 -0.183459 0.189824 0.672619
  60 -0.926134 -1.706932 64.031246 -0.831719 -0.552940 -0.050011 0.195695 0.672619
artic_working1.bmp
  60 -0.926134 -1.706932 64.031246 -0.831719 -0.552940 -0.050011 0.195695 0.672619
  60 -1.146133 -1.546928 64.021300 -0.479479 -0.858162 -0.183459 0.189824 0.672619
  60 -0.996132 -1.476733 63.451325 -0.727412 -0.681389 -0.081125 0.193738 0.658730
artic_working1.bmp
  60 -1.146133 -1.546928 64.021300 -0.479479 -0.858162 -0.183459 0.189824 0.672619
  60 -1.296133 -1.416870 63.851345 -0.461272 -0.855000 -0.237070 0.183953 0.666667
  60 -0.996132 -1.476733 63.451325 -0.727412 -0.681389 -0.081125 0.193738 0.658730
artic_working1.bmp
  60 -0.566137 -1.827349 65.241206 -0.107272 -0.989467 0.097200 0.207436 0.694444
  60 -0.676136 -1.857249 64.951195 -0.510587 -0.819586 0.259962 0.203523 0.688492
  60 -0.586136 -1.917249 64.951175 -0.120619 -0.927832 0.352957 0.205479 0.688492
artic_working1.bmp
  60 -0.566137 -1.827349 65.241206 -0.107272 -0.989467 0.097200 0.207436 0.694444
  60 -0.936136 -1.737242 64.931236 -0.422662 -0.892833 0.155582 0.195695 0.688492
  60 -0.676136 -1.857249 64.951195 -0.510587 -0.819586 0.259962 0.203523 0.688492
artic_working1.bmp
  60 -0.566137 -1.827349 65.241206 -0.107272 -0.989467 0.097200 0.207436 0.694444
  60 -1.346136 -1.577292 65.081290 -0.285510 -0.955066 -0.079577 0.189824 0.690476
  60 -0.936136 -1.737242 64.931236 -0.422662 -0.892833 0.155582 0.195695 0.688492
artic_working1.bmp
  60 -0.566137 -1.827349 65.241206 -0.107272 -0.989467 0.097200 0.207436 0.694444
  60 -1.286137 -1.687396 65.381252 -0.200623 -0.974696 -0.098581 0.191781 0.696429
  60 -1.346136 -1.577292 65.081290 -0.285510 -0.955066 -0.079577 0.189824 0.690476
artic_working1.bmp
  60 -0.566137 -1.827349 65.241206 -0.107272 -0.989467 0.097200 0.207436 0.694444
  60 -0.526137 -1.827473 65.601206 -0.062990 -0.996969 0.045654 0.207436 0.702381
  60 -1.286137 -1.687396 65.381252 -0.200623 -0.974696 -0.098581 0.191781 0.696429
artic_working1.bmp
  60 -0.566137 -1.827349 65.241206 -0.107272 -0.989467 0.097200 0.207436 0.694444
  60 0.313863 -1.787444 65.511221 0.063082 -0.997125 -0.041970 0.223092 0.700397
  60 -0.526137 -1.827473 65.601206 -0.062990 -0.996969 0.045654 0.207436 0.702381
artic_working1.bmp
  60 -0.566137 -1.827349 65.241206 -0.107272 -0.989467 0.097200 0.207436 0.694444
  60 0.363864 -1.737354 65.251239 0.096771 -0.995278 0.007512 0.225049 0.694444
  60 0.313863 -1.787444 65.511221 0.063082 -0.997125 -0.041970 0.223092 0.700397
artic_working1.bmp
  60 -0.456133 -2.356614 63.101024 -0.503095 -0.740136 -0.446200 0.209393 0.658730
  60 -0.676132 -2.126579 63.001102 -0.514020 -0.463583 -0.721716 0.203523 0.654762
  60 -0.456132 -2.226559 62.941068 -0.413669 -0.469206 -0.780208 0.209393 0.654762
artic_working1.bmp
  60 -0.456132 -2.226559 62.941068 -0.413669 -0.469206 -0.780208 0.209393 0.654762
  60 -0.676132 -2.126579 63.001102 -0.514020 -0.463583 -0.721716 0.203523 0.654762
  60 -0.466131 -1.936538 62.881168 -0.369221 -0.193374 -0.909001 0.209393 0.650794
artic_working1.bmp
  60 -0.676132 -2.126579 63.001102 -0.514020 -0.463583 -0.721716 0.203523 0.654762
  60 -0.726131 -1.846568 62.971198 -0.425336 -0.284834 -0.859046 0.203523 0.652778
  60 -0.466131 -1.936538 62.881168 -0.369221 -0.193374 -0.909001 0.209393 0.650794
artic_working1.bmp
  60 -0.466131 -1.936538 62.881168 -0.369221 -0.193374 -0.909001 0.209393 0.650794
  60 -0.726131 -1.846568 62.971198 -0.425336 -0.284834 -0.859046 0.203523 0.652778
  60 -0.476131 -1.626514 62.811275 -0.374795 -0.729760 -0.571820 0.209393 0.646825
artic_working1.bmp
  60 -0.726131 -1.846568 62.971198 -0.425336 -0.284834 -0.859046 0.203523 0.652778
  60 -0.836130 -1.496527 62.851318 -0.482403 -0.725316 -0.491125 0.199609 0.646825
  60 -0.476131 -1.626514 62.811275 -0.374795 -0.729760 -0.571820 0.209393 0.646825
artic_working1.bmp
  60 -0.476131 -1.626514 62.811275 -0.374795 -0.729760 -0.571820 0.209393 0.646825
  60 -0.836130 -1.496527 62.851318 -0.482403 -0.725316 -0.491125 0.199609 0.646825
  60 -0.736130 -1.516421 62.541312 -0.371929 -0.924421 -0.084354 0.201566 0.640873
artic_working1.bmp
  60 -0.836130 -1.496527 62.851318 -0.482403 -0.725316 -0.491125 0.199609 0.646825
  60 -1.056129 -1.356437 62.591366 -0.599838 -0.797249 -0.067741 0.193738 0.640873
  60 -0.736130 -1.516421 62.541312 -0.371929 -0.924421 -0.084354 0.201566 0.640873
artic_working1.bmp
  62 1.313866 -0.867196 64.783540 0.990210 0.139555 0.002794 0.334638 0.706349
  62 1.063869 -0.037009 64.243824 0.908838 0.374410 -0.183931 0.348337 0.692460
  62 1.073866 -0.117425 65.453797 0.952620 0.297092 0.065209 0.348337 0.714286
artic_working1.bmp
  62 1.313866 -0.867196 64.783540 0.990210 0.139555 0.002794 0.334638 0.706349
  62 0.983870 -0.346834 63.733718 0.905338 0.315571 -0.284216 0.344423 0.682540
  62 1.063869 -0.037009 64.243824 0.908838 0.374410 -0.183931 0.348337 0.692460
artic_working1.bmp
  62 1.313866 -0.867196 64.783540 0.990210 0.139555 0.002794 0.334638 0.706349
  62 1.273868 -0.947003 64.223512 0.971207 0.218999 -0.093784 0.334638 0.692460
  62 0.983870 -0.346834 63.733718 0.905338 0.315571 -0.284216 0.344423 0.682540
artic_working1.bmp
  62 1.313866 -0.867196 64.783540 0.990210 0.139555 0.002794 0.334638 0.706349
  62 1.323866 -1.507044 64.343320 0.996395 -0.084833 -0.000593 0.324853 0.696429
  62 1.273868 -0.947003 64.223512 0.971207 0.218999 -0.093784 0.334638 0.692460
artic_working1.bmp
  62 1.313866 -0.867196 64.783540 0.990210 0.139555 0.002794 0.334638 0.706349
  62 1.253864 -1.787271 65.003223 0.984649 -0.112020 0.133858 0.320939 0.714286
  62 1.323866 -1.507044 64.343320 0.996395 -0.084833 -0.000593 0.324853 0.696429
artic_working1.bmp
  62 1.313866 -0.867196 64.783540 0.990210 0.139555 0.002794 0.334638 0.706349
  62 1.103864 -0.727580 65.903587 0.982866 0.041376 0.179617 0.340509 0.726190
  62 1.253864 -1.787271 65.003223 0.984649 -0.112020 0.133858 0.320939 0.714286
artic_working1.bmp
  62 1.313866 -0.867196 64.783540 0.990210 0.139555 0.002794 0.334638 0.706349
  62 1.073866 -0.117425 65.453797 0.952620 0.297092 0.065209 0.348337 0.714286
  62 1.103864 -0.727580 65.903587 0.982866 0.041376 0.179617 0.340509 0.726190
artic_working1.bmp
  64 0.953872 0.533155 63.766020 -0.482398 0.861860 -0.156490 0.041096 0.692460
  64 -0.436131 -0.157014 64.265780 -0.734082 0.676864 -0.054576 0.058708 0.702381
  64 0.873869 0.542739 64.976023 -0.489282 0.870472 0.053678 0.043053 0.716270
artic_working1.bmp
  64 0.873869 0.542739 64.976023 -0.489282 0.870472 0.053678 0.043053 0.716270
  64 -0.436131 -0.157014 64.265780 -0.734082 0.676864 -0.054576 0.058708 0.702381
  64 -0.346134 -0.307447 65.525728 -0.802972 0.567420 0.182402 0.058708 0.726190
artic_working1.bmp
  64 -0.436131 -0.157014 64.265780 -0.734082 0.676864 -0.054576 0.058708 0.702381
  64 -0.796134 -0.977206 64.825497 -0.966451 0.238185 0.096128 0.070450 0.714286
  64 -0.346134 -0.307447 65.525728 -0.802972 0.567420 0.182402 0.058708 0.726190
artic_working1.bmp
  64 -0.346134 -0.307447 65.525728 -0.802972 0.567420 0.182402 0.058708 0.726190
  64 -0.796134 -0.977206 64.825497 -0.966451 0.238185 0.096128 0.070450 0.714286
  64 -0.426136 -0.877598 65.965532 -0.936008 0.197710 0.291203 0.064579 0.738095
artic_working1.bmp
  64 -0.796134 -0.977206 64.825497 -0.966451 0.238185 0.096128 0.070450 0.714286
  64 -0.746136 -1.637367 65.295270 -0.978001 0.000830 0.208598 0.078278 0.728175
  64 -0.426136 -0.877598 65.965532 -0.936008 0.197710 0.291203 0.064579 0.738095
artic_working1.bmp
  64 -0.426136 -0.877598 65.965532 -0.936008 0.197710 0.291203 0.064579 0.738095
  64 -0.746136 -1.637367 65.295270 -0.978001 0.000830 0.208598 0.078278 0.728175
  64 -0.376138 -1.467725 66.335330 -0.941829 0.025165 0.335148 0.070450 0.748016
artic_working1.bmp
  64 -0.746136 -1.637367 65.295270 -0.978001 0.000830 0.208598 0.078278 0.728175
  64 -0.626138 -2.467426 65.464986 -0.966531 -0.088524 0.240794 0.090020 0.736111
  64 -0.376138 -1.467725 66.335330 -0.941829 0.025165 0.335148 0.070450 0.748016
artic_working1.bmp
  66 -0.426136 -0.367647 66.107708 -0.946973 -0.125940 0.295602 0.133072 0.730159
  66 -0.706134 -0.667368 65.297604 -0.943920 -0.194516 0.266793 0.129159 0.708333
  66 -0.256137 -1.537548 65.817306 -0.803606 -0.456075 0.382378 0.142857 0.720238
artic_working1.bmp
  66 -0.256137 -1.537548 65.817306 -0.803606 -0.456075 0.382378 0.142857 0.720238
  66 -0.706134 -0.667368 65.297604 -0.943920 -0.194516 0.266793 0.129159 0.708333
  66 -0.426136 -1.907234 64.907178 -0.852894 -0.509523 0.113833 0.140900 0.700397
artic_working1.bmp
  66 -0.706134 -0.667368 65.297604 -0.943920 -0.194516 0.266793 0.129159 0.708333
  66 -0.806132 -0.347127 64.597714 -0.951852 -0.258708 -0.164463 0.121331 0.688492
  66 -0.426136 -1.907234 64.907178 -0.852894 -0.509523 0.113833 0.140900 0.700397
artic_working1.bmp
  66 -0.426136 -1.907234 64.907178 -0.852894 -0.509523 0.113833 0.140900 0.700397
  66 -0.806132 -0.347127 64.597714 -0.951852 -0.258708 -0.164463 0.121331 0.688492
  66 -0.346135 -1.947135 64.617165 -0.837314 -0.495140 -0.231823 0.142857 0.694444
artic_working1.bmp
  66 -0.806132 -0.347127 64.597714 -0.951852 -0.258708 -0.164463 0.121331 0.688492
  66 -0.706131 -0.327017 64.277721 -0.945539 -0.240165 -0.219719 0.123288 0.680556
  66 -0.346135 -1.947135 64.617165 -0.837314 -0.495140 -0.231823 0.142857 0.694444
artic_working1.bmp
  66 -0.346135 -1.947135 64.617165 -0.837314 -0.495140 -0.231823 0.142857 0.694444
  66 -0.706131 -0.327017 64.277721 -0.945539 -0.240165 -0.219719 0.123288 0.680556
  66 -0.236135 -1.967025 64.297158 -0.863763 -0.491589 -0.110697 0.144814 0.686508
artic_working1.bmp
  66 -0.706131 -0.327017 64.277721 -0.945539 -0.240165 -0.219719 0.123288 0.680556
  66 -0.366133 -1.556863 63.827299 -0.940408 -0.303507 -0.153352 0.135029 0.672619
  66 -0.236135 -1.967025 64.297158 -0.863763 -0.491589 -0.110697 0.144814 0.686508
artic_working1.bmp
  67 -0.346135 -1.747122 64.578234 -0.626573 -0.775231 0.080149 0.164384 0.678571
  67 -0.016134 -1.876954 64.088190 -0.397793 -0.891107 -0.218377 0.162427 0.668651
  67 0.363864 -2.037157 64.678136 -0.255794 -0.965832 0.041690 0.180039 0.682540
artic_working1.bmp
  67 0.363864 -2.037157 64.678136 -0.255794 -0.965832 0.041690 0.180039 0.682540
  67 -0.016134 -1.876954 64.088190 -0.397793 -0.891107 -0.218377 0.162427 0.668651
  67 0.683865 -2.067000 64.218126 -0.133993 -0.964527 -0.227448 0.174168 0.670635
artic_working1.bmp
  67 -0.016134 -1.876954 64.088190 -0.397793 -0.891107 -0.218377 0.162427 0.668651
  67 0.403869 -1.666639 63.168263 -0.235968 -0.903151 -0.358660 0.170254 0.646825
  67 0.683865 -2.067000 64.218126 -0.133993 -0.964527 -0.227448 0.174168 0.670635
artic_working1.bmp
  67 0.683865 -2.067000 64.218126 -0.133993 -0.964527 -0.227448 0.174168 0.670635
  67 0.403869 -1.666639 63.168263 -0.235968 -0.903151 -0.358660 0.170254 0.646825
  67 0.863867 -1.856777 63.568199 -0.124671 -0.932668 -0.338509 0.178082 0.660714
artic_working1.bmp
  67 0.403869 -1.666639 63.168263 -0.235968 -0.903151 -0.358660 0.170254 0.646825
  67 0.573870 -1.486471 62.678325 -0.246283 -0.920285 -0.304007 0.172211 0.634921
  67 0.863867 -1.856777 63.568199 -0.124671 -0.932668 -0.338509 0.178082 0.660714
artic_working1.bmp
  67 0.863867 -1.856777 63.568199 -0.124671 -0.932668 -0.338509 0.178082 0.660714
  67 0.573870 -1.486471 62.678325 -0.246283 -0.920285 -0.304007 0.172211 0.634921
  67 0.973869 -1.696595 63.038254 -0.386555 -0.915515 -0.111393 0.185910 0.648810
artic_working1.bmp
  67 0.573870 -1.486471 62.678325 -0.246283 -0.920285 -0.304007 0.172211 0.634921
  67 1.003869 -1.726571 62.968244 -0.368318 -0.906970 -0.204323 0.187867 0.646825
  67 0.973869 -1.696595 63.038254 -0.386555 -0.915515 -0.111393 0.185910 0.648810
artic_working1.bmp
  68 -0.386137 -1.567435 65.489295 0.216962 -0.700220 0.680162 0.207436 0.757937
  68 -0.406136 -1.887228 64.889185 0.235487 -0.877137 0.418540 0.207436 0.748016
  68 0.313864 -1.257467 65.579403 0.304386 -0.622662 0.720862 0.223092 0.761905
artic_working1.bmp
  68 0.313864 -1.257467 65.579403 0.304386 -0.622662 0.720862 0.223092 0.761905
  68 -0.406136 -1.887228 64.889185 0.235487 -0.877137 0.418540 0.207436 0.748016
  68 0.363864 -1.677257 64.969259 0.370520 -0.829352 0.418199 0.223092 0.750000
artic_working1.bmp
  68 -0.406136 -1.887228 64.889185 0.235487 -0.877137 0.418540 0.207436 0.748016
  68 -0.386135 -2.056981 64.169127 0.175388 -0.958024 0.226782 0.209393 0.734127
  68 0.363864 -1.677257 64.969259 0.370520 -0.829352 0.418199 0.223092 0.750000
artic_working1.bmp
  68 0.363864 -1.677257 64.969259 0.370520 -0.829352 0.418199 0.223092 0.750000
  68 -0.386135 -2.056981 64.169127 0.175388 -0.958024 0.226782 0.209393 0.734127
  68 0.423866 -1.936976 64.149170 0.365650 -0.910230 0.194376 0.223092 0.734127
artic_working1.bmp
  68 -0.386135 -2.056981 64.169127 0.175388 -0.958024 0.226782 0.209393 0.734127
  68 -0.346133 -2.156747 63.489093 0.206987 -0.971685 0.113948 0.207436 0.722222
  68 0.423866 -1.936976 64.149170 0.365650 -0.910230 0.194376 0.223092 0.734127
artic_working1.bmp
  68 0.423866 -1.936976 64.149170 0.365650 -0.910230 0.194376 0.223092 0.734127
  68 -0.346133 -2.156747 63.489093 0.206987 -0.971685 0.113948 0.207436 0.722222
  68 0.383867 -1.986732 63.439153 0.379908 -0.921721 0.078104 0.223092 0.722222
artic_working1.bmp
  68 -0.346133 -2.156747 63.489093 0.206987 -0.971685 0.113948 0.207436 0.722222
  68 -0.316132 -2.236531 62.859065 0.206987 -0.971685 0.113948 0.207436 0.714286
  68 0.383867 -1.986732 63.439153 0.379908 -0.921721 0.078104 0.223092 0.722222
artic_working1.bmp
  70 1.173870 -0.316786 63.591729 0.966337 0.208224 0.151114 0.340509 0.726190
  70 0.913868 -0.107215 64.841800 0.912563 0.280614 0.297464 0.346380 0.748016
  70 1.213868 -1.296861 63.811392 0.991727 0.011690 0.127834 0.324853 0.734127
artic_working1.bmp
  70 1.213868 -1.296861 63.811392 0.991727 0.011690 0.127834 0.324853 0.734127
  70 0.913868 -0.107215 64.841800 0.912563 0.280614 0.297464 0.346380 0.748016
  70 1.113866 -1.297191 64.771392 0.962242 -0.062202 0.264991 0.326810 0.751984
artic_working1.bmp
  70 0.913868 -0.107215 64.841800 0.912563 0.280614 0.297464 0.346380 0.748016
  70 0.743866 -0.307386 65.341731 0.795698 0.292329 0.530479 0.346380 0.757937
  70 1.113866 -1.297191 64.771392 0.962242 -0.062202 0.264991 0.326810 0.751984
artic_working1.bmp
  70 1.113866 -1.297191 64.771392 0.962242 -0.062202 0.264991 0.326810 0.751984
  70 0.743866 -0.307386 65.341731 0.795698 0.292329 0.530479 0.346380 0.757937
  70 0.853864 -1.477369 65.291329 0.872716 -0.113569 0.474836 0.324853 0.761905
artic_working1.bmp
  70 0.743866 -0.307386 65.341731 0.795698 0.292329 0.530479 0.346380 0.757937
  70 0.483865 -0.527516 65.721655 0.626592 0.149305 0.764912 0.346380 0.767857
  70 0.853864 -1.477369 65.291329 0.872716 -0.113569 0.474836 0.324853 0.761905
artic_working1.bmp
  70 0.853864 -1.477369 65.291329 0.872716 -0.113569 0.474836 0.324853 0.761905
  70 0.483865 -0.527516 65.721655 0.626592 0.149305 0.764912 0.346380 0.767857
  70 0.573862 -2.257444 65.511060 0.788528 -0.113045 0.604519 0.309198 0.767857
artic_working1.bmp
  70 0.483865 -0.527516 65.721655 0.626592 0.149305 0.764912 0.346380 0.767857
  70 0.113862 -1.897608 65.991183 0.495356 0.013242 0.868589 0.320939 0.779762
  70 0.573862 -2.257444 65.511060 0.788528 -0.113045 0.604519 0.309198 0.767857
artic_working1.bmp
  73 -0.196133 -0.467165 64.704674 -0.477823 0.698414 0.532826 0.043053 0.748016
  73 -0.656131 -0.586965 64.124632 -0.648080 0.705057 0.287900 0.050881 0.738095
  73 -0.766134 -1.187147 64.654425 -0.798188 0.398621 0.451661 0.058708 0.750000
artic_working1.bmp
  73 -0.196133 -0.467165 64.704674 -0.477823 0.698414 0.532826 0.043053 0.748016
  73 0.693871 0.173173 63.714896 -0.351247 0.909964 0.220433 0.033268 0.730159
  73 -0.656131 -0.586965 64.124632 -0.648080 0.705057 0.287900 0.050881 0.738095
artic_working1.bmp
  73 -0.196133 -0.467165 64.704674 -0.477823 0.698414 0.532826 0.043053 0.748016
  73 0.773869 0.022919 64.454844 -0.183494 0.896020 0.404325 0.033268 0.742063
  73 0.693871 0.173173 63.714896 -0.351247 0.909964 0.220433 0.033268 0.730159
artic_working1.bmp
  73 -0.196133 -0.467165 64.704674 -0.477823 0.698414 0.532826 0.043053 0.748016
  73 0.803866 -0.497315 65.134666 -0.200920 0.650407 0.732531 0.033268 0.757937
  73 0.773869 0.022919 64.454844 -0.183494 0.896020 0.404325 0.033268 0.742063
artic_working1.bmp
  73 -0.196133 -0.467165 64.704674 -0.477823 0.698414 0.532826 0.043053 0.748016
  73 0.103864 -1.387427 65.464358 -0.293083 0.397648 0.869470 0.045010 0.769841
  73 0.803866 -0.497315 65.134666 -0.200920 0.650407 0.732531 0.033268 0.757937
artic_working1.bmp
  73 -0.196133 -0.467165 64.704674 -0.477823 0.698414 0.532826 0.043053 0.748016
  73 -0.556135 -1.377309 65.124360 -0.601403 0.420268 0.679478 0.056751 0.759921
  73 0.103864 -1.387427 65.464358 -0.293083 0.397648 0.869470 0.045010 0.769841
artic_working1.bmp
  73 -0.196133 -0.467165 64.704674 -0.477823 0.698414 0.532826 0.043053 0.748016
  73 -0.766134 -1.187147 64.654425 -0.798188 0.398621 0.451661 0.058708 0.750000
  73 -0.556135 -1.377309 65.124360 -0.601403 0.420268 0.679478 0.056751 0.759921
artic_working1.bmp
  8 8.261690 0.162909 58.268192 0.022306 -0.103255 0.994405 0.972603 0.863095
  20 9.917349 -0.029382 58.417938 -0.107478 -0.160209 0.981214 0.990215 0.861111
  20 9.838682 2.550857 57.921876 -0.083014 0.196427 0.976998 0.990215 0.894841
artic_working1.bmp
  8 8.261690 0.162909 58.268192 0.022306 -0.103255 0.994405 0.972603 0.863095
  21 9.415611 -3.280829 56.499686 0.088828 -0.694281 0.714201 0.994129 0.809524
  20 9.917349 -0.029382 58.417938 -0.107478 -0.160209 0.981214 0.990215 0.861111
artic_working1.bmp
  8 8.261690 0.162909 58.268192 0.022306 -0.103255 0.994405 0.972603 0.863095
  8 6.366183 -3.876561 56.804109 0.153236 -0.707703 0.689692 0.949119 0.807540
  21 9.415611 -3.280829 56.499686 0.088828 -0.694281 0.714201 0.994129 0.809524
artic_working1.bmp
  8 8.261690 0.162909 58.268192 0.022306 -0.103255 0.994405 0.972603 0.863095
  36 3.893871 0.212973 58.873866 0.193806 -0.092882 0.976633 0.915851 0.865079
  8 6.366183 -3.876561 56.804109 0.153236 -0.707703 0.689692 0.949119 0.807540
artic_working1.bmp
  8 8.261690 0.162909 58.268192 0.022306 -0.103255 0.994405 0.972603 0.863095
  8 6.666981 3.553228 57.387430 0.132898 0.215141 0.967498 0.951076 0.908730
  36 3.893871 0.212973 58.873866 0.193806 -0.092882 0.976633 0.915851 0.865079
artic_working1.bmp
  8 8.261690 0.162909 58.268192 0.022306 -0.103255 0.994405 0.972603 0.863095
  20 9.838682 2.550857 57.921876 -0.083014 0.196427 0.976998 0.990215 0.894841
  8 6.666981 3.553228 57.387430 0.132898 0.215141 0.967498 0.951076 0.908730
artic_working1.bmp
  1 1.643864 -6.005572 39.331882 0.253960 -0.963986 0.078968 0.886497 0.573413
  2 6.213848 -3.990972 42.247277 0.413434 -0.902934 -0.117397 0.947162 0.613095
  2 1.633844 -6.050054 41.405048 0.183811 -0.975095 -0.124106 0.886497 0.601190
artic_working1.bmp
  1 1.643864 -6.005572 39.331882 0.253960 -0.963986 0.078968 0.886497 0.573413
  2 6.053845 -4.218684 40.137029 0.357235 -0.928380 0.102440 0.945205 0.585317
  2 6.213848 -3.990972 42.247277 0.413434 -0.902934 -0.117397 0.947162 0.613095
artic_working1.bmp
  1 1.643864 -6.005572 39.331882 0.253960 -0.963986 0.078968 0.886497 0.573413
  39 6.996908 -5.038106 31.864132 0.367576 -0.918704 0.144470 0.956947 0.474206
  2 6.053845 -4.218684 40.137029 0.357235 -0.928380 0.102440 0.945205 0.585317
artic_working1.bmp
  1 1.643864 -6.005572 39.331882 0.253960 -0.963986 0.078968 0.886497 0.573413
  39 2.139987 -7.014580 32.304095 0.126309 -0.980429 0.151013 0.892368 0.478175
  39 6.996908 -5.038106 31.864132 0.367576 -0.918704 0.144470 0.956947 0.474206
artic_working1.bmp
  1 1.643864 -6.005572 39.331882 0.253960 -0.963986 0.078968 0.886497 0.573413
  1 -1.196136 -5.985548 39.241889 -0.168899 -0.983028 0.071616 0.847358 0.575397
  39 2.139987 -7.014580 32.304095 0.126309 -0.980429 0.151013 0.892368 0.478175
artic_working1.bmp
  1 1.643864 -6.005572 39.331882 0.253960 -0.963986 0.078968 0.886497 0.573413
  2 1.633844 -6.050054 41.405048 0.183811 -0.975095 -0.124106 0.886497 0.601190
  1 -1.196136 -5.985548 39.241889 -0.168899 -0.983028 0.071616 0.847358 0.575397
artic_working1.bmp
  5 0.253877 8.787244 52.437662 0.005286 0.761575 -0.648055 0.663405 1.000000
  5 0.253882 10.814472 54.830013 0.001384 0.937975 -0.346701 0.663405 0.992063
  5 4.453881 8.852508 56.517736 0.705304 0.631103 -0.322886 0.727984 0.970238
artic_working1.bmp
  5 4.453881 8.852508 56.517736 0.705304 0.631103 -0.322886 0.727984 0.970238
  5 0.253882 10.814472 54.830013 0.001384 0.937975 -0.346701 0.663405 0.992063
  5 0.253888 10.938131 60.300161 -0.002405 0.970158 0.242461 0.663405 0.974206
artic_working1.bmp
  5 0.253882 10.814472 54.830013 0.001384 0.937975 -0.346701 0.663405 0.992063
  5 -3.876120 8.852683 56.377745 -0.705289 0.631021 -0.323079 0.596869 0.970238
  5 0.253888 10.938131 60.300161 -0.002405 0.970158 0.242461 0.663405 0.974206
artic_working1.bmp
  5 0.253888 10.938131 60.300161 -0.002405 0.970158 0.242461 0.663405 0.974206
  5 -3.876120 8.852683 56.377745 -0.705289 0.631021 -0.323079 0.596869 0.970238
  5 -4.776117 8.017897 60.506781 -0.828549 0.286735 0.480925 0.612524 0.944444
artic_working1.bmp
  5 -3.876120 8.852683 56.377745 -0.705289 0.631021 -0.323079 0.596869 0.970238
  5 -3.596123 7.213970 55.265844 -0.837541 0.121699 -0.532649 0.575342 0.922619
  5 -4.776117 8.017897 60.506781 -0.828549 0.286735 0.480925 0.612524 0.944444
artic_working1.bmp
  5 -4.776117 8.017897 60.506781 -0.828549 0.286735 0.480925 0.612524 0.944444
  5 -3.596123 7.213970 55.265844 -0.837541 0.121699 -0.532649 0.575342 0.922619
  5 -5.326123 4.479685 58.962678 -0.628280 -0.771417 0.100895 0.606654 0.894841
artic_working1.bmp
  22 -6.008178 -3.876572 56.796530 -0.140803 -0.712539 0.687359 0.784736 0.807540
  5 -7.996144 -4.321205 51.102472 -0.559301 -0.827517 0.048963 0.749511 0.744048
  5 0.243859 -5.286340 55.521348 0.001317 -0.917079 0.398704 0.866928 0.791667
artic_working1.bmp
  22 -6.008178 -3.876572 56.796530 -0.140803 -0.712539 0.687359 0.784736 0.807540
  35 -9.249497 -3.339939 56.526709 -0.082067 -0.693376 0.715887 0.735812 0.805556
  5 -7.996144 -4.321205 51.102472 -0.559301 -0.827517 0.048963 0.749511 0.744048
artic_working1.bmp
  22 -6.008178 -3.876572 56.796530 -0.140803 -0.712539 0.687359 0.784736 0.807540
  22 -7.822502 0.052900 58.246144 -0.029934 -0.109382 0.993549 0.759295 0.861111
  35 -9.249497 -3.339939 56.526709 -0.082067 -0.693376 0.715887 0.735812 0.805556
artic_working1.bmp
  22 -6.008178 -3.876572 56.796530 -0.140803 -0.712539 0.687359 0.784736 0.807540
  36 -3.416130 0.082995 58.863723 -0.191676 -0.101195 0.976227 0.818004 0.863095
  22 -7.822502 0.052900 58.246144 -0.029934 -0.109382 0.993549 0.759295 0.861111
artic_working1.bmp
  22 -6.008178 -3.876572 56.796530 -0.140803 -0.712539 0.687359 0.784736 0.807540
  36 -2.376136 -3.215474 57.539897 -0.065687 -0.564398 0.822885 0.831703 0.817460
  36 -3.416130 0.082995 58.863723 -0.191676 -0.101195 0.976227 0.818004 0.863095
artic_working1.bmp
  22 -6.008178 -3.876572 56.796530 -0.140803 -0.712539 0.687359 0.784736 0.807540
  5 0.243859 -5.286340 55.521348 0.001317 -0.917079 0.398704 0.866928 0.791667
  36 -2.376136 -3.215474 57.539897 -0.065687 -0.564398 0.822885 0.831703 0.817460
artic_working1.bmp
  46 -7.019463 4.032636 11.164396 -0.011866 0.912476 -0.408957 0.461840 0.051587
  46 -11.288030 -0.559942 11.142879 -0.988054 -0.097866 -0.119044 0.534247 0.039683
  46 -6.434275 3.613540 17.480987 -0.007925 0.997480 0.070511 0.465753 0.154762
artic_working1.bmp
  46 -7.019463 4.032636 11.164396 -0.011866 0.912476 -0.408957 0.461840 0.051587
  46 -9.631349 -0.185824 8.488064 -0.801112 0.304517 -0.515257 0.534247 0.003968
  46 -11.288030 -0.559942 11.142879 -0.988054 -0.097866 -0.119044 0.534247 0.039683
artic_working1.bmp
  46 -7.019463 4.032636 11.164396 -0.011866 0.912476 -0.408957 0.461840 0.051587
  46 -7.256178 2.331429 8.917719 -0.005284 0.797656 -0.603089 0.459883 0.015873
  46 -9.631349 -0.185824 8.488064 -0.801112 0.304517 -0.515257 0.534247 0.003968
artic_working1.bmp
  46 -7.019463 4.032636 11.164396 -0.011866 0.912476 -0.408957 0.461840 0.051587
  46 -5.135961 -0.407629 8.213486 0.611394 0.602114 -0.513475 0.405088 0.007937
  46 -7.256178 2.331429 8.917719 -0.005284 0.797656 -0.603089 0.459883 0.015873
artic_working1.bmp
  46 -7.019463 4.032636 11.164396 -0.011866 0.912476 -0.408957 0.461840 0.051587
  46 -3.092711 -0.593249 10.464102 0.740522 0.645836 -0.185804 0.397260 0.047619
  46 -5.135961 -0.407629 8.213486 0.611394 0.602114 -0.513475 0.405088 0.007937
artic_working1.bmp
  46 -7.019463 4.032636 11.164396 -0.011866 0.912476 -0.408957 0.461840 0.051587
  46 -6.434275 3.613540 17.480987 -0.007925 0.997480 0.070511 0.465753 0.154762
  46 -3.092711 -0.593249 10.464102 0.740522 0.645836 -0.185804 0.397260 0.047619
artic_working1.bmp
  40 6.473113 3.908258 11.194429 0.066980 0.928728 -0.364661 0.902153 0.047619
  40 6.706820 3.609547 17.503870 0.010926 0.998020 0.061936 0.882583 0.148810
  40 11.029725 -0.888819 11.136666 0.989100 -0.093986 -0.113345 0.823875 0.037698
artic_working1.bmp
  40 6.473113 3.908258 11.194429 0.066980 0.928728 -0.364661 0.902153 0.047619
  40 3.038647 -0.362092 10.510067 -0.749898 0.637786 -0.175732 0.956947 0.045635
  40 6.706820 3.609547 17.503870 0.010926 0.998020 0.061936 0.882583 0.148810
artic_working1.bmp
  40 6.473113 3.908258 11.194429 0.066980 0.928728 -0.364661 0.902153 0.047619
  40 5.349030 -0.397118 8.300043 -0.543347 0.561451 -0.624137 0.951076 0.003968
  40 3.038647 -0.362092 10.510067 -0.749898 0.637786 -0.175732 0.956947 0.045635
artic_working1.bmp
  40 6.473113 3.908258 11.194429 0.066980 0.928728 -0.364661 0.902153 0.047619
  40 7.479143 2.341954 9.005663 0.122408 0.832876 -0.539753 0.890411 0.009921
  40 5.349030 -0.397118 8.300043 -0.543347 0.561451 -0.624137 0.951076 0.003968
artic_working1.bmp
  40 6.473113 3.908258 11.194429 0.066980 0.928728 -0.364661 0.902153 0.047619
  40 9.855824 -0.184492 8.565368 0.881351 0.341251 -0.326755 0.823875 0.000000
  40 7.479143 2.341954 9.005663 0.122408 0.832876 -0.539753 0.890411 0.009921
artic_working1.bmp
  40 6.473113 3.908258 11.194429 0.066980 0.928728 -0.364661 0.902153 0.047619
  40 11.029725 -0.888819 11.136666 0.989100 -0.093986 -0.113345 0.823875 0.037698
  40 9.855824 -0.184492 8.565368 0.881351 0.341251 -0.326755 0.823875 0.000000
artic_working1.bmp
  48 -7.006588 -9.025850 2.233494 0.384161 -0.698549 0.603696 0.297456 0.867063
  47 -8.106592 -4.831476 3.263612 -0.105495 -0.380127 0.918898 0.318982 0.902778
  48 -9.596590 -8.415692 1.763710 -0.645181 -0.461819 0.608658 0.342466 0.865079
artic_working1.bmp
  48 -9.596590 -8.415692 1.763710 -0.645181 -0.461819 0.608658 0.342466 0.865079
  47 -8.106592 -4.831476 3.263612 -0.105495 -0.380127 0.918898 0.318982 0.902778
  47 -10.416595 -4.541193 2.433717 -0.784273 -0.227993 0.577006 0.354207 0.896825
artic_working1.bmp
  47 -8.106592 -4.831476 3.263612 -0.105495 -0.380127 0.918898 0.318982 0.902778
  47 -8.146593 -2.322085 5.024480 -0.076345 -0.742403 0.665590 0.320939 0.932540
  47 -10.416595 -4.541193 2.433717 -0.784273 -0.227993 0.577006 0.354207 0.896825
artic_working1.bmp
  47 -10.416595 -4.541193 2.433717 -0.784273 -0.227993 0.577006 0.354207 0.896825
  47 -8.146593 -2.322085 5.024480 -0.076345 -0.742403 0.665590 0.320939 0.932540
  49 -9.894795 -0.322542 4.640141 -0.959964 0.006812 0.280042 0.348337 0.956349
artic_working1.bmp
  47 -8.146593 -2.322085 5.024480 -0.076345 -0.742403 0.665590 0.320939 0.932540
  46 -7.445315 -2.978804 8.611032 -0.066696 -0.988421 -0.136289 0.322896 0.996032
  49 -9.894795 -0.322542 4.640141 -0.959964 0.006812 0.280042 0.348337 0.956349
artic_working1.bmp
  49 -9.894795 -0.322542 4.640141 -0.959964 0.006812 0.280042 0.348337 0.956349
  46 -7.445315 -2.978804 8.611032 -0.066696 -0.988421 -0.136289 0.322896 0.996032
  46 -9.631349 -0.185824 8.488064 -0.943955 0.326599 0.047772 0.346380 0.996032
artic_working1.bmp
  55 1.233866 -0.977293 65.066502 0.790364 0.563529 -0.240332 0.356164 0.658730
  55 0.093868 -0.217101 64.516760 0.386431 0.884647 -0.260904 0.373777 0.656746
  55 1.033866 -0.737354 65.246584 0.626331 0.718200 -0.303147 0.362035 0.662698
artic_working1.bmp
  55 1.233866 -0.977293 65.066502 0.790364 0.563529 -0.240332 0.356164 0.658730
  55 0.063869 -0.306929 64.016729 0.386516 0.912368 -0.134868 0.373777 0.644841
  55 0.093868 -0.217101 64.516760 0.386431 0.884647 -0.260904 0.373777 0.656746
artic_working1.bmp
  55 1.233866 -0.977293 65.066502 0.790364 0.563529 -0.240332 0.356164 0.658730
  55 0.923868 -0.976948 64.066501 0.750864 0.611957 -0.248418 0.362035 0.634921
  55 0.063869 -0.306929 64.016729 0.386516 0.912368 -0.134868 0.373777 0.644841
artic_working1.bmp
  55 1.233866 -0.977293 65.066502 0.790364 0.563529 -0.240332 0.356164 0.658730
  55 1.113867 -1.406959 64.096354 0.930345 0.237713 -0.279198 0.354207 0.632937
  55 0.923868 -0.976948 64.066501 0.750864 0.611957 -0.248418 0.362035 0.634921
artic_working1.bmp
  55 1.233866 -0.977293 65.066502 0.790364 0.563529 -0.240332 0.356164 0.658730
  55 1.483864 -1.437420 65.436344 0.951440 0.214032 -0.221251 0.348337 0.666667
  55 1.113867 -1.406959 64.096354 0.930345 0.237713 -0.279198 0.354207 0.632937
artic_working1.bmp
  55 1.233866 -0.977293 65.066502 0.790364 0.563529 -0.240332 0.356164 0.658730
  55 1.563863 -1.347572 65.876375 0.925689 0.304154 -0.224923 0.348337 0.676587
  55 1.483864 -1.437420 65.436344 0.951440 0.214032 -0.221251 0.348337 0.666667
artic_working1.bmp
  55 -0.226129 -0.376619 63.116705 0.490664 0.851129 -0.186624 0.379648 0.628968
  55 0.923868 -0.976948 64.066501 0.750864 0.611957 -0.248418 0.362035 0.634921
  55 0.503870 -0.856614 63.096541 0.712538 0.663630 -0.227782 0.369863 0.632937
artic_working1.bmp
  55 0.503870 -0.856614 63.096541 0.712538 0.663630 -0.227782 0.369863 0.632937
  55 0.923868 -0.976948 64.066501 0.750864 0.611957 -0.248418 0.362035 0.634921
  55 0.743869 -1.286611 63.086394 0.886731 0.345718 -0.306899 0.362035 0.615079
artic_working1.bmp
  55 0.923868 -0.976948 64.066501 0.750864 0.611957 -0.248418 0.362035 0.634921
  55 1.113867 -1.406959 64.096354 0.930345 0.237713 -0.279198 0.354207 0.632937
  55 0.743869 -1.286611 63.086394 0.886731 0.345718 -0.306899 0.362035 0.615079
artic_working1.bmp
  55 0.743869 -1.286611 63.086394 0.886731 0.345718 -0.306899 0.362035 0.615079
  55 1.113867 -1.406959 64.096354 0.930345 0.237713 -0.279198 0.354207 0.632937
  55 0.853868 -1.776611 63.086226 0.951371 0.158850 -0.263930 0.354207 0.611111
artic_working1.bmp
  55 1.113867 -1.406959 64.096354 0.930345 0.237713 -0.279198 0.354207 0.632937
  55 1.303865 -1.917128 64.586179 0.959313 0.079010 -0.271065 0.344423 0.640873
  55 0.853868 -1.776611 63.086226 0.951371 0.158850 -0.263930 0.354207 0.611111
artic_working1.bmp
  55 0.853868 -1.776611 63.086226 0.951371 0.158850 -0.263930 0.354207 0.611111
  55 1.303865 -1.917128 64.586179 0.959313 0.079010 -0.271065 0.344423 0.640873
  55 1.103866 -2.086880 63.866120 0.951371 0.158850 -0.263930 0.344423 0.623016
artic_working1.bmp
  57 0.043865 -2.386975 64.148014 -0.909398 -0.307241 -0.280354 0.119374 0.611111
  57 0.203867 -2.006717 63.398145 -0.880483 -0.254877 -0.399734 0.119374 0.595238
  57 0.313865 -2.776807 63.657881 -0.897624 -0.290172 -0.331770 0.131115 0.599206
artic_working1.bmp
  57 0.043865 -2.386975 64.148014 -0.909398 -0.307241 -0.280354 0.119374 0.611111
  57 -0.116133 -1.576868 63.838292 -0.917710 -0.118239 -0.379247 0.107632 0.611111
  57 0.203867 -2.006717 63.398145 -0.880483 -0.254877 -0.399734 0.119374 0.595238
artic_working1.bmp
  57 0.043865 -2.386975 64.148014 -0.909398 -0.307241 -0.280354 0.119374 0.611111
  57 -0.296134 -1.547029 64.308302 -0.959265 -0.062465 -0.275514 0.107632 0.623016
  57 -0.116133 -1.576868 63.838292 -0.917710 -0.118239 -0.379247 0.107632 0.611111
artic_working1.bmp
  57 0.043865 -2.386975 64.148014 -0.909398 -0.307241 -0.280354 0.119374 0.611111
  57 -0.076136 -2.337115 64.558031 -0.936637 -0.294804 -0.189216 0.117417 0.621032
  57 -0.296134 -1.547029 64.308302 -0.959265 -0.062465 -0.275514 0.107632 0.623016
artic_working1.bmp
  57 0.043865 -2.386975 64.148014 -0.909398 -0.307241 -0.280354 0.119374 0.611111
  57 0.223863 -3.077054 64.377778 -0.913242 -0.331145 -0.237344 0.129159 0.617063
  57 -0.076136 -2.337115 64.558031 -0.936637 -0.294804 -0.189216 0.117417 0.621032
artic_working1.bmp
  57 0.043865 -2.386975 64.148014 -0.909398 -0.307241 -0.280354 0.119374 0.611111
  57 0.313865 -2.776807 63.657881 -0.897624 -0.290172 -0.331770 0.131115 0.599206
  57 0.223863 -3.077054 64.377778 -0.913242 -0.331145 -0.237344 0.129159 0.617063
artic_working1.bmp
  59 -0.306136 -1.537318 65.150306 -0.550366 -0.825207 -0.127005 0.170254 0.613095
  59 -0.106137 -1.677487 65.640258 -0.417673 -0.905066 -0.080035 0.178082 0.623016
  59 -0.506136 -1.457397 65.380333 -0.711106 -0.674199 -0.199460 0.160470 0.617063
artic_working1.bmp
  59 -0.306136 -1.537318 65.150306 -0.550366 -0.825207 -0.127005 0.170254 0.613095
  59 0.123863 -1.747415 65.430235 -0.560295 -0.826896 0.048084 0.185910 0.619048
  59 -0.106137 -1.677487 65.640258 -0.417673 -0.905066 -0.080035 0.178082 0.623016
artic_working1.bmp
  59 -0.306136 -1.537318 65.150306 -0.550366 -0.825207 -0.127005 0.170254 0.613095
  59 -0.096135 -1.657233 64.900265 -0.622687 -0.782467 -0.002444 0.178082 0.607143
  59 0.123863 -1.747415 65.430235 -0.560295 -0.826896 0.048084 0.185910 0.619048
artic_working1.bmp
  59 -0.306136 -1.537318 65.150306 -0.550366 -0.825207 -0.127005 0.170254 0.613095
  59 -0.386134 -1.277057 64.390395 -0.819867 -0.557849 -0.128932 0.160470 0.597222
  59 -0.096135 -1.657233 64.900265 -0.622687 -0.782467 -0.002444 0.178082 0.607143
artic_working1.bmp
  59 -0.306136 -1.537318 65.150306 -0.550366 -0.825207 -0.127005 0.170254 0.613095
  59 -0.556134 -1.167163 64.700432 -0.770444 -0.598098 -0.220669 0.154599 0.603175
  59 -0.386134 -1.277057 64.390395 -0.819867 -0.557849 -0.128932 0.160470 0.597222
artic_working1.bmp
  59 -0.306136 -1.537318 65.150306 -0.550366 -0.825207 -0.127005 0.170254 0.613095
  59 -0.506136 -1.457397 65.380333 -0.711106 -0.674199 -0.199460 0.160470 0.617063
  59 -0.556134 -1.167163 64.700432 -0.770444 -0.598098 -0.220669 0.154599 0.603175
artic_working1.bmp
  60 -0.196135 -1.897147 64.651182 0.237551 -0.971000 0.026992 0.217221 0.682540
  60 -0.436136 -1.977150 64.661154 0.572526 -0.787144 0.229385 0.211350 0.682540
  60 -0.276134 -1.806910 63.961213 0.811736 -0.583824 0.015269 0.215264 0.670635
artic_working1.bmp
  60 -0.196135 -1.897147 64.651182 0.237551 -0.971000 0.026992 0.217221 0.682540
  60 -0.506136 -1.887256 64.971185 0.313520 -0.905165 0.287022 0.207436 0.688492
  60 -0.436136 -1.977150 64.661154 0.572526 -0.787144 0.229385 0.211350 0.682540
artic_working1.bmp
  60 -0.196135 -1.897147 64.651182 0.237551 -0.971000 0.026992 0.217221 0.682540
  60 -0.246136 -1.847264 64.991199 0.186311 -0.974832 0.122433 0.215264 0.688492
  60 -0.506136 -1.887256 64.971185 0.313520 -0.905165 0.287022 0.207436 0.688492
artic_working1.bmp
  60 -0.196135 -1.897147 64.651182 0.237551 -0.971000 0.026992 0.217221 0.682540
  60 0.143865 -1.847148 64.651200 0.166836 -0.985136 0.040897 0.227006 0.682540
  60 -0.246136 -1.847264 64.991199 0.186311 -0.974832 0.122433 0.215264 0.688492
artic_working1.bmp
  60 -0.196135 -1.897147 64.651182 0.237551 -0.971000 0.026992 0.217221 0.682540
  60 -0.016133 -1.706883 63.881248 0.204831 -0.944126 -0.258205 0.223092 0.668651
  60 0.143865 -1.847148 64.651200 0.166836 -0.985136 0.040897 0.227006 0.682540
artic_working1.bmp
  60 -0.196135 -1.897147 64.651182 0.237551 -0.971000 0.026992 0.217221 0.682540
  60 -0.276134 -1.806910 63.961213 0.811736 -0.583824 0.015269 0.215264 0.670635
  60 -0.016133 -1.706883 63.881248 0.204831 -0.944126 -0.258205 0.223092 0.668651
artic_working1.bmp
  63 1.073869 -0.097065 64.404804 0.450953 0.888506 -0.084845 0.373777 0.698413
  63 -0.396130 0.213048 64.084907 0.233639 0.953917 -0.188294 0.395303 0.692460
  63 -0.376132 0.232691 65.124914 0.239262 0.966223 0.095741 0.395303 0.704365
artic_working1.bmp
  63 1.073869 -0.097065 64.404804 0.450953 0.888506 -0.084845 0.373777 0.698413
  63 0.973871 -0.356700 63.344714 0.444002 0.830946 -0.335247 0.375734 0.682540
  63 -0.396130 0.213048 64.084907 0.233639 0.953917 -0.188294 0.395303 0.692460
artic_working1.bmp
  63 1.073869 -0.097065 64.404804 0.450953 0.888506 -0.084845 0.373777 0.698413
  63 2.083868 -1.096868 63.824463 0.636559 0.688932 -0.346649 0.362035 0.684524
  63 0.973871 -0.356700 63.344714 0.444002 0.830946 -0.335247 0.375734 0.682540
artic_working1.bmp
  63 1.073869 -0.097065 64.404804 0.450953 0.888506 -0.084845 0.373777 0.698413
  63 2.213866 -1.027253 64.944487 0.645052 0.763610 -0.028437 0.360078 0.708333
  63 2.083868 -1.096868 63.824463 0.636559 0.688932 -0.346649 0.362035 0.684524
artic_working1.bmp
  63 1.073869 -0.097065 64.404804 0.450953 0.888506 -0.084845 0.373777 0.698413
  63 1.083866 -0.207505 65.684766 0.370592 0.921949 0.112572 0.375734 0.716270
  63 2.213866 -1.027253 64.944487 0.645052 0.763610 -0.028437 0.360078 0.708333
artic_working1.bmp
  63 1.073869 -0.097065 64.404804 0.450953 0.888506 -0.084845 0.373777 0.698413
  63 -0.376132 0.232691 65.124914 0.239262 0.966223 0.095741 0.395303 0.704365
  63 1.083866 -0.207505 65.684766 0.370592 0.921949 0.112572 0.375734 0.716270
artic_working1.bmp
  65 -0.786129 0.243169 63.736916 0.255151 0.962917 -0.087685 0.086106 0.674603
  65 -0.826130 0.243021 64.166916 0.423631 0.822242 0.380072 0.086106 0.684524
  65 -0.546129 0.163096 63.946890 -0.233287 0.970110 -0.066817 0.084149 0.678571
artic_working1.bmp
  65 -0.786129 0.243169 63.736916 0.255151 0.962917 -0.087685 0.086106 0.674603
  65 -1.036129 0.293087 63.976933 -0.600730 0.793041 -0.101045 0.086106 0.680556
  65 -0.826130 0.243021 64.166916 0.423631 0.822242 0.380072 0.086106 0.684524
artic_working1.bmp
  65 -0.786129 0.243169 63.736916 0.255151 0.962917 -0.087685 0.086106 0.674603
  65 -0.926128 0.253227 63.566920 -0.711776 0.614089 -0.340983 0.086106 0.670635
  65 -1.036129 0.293087 63.976933 -0.600730 0.793041 -0.101045 0.086106 0.680556
artic_working1.bmp
  65 -0.786129 0.243169 63.736916 0.255151 0.962917 -0.087685 0.086106 0.674603
  65 -0.736127 0.043443 62.936848 -0.570050 0.715985 -0.402999 0.086106 0.654762
  65 -0.926128 0.253227 63.566920 -0.711776 0.614089 -0.340983 0.086106 0.670635
artic_working1.bmp
  65 -0.786129 0.243169 63.736916 0.255151 0.962917 -0.087685 0.086106 0.674603
  65 -0.516128 0.063391 63.086855 0.306475 0.942000 -0.136781 0.084149 0.656746
  65 -0.736127 0.043443 62.936848 -0.570050 0.715985 -0.402999 0.086106 0.654762
artic_working1.bmp
  65 -0.786129 0.243169 63.736916 0.255151 0.962917 -0.087685 0.086106 0.674603
  65 -0.546129 0.163096 63.946890 -0.233287 0.970110 -0.066817 0.084149 0.678571
  65 -0.516128 0.063391 63.086855 0.306475 0.942000 -0.136781 0.084149 0.656746
artic_working1.bmp
  68 1.013865 -0.787424 65.449567 0.540130 -0.573672 0.615760 0.240705 0.763889
  68 1.183866 -1.157211 64.829440 0.633124 -0.667710 0.391557 0.240705 0.750000
  68 1.453866 -0.427373 65.299691 0.694248 -0.546124 0.468794 0.254403 0.763889
artic_working1.bmp
  68 1.453866 -0.427373 65.299691 0.694248 -0.546124 0.468794 0.254403 0.763889
  68 1.183866 -1.157211 64.829440 0.633124 -0.667710 0.391557 0.240705 0.750000
  68 1.593867 -0.727160 64.679589 0.775656 -0.570474 0.270032 0.252446 0.750000
artic_working1.bmp
  68 1.183866 -1.157211 64.829440 0.633124 -0.667710 0.391557 0.240705 0.750000
  68 1.183867 -1.456957 64.089337 0.673677 -0.725582 0.140324 0.238748 0.736111
  68 1.593867 -0.727160 64.679589 0.775656 -0.570474 0.270032 0.252446 0.750000
artic_working1.bmp
  68 1.593867 -0.727160 64.679589 0.775656 -0.570474 0.270032 0.252446 0.750000
  68 1.183867 -1.456957 64.089337 0.673677 -0.725582 0.140324 0.238748 0.736111
  68 1.613868 -0.846958 64.089547 0.810808 -0.581769 0.064302 0.252446 0.740079
artic_working1.bmp
  68 1.183867 -1.456957 64.089337 0.673677 -0.725582 0.140324 0.238748 0.736111
  68 1.093868 -1.566747 63.479299 0.718752 -0.693805 0.045052 0.238748 0.726190
  68 1.613868 -0.846958 64.089547 0.810808 -0.581769 0.064302 0.252446 0.740079
artic_working1.bmp
  68 1.613868 -0.846958 64.089547 0.810808 -0.581769 0.064302 0.252446 0.740079
  68 1.093868 -1.566747 63.479299 0.718752 -0.693805 0.045052 0.238748 0.726190
  68 1.543869 -0.986748 63.479499 0.810808 -0.581769 0.064302 0.252446 0.728175
artic_working1.bmp
  71 0.863863 -1.397531 65.762357 0.336434 0.380501 0.861412 0.371820 0.767857
  71 1.143866 -0.577288 65.052639 0.523883 0.657811 0.541138 0.373777 0.748016
  71 0.243865 -0.527444 65.512654 0.190956 0.595788 0.780110 0.379648 0.757937
artic_working1.bmp
  71 0.863863 -1.397531 65.762357 0.336434 0.380501 0.861412 0.371820 0.767857
  71 1.473864 -1.387415 65.422361 0.526912 0.448049 0.722230 0.362035 0.757937
  71 1.143866 -0.577288 65.052639 0.523883 0.657811 0.541138 0.373777 0.748016
artic_working1.bmp
  71 0.863863 -1.397531 65.762357 0.336434 0.380501 0.861412 0.371820 0.767857
  71 1.113861 -2.207583 65.912079 0.364809 0.284444 0.886570 0.356164 0.771825
  71 1.473864 -1.387415 65.422361 0.526912 0.448049 0.722230 0.362035 0.757937
artic_working1.bmp
  71 0.863863 -1.397531 65.762357 0.336434 0.380501 0.861412 0.371820 0.767857
  71 0.503861 -2.257647 66.102060 0.186105 0.234490 0.954138 0.369863 0.781746
  71 1.113861 -2.207583 65.912079 0.364809 0.284444 0.886570 0.356164 0.771825
artic_working1.bmp
  71 0.863863 -1.397531 65.762357 0.336434 0.380501 0.861412 0.371820 0.767857
  71 -0.026138 -1.467612 66.002330 0.071086 0.303828 0.950071 0.381605 0.773810
  71 0.503861 -2.257647 66.102060 0.186105 0.234490 0.954138 0.369863 0.781746
artic_working1.bmp
  71 0.863863 -1.397531 65.762357 0.336434 0.380501 0.861412 0.371820 0.767857
  71 0.243865 -0.527444 65.512654 0.190956 0.595788 0.780110 0.379648 0.757937
  71 -0.026138 -1.467612 66.002330 0.071086 0.303828 0.950071 0.381605 0.773810
artic_working1.bmp
  72 -0.416136 -1.097494 65.663457 -0.157636 -0.014949 0.987384 0.097847 0.801587
  72 0.293863 -1.337503 65.683376 -0.037817 -0.026519 0.998933 0.213307 0.797619
  72 -0.336132 0.322598 65.393945 0.032397 0.185400 0.982129 0.136986 0.809524
artic_working1.bmp
  72 -0.416136 -1.097494 65.663457 -0.157636 -0.014949 0.987384 0.097847 0.801587
  72 0.283861 -2.647393 65.362926 -0.077371 -0.225160 0.971245 0.209393 0.783730
  72 0.293863 -1.337503 65.683376 -0.037817 -0.026519 0.998933 0.213307 0.797619
artic_working1.bmp
  72 -0.416136 -1.097494 65.663457 -0.157636 -0.014949 0.987384 0.097847 0.801587
  72 -0.496138 -2.417395 65.373003 -0.238212 -0.180817 0.954233 0.172211 0.785714
  72 0.283861 -2.647393 65.362926 -0.077371 -0.225160 0.971245 0.209393 0.783730
artic_working1.bmp
  72 -0.416136 -1.097494 65.663457 -0.157636 -0.014949 0.987384 0.097847 0.801587
  72 -1.166135 -0.827407 65.413548 -0.309438 -0.054536 0.949354 0.093933 0.787698
  72 -0.496138 -2.417395 65.373003 -0.238212 -0.180817 0.954233 0.172211 0.785714
artic_working1.bmp
  72 -0.416136 -1.097494 65.663457 -0.157636 -0.014949 0.987384 0.097847 0.801587
  72 -0.896132 0.432641 65.273982 -0.213437 0.178239 0.960560 0.048924 0.785714
  72 -1.166135 -0.827407 65.413548 -0.309438 -0.054536 0.949354 0.093933 0.787698
artic_working1.bmp
  72 -0.416136 -1.097494 65.663457 -0.157636 -0.014949 0.987384 0.097847 0.801587
  72 -0.336132 0.322598 65.393945 -0.070737 0.232794 0.969950 0.041096 0.787698
  72 -0.896132 0.432641 65.273982 -0.213437 0.178239 0.960560 0.048924 0.785714
artic_working1.bmp
  72 0.973864 -1.097490 65.643460 0.166669 -0.013423 0.985922 0.315068 0.799603
  72 1.043862 -2.407398 65.373010 0.185797 -0.287261 0.939660 0.244618 0.785714
  72 1.683865 -0.837413 65.413551 0.310626 -0.003271 0.950527 0.322896 0.787698
artic_working1.bmp
  72 0.973864 -1.097490 65.643460 0.166669 -0.013423 0.985922 0.315068 0.799603
  72 0.283861 -2.647393 65.362926 0.109768 -0.307744 0.945116 0.209393 0.783730
  72 1.043862 -2.407398 65.373010 0.185797 -0.287261 0.939660 0.244618 0.785714
artic_working1.bmp
  72 0.973864 -1.097490 65.643460 0.166669 -0.013423 0.985922 0.315068 0.799603
  72 0.293863 -1.337503 65.683376 0.067977 0.033248 0.997133 0.326810 0.811508
  72 0.283861 -2.647393 65.362926 0.109768 -0.307744 0.945116 0.209393 0.783730
artic_working1.bmp
  72 0.973864 -1.097490 65.643460 0.166669 -0.013423 0.985922 0.315068 0.799603
  72 0.883867 0.312599 65.383944 0.061584 0.217932 0.974019 0.369863 0.785714
  72 0.293863 -1.337503 65.683376 0.067977 0.033248 0.997133 0.326810 0.811508
artic_working1.bmp
  72 0.973864 -1.097490 65.643460 0.166669 -0.013423 0.985922 0.315068 0.799603
  72 1.413868 0.422639 65.263983 0.212569 0.174776 0.961389 0.367906 0.783730
  72 0.883867 0.312599 65.383944 0.061584 0.217932 0.974019 0.369863 0.785714
artic_working1.bmp
  72 0.973864 -1.097490 65.643460 0.166669 -0.013423 0.985922 0.315068 0.799603
  72 1.683865 -0.837413 65.413551 0.310626 -0.003271 0.950527 0.322896 0.787698
  72 1.413868 0.422639 65.263983 0.212569 0.174776 0.961389 0.367906 0.783730
artic_working1.bmp
  74 -0.596131 -0.346996 64.215714 -0.982647 0.075088 0.169606 0.088063 0.751984
  74 -0.576131 -1.546663 63.245302 -0.981981 -0.176391 0.067817 0.111546 0.738095
  74 -0.536133 -1.596941 64.055285 -0.968556 -0.193629 0.156230 0.111546 0.751984
artic_working1.bmp
  74 -0.596131 -0.346996 64.215714 -0.982647 0.075088 0.169606 0.088063 0.751984
  74 -0.666129 -0.466711 63.385673 -0.994817 0.077440 0.065898 0.091977 0.736111
  74 -0.576131 -1.546663 63.245302 -0.981981 -0.176391 0.067817 0.111546 0.738095
artic_working1.bmp
  74 -0.596131 -0.346996 64.215714 -0.982647 0.075088 0.169606 0.088063 0.751984
  74 -0.356130 0.572958 64.346031 -0.956425 0.224392 0.186812 0.072407 0.750000
  74 -0.666129 -0.466711 63.385673 -0.994817 0.077440 0.065898 0.091977 0.736111
artic_working1.bmp
  74 -0.596131 -0.346996 64.215714 -0.982647 0.075088 0.169606 0.088063 0.751984
  74 -0.226131 0.442800 64.805986 -0.853848 0.280597 0.438416 0.070450 0.759921
  74 -0.356130 0.572958 64.346031 -0.956425 0.224392 0.186812 0.072407 0.750000
artic_working1.bmp
  74 -0.596131 -0.346996 64.215714 -0.982647 0.075088 0.169606 0.088063 0.751984
  74 -0.456133 -0.517199 64.805656 -0.917287 0.009775 0.398106 0.090020 0.761905
  74 -0.226131 0.442800 64.805986 -0.853848 0.280597 0.438416 0.070450 0.759921
artic_working1.bmp
  74 -0.596131 -0.346996 64.215714 -0.982647 0.075088 0.169606 0.088063 0.751984
  74 -0.536133 -1.596941 64.055285 -0.968556 -0.193629 0.156230 0.111546 0.751984
  74 -0.456133 -0.517199 64.805656 -0.917287 0.009775 0.398106 0.090020 0.761905
artic_working1.bmp
  39 8.268633 2.746343 35.769303 0.942125 0.296576 0.156341 0.657534 0.525794
  2 7.083852 0.070304 41.071679 0.983188 0.101997 0.151456 0.692759 0.595238
  39 8.677425 -2.046012 35.764534 0.959718 -0.230229 0.161045 0.720157 0.523810
artic_working1.bmp
  39 8.268633 2.746343 35.769303 0.942125 0.296576 0.156341 0.657534 0.525794
  38 5.916946 5.320892 39.413853 0.867383 0.402514 0.292625 0.610568 0.575397
  2 7.083852 0.070304 41.071679 0.983188 0.101997 0.151456 0.692759 0.595238
artic_working1.bmp
  39 8.268633 2.746343 35.769303 0.942125 0.296576 0.156341 0.657534 0.525794
  39 6.608095 5.867832 32.478661 0.874403 0.484841 0.018673 0.608611 0.480159
  38 5.916946 5.320892 39.413853 0.867383 0.402514 0.292625 0.610568 0.575397
artic_working1.bmp
  39 8.268633 2.746343 35.769303 0.942125 0.296576 0.156341 0.657534 0.525794
  39 8.927298 0.270136 31.748114 0.997958 0.048803 -0.041207 0.688845 0.470238
  39 6.608095 5.867832 32.478661 0.874403 0.484841 0.018673 0.608611 0.480159
artic_working1.bmp
  39 8.268633 2.746343 35.769303 0.942125 0.296576 0.156341 0.657534 0.525794
  39 8.677425 -2.046012 35.764534 0.959718 -0.230229 0.161045 0.720157 0.523810
  39 8.927298 0.270136 31.748114 0.997958 0.048803 -0.041207 0.688845 0.470238
artic_working1.bmp
  3 -2.486156 -6.918708 43.182499 -0.203379 -0.973447 -0.105060 0.322896 0.394841
  3 -6.066148 -7.187723 51.242206 -0.127072 -0.987845 -0.089525 0.287671 0.539683
  3 -4.586156 -6.778761 43.232658 -0.067869 -0.995674 -0.063457 0.287671 0.398810
artic_working1.bmp
  3 -2.486156 -6.918708 43.182499 -0.203379 -0.973447 -0.105060 0.322896 0.394841
  3 -3.836149 -7.658163 51.631678 -0.203379 -0.973447 -0.105060 0.328767 0.539683
  3 -6.066148 -7.187723 51.242206 -0.127072 -0.987845 -0.089525 0.287671 0.539683
artic_working1.bmp
  3 -2.486156 -6.918708 43.182499 -0.203379 -0.973447 -0.105060 0.322896 0.394841
  3 -2.836149 -7.767191 50.761554 -0.203379 -0.973447 -0.105060 0.342466 0.521825
  3 -3.836149 -7.658163 51.631678 -0.203379 -0.973447 -0.105060 0.328767 0.539683
artic_working1.bmp
  3 -2.486156 -6.918708 43.182499 -0.203379 -0.973447 -0.105060 0.322896 0.394841
  3 -1.686152 -7.794797 48.621521 -0.238947 -0.965348 -0.104914 0.356164 0.482143
  3 -2.836149 -7.767191 50.761554 -0.203379 -0.973447 -0.105060 0.342466 0.521825
artic_working1.bmp
  3 -2.486156 -6.918708 43.182499 -0.203379 -0.973447 -0.105060 0.322896 0.394841
  3 -1.376153 -7.722996 47.011600 -0.307004 -0.945655 -0.107165 0.356164 0.454365
  3 -1.686152 -7.794797 48.621521 -0.238947 -0.965348 -0.104914 0.356164 0.482143
artic_working1.bmp
  3 -2.316154 -5.788843 43.303763 0.184721 0.979126 0.084795 0.322896 0.394841
  3 -1.396149 -6.424899 48.713054 0.184721 0.979126 0.084795 0.356164 0.482143
  3 -1.106151 -6.343109 47.113144 0.184721 0.979126 0.084795 0.356164 0.454365
artic_working1.bmp
  3 -2.316154 -5.788843 43.303763 0.184721 0.979126 0.084795 0.322896 0.394841
  3 -2.556147 -6.407326 50.883077 0.184721 0.979126 0.084795 0.342466 0.521825
  3 -1.396149 -6.424899 48.713054 0.184721 0.979126 0.084795 0.356164 0.482143
artic_working1.bmp
  3 -2.316154 -5.788843 43.303763 0.184721 0.979126 0.084795 0.322896 0.394841
  3 -3.566146 -6.288277 51.733211 0.184721 0.979126 0.084795 0.328767 0.539683
  3 -2.556147 -6.407326 50.883077 0.184721 0.979126 0.084795 0.342466 0.521825
artic_working1.bmp
  3 -2.316154 -5.788843 43.303763 0.184721 0.979126 0.084795 0.322896 0.394841
  3 -5.796146 -5.817826 51.333740 -0.261809 0.965119 0.000837 0.287671 0.539683
  3 -3.566146 -6.288277 51.733211 0.184721 0.979126 0.084795 0.328767 0.539683
artic_working1.bmp
  3 -2.316154 -5.788843 43.303763 0.184721 0.979126 0.084795 0.322896 0.394841
  3 -4.306153 -5.408896 43.354191 -0.776158 0.620438 -0.112407 0.287671 0.398810
  3 -5.796146 -5.817826 51.333740 -0.261809 0.965119 0.000837 0.287671 0.539683
artic_working1.bmp
  3 0.203851 -8.579243 52.590643 0.266408 -0.130445 0.954993 0.986301 0.634921
  3 -2.556147 -6.407326 50.883077 0.069929 -0.099079 0.992619 0.958904 0.573413
  3 -2.836149 -7.767191 50.761554 0.069929 -0.099079 0.992619 0.986301 0.573413
artic_working1.bmp
  3 -2.836149 -7.767191 50.761554 0.069929 -0.099079 0.992619 0.986301 0.573413
  3 -2.556147 -6.407326 50.883077 0.069929 -0.099079 0.992619 0.958904 0.573413
  3 -3.836149 -7.658163 51.631678 0.390874 -0.150014 0.908137 0.986301 0.549603
artic_working1.bmp
  3 -2.556147 -6.407326 50.883077 0.069929 -0.099079 0.992619 0.958904 0.573413
  3 -3.566146 -6.288277 51.733211 0.069929 -0.099079 0.992619 0.958904 0.549603
  3 -3.836149 -7.658163 51.631678 0.390874 -0.150014 0.908137 0.986301 0.549603
artic_working1.bmp
  3 -3.836149 -7.658163 51.631678 0.390874 -0.150014 0.908137 0.986301 0.549603
  3 -3.566146 -6.288277 51.733211 0.069929 -0.099079 0.992619 0.958904 0.549603
  3 -6.066148 -7.187723 51.242206 -0.180959 -0.033598 0.982917 0.986301 0.501984
artic_working1.bmp
  3 -3.566146 -6.288277 51.733211 0.069929 -0.099079 0.992619 0.958904 0.549603
  3 -5.796146 -5.817826 51.333740 -0.180959 -0.033598 0.982917 0.958904 0.501984
  3 -6.066148 -7.187723 51.242206 -0.180959 -0.033598 0.982917 0.986301 0.501984
artic_working1.bmp
  16 35.122129 1.012232 56.022239 0.590447 0.567340 0.574018 0.101761 0.500000
  16 34.577838 1.023219 55.201614 0.015305 0.783175 -0.621613 0.084149 0.494048
  11 33.372675 1.242381 56.878966 0.148765 0.623093 0.767870 0.101761 0.470238
artic_working1.bmp
  16 35.122129 1.012232 56.022239 0.590447 0.567340 0.574018 0.101761 0.500000
  15 36.221832 0.646913 54.731844 0.478871 0.863169 0.160069 0.099804 0.519841
  16 34.577838 1.023219 55.201614 0.015305 0.783175 -0.621613 0.084149 0.494048
artic_working1.bmp
  16 35.122129 1.012232 56.022239 0.590447 0.567340 0.574018 0.101761 0.500000
  15 36.575817 -1.652042 54.731657 0.730797 -0.392180 0.558686 0.170254 0.523810
  15 36.221832 0.646913 54.731844 0.478871 0.863169 0.160069 0.099804 0.519841
artic_working1.bmp
  16 35.122129 1.012232 56.022239 0.590447 0.567340 0.574018 0.101761 0.500000
  16 35.109391 -2.108136 56.016087 0.388802 -0.803472 0.450850 0.170254 0.500000
  15 36.575817 -1.652042 54.731657 0.730797 -0.392180 0.558686 0.170254 0.523810
artic_working1.bmp
  16 35.122129 1.012232 56.022239 0.590447 0.567340 0.574018 0.101761 0.500000
  11 33.372675 1.242381 56.878966 0.148765 0.623093 0.767870 0.101761 0.470238
  16 35.109391 -2.108136 56.016087 0.388802 -0.803472 0.450850 0.170254 0.500000
artic_working1.bmp
  10 23.745270 -3.823161 53.219208 0.122363 -0.760488 -0.637719 0.275930 0.283730
  17 29.458588 -2.708363 54.275034 0.115363 -0.986182 -0.118897 0.252446 0.382937
  10 23.842866 -3.552973 56.646141 0.086318 -0.831635 0.548573 0.209393 0.281746
artic_working1.bmp
  10 23.745270 -3.823161 53.219208 0.122363 -0.760488 -0.637719 0.275930 0.283730
  17 29.400406 -0.304638 52.731234 0.235747 -0.382280 -0.893468 0.281800 0.382937
  17 29.458588 -2.708363 54.275034 0.115363 -0.986182 -0.118897 0.252446 0.382937
artic_working1.bmp
  10 23.745270 -3.823161 53.219208 0.122363 -0.760488 -0.637719 0.275930 0.283730
  18 22.459385 -0.549449 52.072878 0.095161 -0.259723 -0.960983 0.297456 0.259921
  17 29.400406 -0.304638 52.731234 0.235747 -0.382280 -0.893468 0.281800 0.382937
artic_working1.bmp
  10 23.745270 -3.823161 53.219208 0.122363 -0.760488 -0.637719 0.275930 0.283730
  10 20.111163 -3.228513 52.525120 -0.004233 -0.808910 -0.587918 0.291585 0.216270
  18 22.459385 -0.549449 52.072878 0.095161 -0.259723 -0.960983 0.297456 0.259921
artic_working1.bmp
  10 23.745270 -3.823161 53.219208 0.122363 -0.760488 -0.637719 0.275930 0.283730
  10 23.842866 -3.552973 56.646141 0.086318 -0.831635 0.548573 0.209393 0.281746
  10 20.111163 -3.228513 52.525120 -0.004233 -0.808910 -0.587918 0.291585 0.216270
artic_working1.bmp
  41 8.264208 -4.831498 3.413588 0.104316 -0.379131 0.919444 0.318982 0.902778
  41 10.574207 -4.541204 2.573686 0.785548 -0.226935 0.575687 0.354207 0.896825
  41 8.304206 -2.312103 5.164459 0.076143 -0.741438 0.666688 0.320939 0.932540
artic_working1.bmp
  41 8.264208 -4.831498 3.413588 0.104316 -0.379131 0.919444 0.318982 0.902778
  42 9.754212 -8.415704 1.903680 0.646040 -0.463239 0.606664 0.342466 0.865079
  41 10.574207 -4.541204 2.573686 0.785548 -0.226935 0.575687 0.354207 0.896825
artic_working1.bmp
  41 8.264208 -4.831498 3.413588 0.104316 -0.379131 0.919444 0.318982 0.902778
  42 7.154214 -9.025870 2.373471 -0.385399 -0.699038 0.602341 0.297456 0.867063
  42 9.754212 -8.415704 1.903680 0.646040 -0.463239 0.606664 0.342466 0.865079
artic_working1.bmp
  41 8.264208 -4.831498 3.413588 0.104316 -0.379131 0.919444 0.318982 0.902778
  41 6.694208 -4.521410 3.153696 -0.659545 -0.337345 0.671713 0.289628 0.900794
  42 7.154214 -9.025870 2.373471 -0.385399 -0.699038 0.602341 0.297456 0.867063
artic_working1.bmp
  41 8.264208 -4.831498 3.413588 0.104316 -0.379131 0.919444 0.318982 0.902778
  41 8.304206 -2.312103 5.164459 0.076143 -0.741438 0.666688 0.320939 0.932540
  41 6.694208 -4.521410 3.153696 -0.659545 -0.337345 0.671713 0.289628 0.900794
artic_working1.bmp
  43 6.362573 -0.505788 5.077951 -0.990487 -0.071474 0.117588 0.297456 0.956349
  41 6.044198 0.279654 0.075357 -0.984589 0.151911 0.086643 0.246575 0.906746
  41 6.274206 -4.960341 0.063545 -0.986290 -0.125005 0.107732 0.266145 0.863095
artic_working1.bmp
  43 6.362573 -0.505788 5.077951 -0.990487 -0.071474 0.117588 0.297456 0.956349
  41 6.934195 2.699648 0.096193 -0.832797 0.503732 0.229572 0.244618 0.958333
  41 6.044198 0.279654 0.075357 -0.984589 0.151911 0.086643 0.246575 0.906746
artic_working1.bmp
  43 6.362573 -0.505788 5.077951 -0.990487 -0.071474 0.117588 0.297456 0.956349
  41 8.144200 1.668101 4.575836 -0.766927 0.639895 -0.048547 0.273973 0.970238
  41 6.934195 2.699648 0.096193 -0.832797 0.503732 0.229572 0.244618 0.958333
artic_working1.bmp
  43 6.362573 -0.505788 5.077951 -0.990487 -0.071474 0.117588 0.297456 0.956349
  40 5.349030 -0.397118 8.300043 -0.932823 0.224920 -0.281517 0.305284 0.996032
  41 8.144200 1.668101 4.575836 -0.766927 0.639895 -0.048547 0.273973 0.970238
artic_working1.bmp
  43 6.362573 -0.505788 5.077951 -0.990487 -0.071474 0.117588 0.297456 0.956349
  40 7.632849 -2.966002 8.663784 0.061195 -0.988440 -0.138716 0.322896 0.996032
  40 5.349030 -0.397118 8.300043 -0.932823 0.224920 -0.281517 0.305284 0.996032
artic_working1.bmp
  23 -17.234474 -0.584595 51.807530 -0.054361 -0.331425 -0.941914 0.307241 0.172619
  24 -19.642230 -3.247251 52.474670 0.005211 -0.805656 -0.592361 0.291585 0.216270
  32 -21.991224 -0.538990 52.053197 -0.098537 -0.248219 -0.963679 0.297456 0.259921
artic_working1.bmp
  32 -21.991224 -0.538990 52.053197 -0.098537 -0.248219 -0.963679 0.297456 0.259921
  24 -19.642230 -3.247251 52.474670 0.005211 -0.805656 -0.592361 0.291585 0.216270
  24 -23.266291 -3.851864 53.168728 -0.128768 -0.755158 -0.642772 0.275930 0.283730
artic_working1.bmp
  24 -19.642230 -3.247251 52.474670 0.005211 -0.805656 -0.592361 0.291585 0.216270
  24 -23.374944 -3.593018 56.645148 -0.086795 -0.834956 0.543430 0.209393 0.281746
  24 -23.266291 -3.851864 53.168728 -0.128768 -0.755158 -0.642772 0.275930 0.283730
artic_working1.bmp
  24 -23.266291 -3.851864 53.168728 -0.128768 -0.755158 -0.642772 0.275930 0.283730
  24 -23.374944 -3.593018 56.645148 -0.086795 -0.834956 0.543430 0.209393 0.281746
  31 -28.992244 -2.698811 54.286013 -0.113337 -0.986462 -0.118522 0.252446 0.382937
artic_working1.bmp
  24 -23.374944 -3.593018 56.645148 -0.086795 -0.834956 0.543430 0.209393 0.281746
  31 -28.990167 -0.399100 56.649131 -0.025673 0.034350 0.999080 0.174168 0.380952
  31 -28.992244 -2.698811 54.286013 -0.113337 -0.986462 -0.118522 0.252446 0.382937
artic_working1.bmp
  25 -32.838670 1.300058 55.202342 -0.434979 0.589611 -0.680553 0.084149 0.472222
  30 -34.102100 1.023391 55.183357 -0.014915 0.778255 -0.627771 0.084149 0.494048
  25 -32.918101 1.262826 56.850645 -0.154030 0.625286 0.765044 0.101761 0.470238
artic_working1.bmp
  25 -32.838670 1.300058 55.202342 -0.434979 0.589611 -0.680553 0.084149 0.472222
  25 -32.834217 -2.080657 55.214345 -0.321663 -0.004004 -0.946846 0.017613 0.472222
  30 -34.102100 1.023391 55.183357 -0.014915 0.778255 -0.627771 0.084149 0.494048
artic_working1.bmp
  25 -32.838670 1.300058 55.202342 -0.434979 0.589611 -0.680553 0.084149 0.472222
  26 -32.358191 -3.031960 54.325158 -0.861327 0.006911 -0.508004 0.007828 0.462302
  25 -32.834217 -2.080657 55.214345 -0.321663 -0.004004 -0.946846 0.017613 0.472222
artic_working1.bmp
  25 -32.838670 1.300058 55.202342 -0.434979 0.589611 -0.680553 0.084149 0.472222
  26 -32.325587 -2.130525 54.312860 -0.682418 0.185154 -0.707124 0.017613 0.460317
  26 -32.358191 -3.031960 54.325158 -0.861327 0.006911 -0.508004 0.007828 0.462302
artic_working1.bmp
  25 -32.838670 1.300058 55.202342 -0.434979 0.589611 -0.680553 0.084149 0.472222
  25 -31.344396 0.675316 54.533431 -0.351119 0.270635 -0.896366 0.064579 0.446429
  26 -32.325587 -2.130525 54.312860 -0.682418 0.185154 -0.707124 0.017613 0.460317
artic_working1.bmp
  53 0.593864 -1.977184 64.754157 0.551643 -0.818081 -0.162582 0.258317 0.621032
  53 0.323865 -2.047074 64.434132 0.401323 -0.891124 -0.211748 0.250489 0.615079
  53 0.573867 -1.636878 63.864274 0.720231 -0.604328 -0.340668 0.262231 0.603175
artic_working1.bmp
  53 0.593864 -1.977184 64.754157 0.551643 -0.818081 -0.162582 0.258317 0.621032
  53 0.143863 -2.137290 65.064101 0.314395 -0.948902 -0.027206 0.240705 0.630952
  53 0.323865 -2.047074 64.434132 0.401323 -0.891124 -0.211748 0.250489 0.615079
artic_working1.bmp
  53 0.593864 -1.977184 64.754157 0.551643 -0.818081 -0.162582 0.258317 0.621032
  53 0.203863 -2.117303 65.104108 0.314395 -0.948902 -0.027206 0.242661 0.632937
  53 0.143863 -2.137290 65.064101 0.314395 -0.948902 -0.027206 0.240705 0.630952
artic_working1.bmp
  53 0.593864 -1.977184 64.754157 0.551643 -0.818081 -0.162582 0.258317 0.621032
  53 0.393862 -2.147510 65.704098 0.311885 -0.944837 -0.100056 0.252446 0.646825
  53 0.203863 -2.117303 65.104108 0.314395 -0.948902 -0.027206 0.242661 0.632937
artic_working1.bmp
  53 0.593864 -1.977184 64.754157 0.551643 -0.818081 -0.162582 0.258317 0.621032
  53 0.933862 -1.907491 65.644181 0.751319 -0.626863 -0.206305 0.258317 0.644841
  53 0.393862 -2.147510 65.704098 0.311885 -0.944837 -0.100056 0.252446 0.646825
artic_working1.bmp
  54 0.303871 0.453115 63.885991 0.862679 0.424413 -0.275060 0.344423 0.623016
  54 0.513870 0.632829 64.716054 0.920957 0.279663 -0.271343 0.344423 0.644841
  54 0.823867 0.312598 65.385944 0.884801 0.389040 -0.256466 0.336595 0.660714
artic_working1.bmp
  54 0.823867 0.312598 65.385944 0.884801 0.389040 -0.256466 0.336595 0.660714
  54 0.513870 0.632829 64.716054 0.920957 0.279663 -0.271343 0.344423 0.644841
  54 0.963866 0.392365 66.065972 0.297166 0.954111 0.036947 0.334638 0.678571
artic_working1.bmp
  54 0.513870 0.632829 64.716054 0.920957 0.279663 -0.271343 0.344423 0.644841
  54 0.713868 0.942533 65.576161 0.950169 0.207788 -0.232386 0.346380 0.666667
  54 0.963866 0.392365 66.065972 0.297166 0.954111 0.036947 0.334638 0.678571
artic_working1.bmp
  54 0.963866 0.392365 66.065972 0.297166 0.954111 0.036947 0.334638 0.678571
  54 0.713868 0.942533 65.576161 0.950169 0.207788 -0.232386 0.346380 0.666667
  54 1.033865 0.412220 66.485979 0.965048 0.201875 -0.167122 0.334638 0.690476
artic_working1.bmp
  54 0.713868 0.942533 65.576161 0.950169 0.207788 -0.232386 0.346380 0.666667
  54 0.823867 0.962379 66.026168 0.956774 0.163574 -0.240472 0.344423 0.678571
  54 1.033865 0.412220 66.485979 0.965048 0.201875 -0.167122 0.334638 0.690476
artic_working1.bmp
  57 0.103868 1.152441 65.849231 -0.913051 0.286504 -0.290265 0.060665 0.662698
  57 0.193869 0.972592 65.409169 -0.886979 0.389634 -0.247897 0.060665 0.650794
  57 -0.266134 0.522284 66.309014 -0.886979 0.389634 -0.247897 0.072407 0.672619
artic_working1.bmp
  57 -0.266134 0.522284 66.309014 -0.886979 0.389634 -0.247897 0.072407 0.672619
  57 0.193869 0.972592 65.409169 -0.886979 0.389634 -0.247897 0.060665 0.650794
  57 -0.166133 0.492435 65.869004 -0.886979 0.389634 -0.247897 0.070450 0.660714
artic_working1.bmp
  57 0.193869 0.972592 65.409169 -0.886979 0.389634 -0.247897 0.060665 0.650794
  57 0.333870 0.682901 64.509070 -0.907834 0.325729 -0.264081 0.060665 0.632937
  57 -0.166133 0.492435 65.869004 -0.886979 0.389634 -0.247897 0.070450 0.660714
artic_working1.bmp
  57 -0.166133 0.492435 65.869004 -0.886979 0.389634 -0.247897 0.070450 0.660714
  57 0.333870 0.682901 64.509070 -0.907834 0.325729 -0.264081 0.060665 0.632937
  57 0.023868 0.202709 65.068905 -0.907834 0.325729 -0.264081 0.072407 0.642857
artic_working1.bmp
  57 0.333870 0.682901 64.509070 -0.907834 0.325729 -0.264081 0.060665 0.632937
  57 0.483872 0.193299 63.348902 -0.907834 0.325729 -0.264081 0.062622 0.607143
  57 0.023868 0.202709 65.068905 -0.907834 0.325729 -0.264081 0.072407 0.642857
artic_working1.bmp
  60 1.713866 -0.807254 64.951561 0.787056 -0.611509 0.081243 0.256360 0.686508
  60 1.583866 -1.127116 64.551451 0.732564 -0.676765 0.073064 0.250489 0.678571
  60 1.903868 -0.627086 64.461624 0.850930 -0.515123 0.102796 0.262231 0.674603
artic_working1.bmp
  60 1.903868 -0.627086 64.461624 0.850930 -0.515123 0.102796 0.262231 0.674603
  60 1.583866 -1.127116 64.551451 0.732564 -0.676765 0.073064 0.250489 0.678571
  60 1.753868 -0.926952 64.071520 0.776788 -0.605253 -0.173981 0.260274 0.666667
artic_working1.bmp
  60 1.583866 -1.127116 64.551451 0.732564 -0.676765 0.073064 0.250489 0.678571
  60 1.363867 -1.266961 64.101402 0.557501 -0.806434 -0.197119 0.252446 0.668651
  60 1.753868 -0.926952 64.071520 0.776788 -0.605253 -0.173981 0.260274 0.666667
artic_working1.bmp
  60 1.753868 -0.926952 64.071520 0.776788 -0.605253 -0.173981 0.260274 0.666667
  60 1.363867 -1.266961 64.101402 0.557501 -0.806434 -0.197119 0.252446 0.668651
  60 1.363870 -0.906635 63.151526 0.670786 -0.659676 -0.338930 0.258317 0.644841
artic_working1.bmp
  60 1.363867 -1.266961 64.101402 0.557501 -0.806434 -0.197119 0.252446 0.668651
  60 0.853870 -1.166634 63.151436 0.359954 -0.861912 -0.357129 0.252446 0.646825
  60 1.363870 -0.906635 63.151526 0.670786 -0.659676 -0.338930 0.258317 0.644841
artic_working1.bmp
  60 -0.456133 -2.356614 63.101024 0.486754 -0.757214 -0.435542 0.209393 0.658730
  60 -0.276133 -2.286645 63.191048 0.674510 -0.736226 -0.054847 0.215264 0.658730
  60 -0.466133 -2.426679 63.291000 0.601943 -0.798537 -0.001610 0.209393 0.662698
artic_working1.bmp
  60 -0.466133 -2.426679 63.291000 0.601943 -0.798537 -0.001610 0.209393 0.662698
  60 -0.276133 -2.286645 63.191048 0.674510 -0.736226 -0.054847 0.215264 0.658730
  60 -0.476134 -2.386727 63.431013 0.696596 -0.652179 0.299025 0.209393 0.664683
artic_working1.bmp
  60 -0.276133 -2.286645 63.191048 0.674510 -0.736226 -0.054847 0.215264 0.658730
  60 -0.276133 -2.206690 63.321076 0.701572 -0.671547 0.238373 0.215264 0.660714
  60 -0.476134 -2.386727 63.431013 0.696596 -0.652179 0.299025 0.209393 0.664683
artic_working1.bmp
  60 -0.476134 -2.386727 63.431013 0.696596 -0.652179 0.299025 0.209393 0.664683
  60 -0.276133 -2.206690 63.321076 0.701572 -0.671547 0.238373 0.215264 0.660714
  60 -0.496134 -2.336768 63.551031 0.701572 -0.671547 0.238373 0.209393 0.666667
artic_working1.bmp
  60 -0.276133 -2.206690 63.321076 0.701572 -0.671547 0.238373 0.215264 0.660714
  60 -0.476135 -2.166944 64.061089 0.501029 -0.836348 0.222467 0.209393 0.674603
  60 -0.496134 -2.336768 63.551031 0.701572 -0.671547 0.238373 0.209393 0.666667
artic_working1.bmp
  60 1.193864 -1.427408 65.401347 0.541932 -0.826555 -0.152042 0.242661 0.698413
  60 1.713865 -0.967453 65.531506 0.701572 -0.671547 0.238373 0.254403 0.700397
  60 1.093863 -1.507504 65.681319 0.501029 -0.836348 0.222467 0.238748 0.704365
artic_working1.bmp
  60 1.093863 -1.507504 65.681319 0.501029 -0.836348 0.222467 0.238748 0.704365
  60 1.713865 -0.967453 65.531506 0.701572 -0.671547 0.238373 0.254403 0.700397
  60 1.053863 -1.377572 65.881364 0.505405 -0.633909 0.585427 0.238748 0.708333
artic_working1.bmp
  60 1.713865 -0.967453 65.531506 0.701572 -0.671547 0.238373 0.254403 0.700397
  60 1.663864 -0.797525 65.741565 0.631346 -0.541507 0.555133 0.256360 0.706349
  60 1.053863 -1.377572 65.881364 0.505405 -0.633909 0.585427 0.238748 0.708333
artic_working1.bmp
  60 1.053863 -1.377572 65.881364 0.505405 -0.633909 0.585427 0.238748 0.708333
  60 1.663864 -0.797525 65.741565 0.631346 -0.541507 0.555133 0.256360 0.706349
  60 0.993863 -1.217637 66.071419 0.578054 -0.642330 0.503254 0.238748 0.714286
artic_working1.bmp
  60 1.663864 -0.797525 65.741565 0.631346 -0.541507 0.555133 0.256360 0.706349
  60 1.373863 -0.477790 66.511674 0.695002 -0.592335 0.407568 0.250489 0.722222
  60 0.993863 -1.217637 66.071419 0.578054 -0.642330 0.503254 0.238748 0.714286
artic_working1.bmp
  60 -1.296133 -1.416870 63.851345 -0.461272 -0.855000 -0.237070 0.183953 0.666667
  60 -1.146133 -1.546928 64.021300 -0.479479 -0.858162 -0.183459 0.189824 0.672619
  60 -1.436134 -1.507065 64.421314 -0.377588 -0.907881 -0.182152 0.180039 0.676587
artic_working1.bmp
  60 -1.436134 -1.507065 64.421314 -0.377588 -0.907881 -0.182152 0.180039 0.676587
  60 -1.146133 -1.546928 64.021300 -0.479479 -0.858162 -0.183459 0.189824 0.672619
  60 -1.256135 -1.597131 64.611283 -0.441004 -0.895883 -0.053936 0.185910 0.680556
artic_working1.bmp
  60 -1.146133 -1.546928 64.021300 -0.479479 -0.858162 -0.183459 0.189824 0.672619
  60 -1.016135 -1.737138 64.631235 -0.533628 -0.845422 0.022403 0.193738 0.680556
  60 -1.256135 -1.597131 64.611283 -0.441004 -0.895883 -0.053936 0.185910 0.680556
artic_working1.bmp
  60 -1.256135 -1.597131 64.611283 -0.441004 -0.895883 -0.053936 0.185910 0.680556
  60 -1.016135 -1.737138 64.631235 -0.533628 -0.845422 0.022403 0.193738 0.680556
  60 -0.936136 -1.737242 64.931236 -0.422662 -0.892833 0.155582 0.195695 0.688492
artic_working1.bmp
  60 -1.016135 -1.737138 64.631235 -0.533628 -0.845422 0.022403 0.193738 0.680556
  60 -0.676136 -1.857249 64.951195 -0.510587 -0.819586 0.259962 0.203523 0.688492
  60 -0.936136 -1.737242 64.931236 -0.422662 -0.892833 0.155582 0.195695 0.688492
artic_working1.bmp
  61 0.373863 -2.767142 64.631885 0.743607 -0.655331 0.132625 0.258317 0.702381
  61 0.403864 -2.657038 64.331923 0.706222 -0.676693 -0.208176 0.260274 0.694444
  61 0.893864 -2.197112 64.542082 0.843829 -0.534027 0.052612 0.273973 0.700397
artic_working1.bmp
  61 0.893864 -2.197112 64.542082 0.843829 -0.534027 0.052612 0.273973 0.700397
  61 0.403864 -2.657038 64.331923 0.706222 -0.676693 -0.208176 0.260274 0.694444
  61 0.803865 -2.207008 64.242078 0.815078 -0.504999 -0.283943 0.272016 0.692460
artic_working1.bmp
  61 0.403864 -2.657038 64.331923 0.706222 -0.676693 -0.208176 0.260274 0.694444
  61 0.303864 -2.656945 64.061922 0.728394 -0.670498 -0.140978 0.258317 0.688492
  61 0.803865 -2.207008 64.242078 0.815078 -0.504999 -0.283943 0.272016 0.692460
artic_working1.bmp
  61 0.803865 -2.207008 64.242078 0.815078 -0.504999 -0.283943 0.272016 0.692460
  61 0.303864 -2.656945 64.061922 0.728394 -0.670498 -0.140978 0.258317 0.688492
  61 0.693866 -2.206909 63.952078 0.862522 -0.496264 -0.098881 0.270059 0.684524
artic_working1.bmp
  61 0.303864 -2.656945 64.061922 0.728394 -0.670498 -0.140978 0.258317 0.688492
  61 0.523866 -2.466795 63.621988 0.847399 -0.529361 -0.041140 0.264188 0.676587
  61 0.693866 -2.206909 63.952078 0.862522 -0.496264 -0.098881 0.270059 0.684524
artic_working1.bmp
  62 0.943860 -2.517586 65.922972 0.984649 -0.112020 0.133858 0.309198 0.734127
  62 1.053862 -2.587329 65.172948 0.971024 -0.181527 0.155433 0.309198 0.714286
  62 1.043862 -1.587649 66.103292 0.975105 -0.115433 0.189328 0.326810 0.734127
artic_working1.bmp
  62 1.043862 -1.587649 66.103292 0.975105 -0.115433 0.189328 0.326810 0.734127
  62 1.053862 -2.587329 65.172948 0.971024 -0.181527 0.155433 0.309198 0.714286
  62 1.253864 -1.787271 65.003223 0.984649 -0.112020 0.133858 0.320939 0.714286
artic_working1.bmp
  62 1.053862 -2.587329 65.172948 0.971024 -0.181527 0.155433 0.309198 0.714286
  62 1.163864 -2.347126 64.583031 0.980143 -0.196518 0.026471 0.311155 0.704365
  62 1.253864 -1.787271 65.003223 0.984649 -0.112020 0.133858 0.320939 0.714286
artic_working1.bmp
  62 1.253864 -1.787271 65.003223 0.984649 -0.112020 0.133858 0.320939 0.714286
  62 1.163864 -2.347126 64.583031 0.980143 -0.196518 0.026471 0.311155 0.704365
  62 1.323866 -1.507044 64.343320 0.996395 -0.084833 -0.000593 0.324853 0.696429
artic_working1.bmp
  62 1.163864 -2.347126 64.583031 0.980143 -0.196518 0.026471 0.311155 0.704365
  62 1.193866 -2.066913 63.963127 0.980648 -0.192085 -0.037863 0.317025 0.686508
  62 1.323866 -1.507044 64.343320 0.996395 -0.084833 -0.000593 0.324853 0.696429
artic_working1.bmp
  63 -1.196135 -0.217665 66.164757 -0.301051 0.937996 0.171846 0.031311 0.726190
  63 -0.376132 0.232691 65.124914 -0.321024 0.942893 0.088862 0.021526 0.704365
  63 -1.686134 -0.257468 65.594743 -0.321024 0.942893 0.088862 0.039139 0.714286
artic_working1.bmp
  63 -1.686134 -0.257468 65.594743 -0.321024 0.942893 0.088862 0.039139 0.714286
  63 -0.376132 0.232691 65.124914 -0.321024 0.942893 0.088862 0.021526 0.704365
  63 -1.656131 -0.227066 64.424753 -0.351245 0.934224 -0.062076 0.039139 0.690476
artic_working1.bmp
  63 -0.376132 0.232691 65.124914 -0.321024 0.942893 0.088862 0.021526 0.704365
  63 -0.396130 0.213048 64.084907 -0.342478 0.924352 -0.168172 0.021526 0.684524
  63 -1.656131 -0.227066 64.424753 -0.351245 0.934224 -0.062076 0.039139 0.690476
artic_working1.bmp
  63 -1.656131 -0.227066 64.424753 -0.351245 0.934224 -0.062076 0.039139 0.690476
  63 -0.396130 0.213048 64.084907 -0.342478 0.924352 -0.168172 0.021526 0.684524
  63 -1.606130 -0.416733 63.454688 -0.344540 0.905887 -0.246294 0.039139 0.670635
artic_working1.bmp
  63 -0.396130 0.213048 64.084907 -0.342478 0.924352 -0.168172 0.021526 0.684524
  63 -0.366128 -0.086629 63.144804 -0.316521 0.901223 -0.295993 0.021526 0.664683
  63 -1.606130 -0.416733 63.454688 -0.344540 0.905887 -0.246294 0.039139 0.670635
artic_working1.bmp
  65 -0.606137 -1.567426 65.466295 -0.967007 -0.116209 0.226700 0.111546 0.716270
  65 -0.796134 -1.277206 64.826394 -0.989957 -0.104242 0.095492 0.109589 0.702381
  65 -0.476138 -2.707286 65.055903 -0.970532 -0.189887 0.148362 0.127202 0.704365
artic_working1.bmp
  65 -0.476138 -2.707286 65.055903 -0.970532 -0.189887 0.148362 0.127202 0.704365
  65 -0.796134 -1.277206 64.826394 -0.989957 -0.104242 0.095492 0.109589 0.702381
  65 -0.586136 -2.477072 64.435982 -0.976364 -0.189632 -0.103700 0.121331 0.688492
artic_working1.bmp
  65 -0.796134 -1.277206 64.826394 -0.989957 -0.104242 0.095492 0.109589 0.702381
  65 -0.806132 -0.926955 64.096514 -0.945199 -0.322246 -0.052505 0.103718 0.682540
  65 -0.586136 -2.477072 64.435982 -0.976364 -0.189632 -0.103700 0.121331 0.688492
artic_working1.bmp
  65 -0.586136 -2.477072 64.435982 -0.976364 -0.189632 -0.103700 0.121331 0.688492
  65 -0.806132 -0.926955 64.096514 -0.945199 -0.322246 -0.052505 0.103718 0.682540
  65 -0.476135 -2.476973 64.145982 -0.950759 -0.210910 -0.227101 0.121331 0.678571
artic_working1.bmp
  65 -0.806132 -0.926955 64.096514 -0.945199 -0.322246 -0.052505 0.103718 0.682540
  65 -0.516134 -2.096828 63.726113 -0.967102 -0.188429 -0.170902 0.113503 0.666667
  65 -0.476135 -2.476973 64.145982 -0.950759 -0.210910 -0.227101 0.121331 0.678571
artic_working1.bmp
  67 0.573870 -1.486471 62.678325 -0.246283 -0.920285 -0.304007 0.172211 0.634921
  67 0.403869 -1.666639 63.168263 -0.235968 -0.903151 -0.358660 0.170254 0.646825
  67 0.233871 -1.256363 62.368404 -0.506491 -0.746820 -0.430960 0.160470 0.621032
artic_working1.bmp
  67 0.233871 -1.256363 62.368404 -0.506491 -0.746820 -0.430960 0.160470 0.621032
  67 0.403869 -1.666639 63.168263 -0.235968 -0.903151 -0.358660 0.170254 0.646825
  67 -0.146131 -1.366617 63.108365 -0.669177 -0.621163 -0.407872 0.154599 0.644841
artic_working1.bmp
  67 0.403869 -1.666639 63.168263 -0.235968 -0.903151 -0.358660 0.170254 0.646825
  67 -0.016134 -1.876954 64.088190 -0.397793 -0.891107 -0.218377 0.162427 0.668651
  67 -0.146131 -1.366617 63.108365 -0.669177 -0.621163 -0.407872 0.154599 0.644841
artic_working1.bmp
  67 -0.146131 -1.366617 63.108365 -0.669177 -0.621163 -0.407872 0.154599 0.644841
  67 -0.016134 -1.876954 64.088190 -0.397793 -0.891107 -0.218377 0.162427 0.668651
  67 -0.586133 -1.456932 64.028333 -0.776966 -0.591087 -0.216656 0.150685 0.666667
artic_working1.bmp
  67 -0.016134 -1.876954 64.088190 -0.397793 -0.891107 -0.218377 0.162427 0.668651
  67 -0.346135 -1.747122 64.578234 -0.626573 -0.775231 0.080149 0.164384 0.678571
  67 -0.586133 -1.456932 64.028333 -0.776966 -0.591087 -0.216656 0.150685 0.666667
artic_working1.bmp
  70 1.213868 -1.296861 63.811392 0.991727 0.011690 0.127834 0.324853 0.734127
  70 1.113866 -1.297191 64.771392 0.962242 -0.062202 0.264991 0.326810 0.751984
  70 1.013866 -2.316837 63.741041 0.968799 -0.218421 0.117133 0.307241 0.736111
artic_working1.bmp
  70 1.013866 -2.316837 63.741041 0.968799 -0.218421 0.117133 0.307241 0.736111
  70 1.113866 -1.297191 64.771392 0.962242 -0.062202 0.264991 0.326810 0.751984
  70 0.883864 -2.337122 64.571034 0.930127 -0.245715 0.272925 0.307241 0.753968
artic_working1.bmp
  70 1.113866 -1.297191 64.771392 0.962242 -0.062202 0.264991 0.326810 0.751984
  70 0.853864 -1.477369 65.291329 0.872716 -0.113569 0.474836 0.324853 0.761905
  70 0.883864 -2.337122 64.571034 0.930127 -0.245715 0.272925 0.307241 0.753968
artic_working1.bmp
  70 0.883864 -2.337122 64.571034 0.930127 -0.245715 0.272925 0.307241 0.753968
  70 0.853864 -1.477369 65.291329 0.872716 -0.113569 0.474836 0.324853 0.761905
  70 0.633862 -2.997217 64.850806 0.918044 -0.225687 0.325976 0.291585 0.759921
artic_working1.bmp
  70 0.853864 -1.477369 65.291329 0.872716 -0.113569 0.474836 0.324853 0.761905
  70 0.573862 -2.257444 65.511060 0.788528 -0.113045 0.604519 0.309198 0.767857
  70 0.633862 -2.997217 64.850806 0.918044 -0.225687 0.325976 0.291585 0.759921
artic_working1.bmp
  73 1.533863 -1.577492 65.644296 0.065744 0.180305 0.981411 0.025440 0.777778
  73 1.003863 -1.427494 65.654347 -0.078904 0.280724 0.956540 0.033268 0.773810
  73 0.953861 -2.347552 65.824030 0.014293 0.183697 0.982879 0.043053 0.783730
artic_working1.bmp
  73 0.953861 -2.347552 65.824030 0.014293 0.183697 0.982879 0.043053 0.783730
  73 1.003863 -1.427494 65.654347 -0.078904 0.280724 0.956540 0.033268 0.773810
  73 0.413861 -2.217538 65.784074 -0.157525 0.244931 0.956658 0.048924 0.781746
artic_working1.bmp
  73 1.003863 -1.427494 65.654347 -0.078904 0.280724 0.956540 0.033268 0.773810
  73 0.103864 -1.387427 65.464358 -0.293083 0.397648 0.869470 0.045010 0.769841
  73 0.413861 -2.217538 65.784074 -0.157525 0.244931 0.956658 0.048924 0.781746
artic_working1.bmp
  73 0.413861 -2.217538 65.784074 -0.157525 0.244931 0.956658 0.048924 0.781746
  73 0.103864 -1.387427 65.464358 -0.293083 0.397648 0.869470 0.045010 0.769841
  73 -0.176138 -2.177475 65.604086 -0.346420 0.283234 0.894300 0.060665 0.773810
artic_working1.bmp
  73 0.103864 -1.387427 65.464358 -0.293083 0.397648 0.869470 0.045010 0.769841
  73 -0.556135 -1.377309 65.124360 -0.601403 0.420268 0.679478 0.056751 0.759921
  73 -0.176138 -2.177475 65.604086 -0.346420 0.283234 0.894300 0.060665 0.773810
artic_working1.bmp
  73 -0.906136 -1.997239 64.924146 -0.844555 0.293345 0.447969 0.068493 0.759921
  73 -0.766134 -1.187147 64.654425 -0.798188 0.398621 0.451661 0.058708 0.750000
  73 -1.046135 -1.847095 64.504198 -0.866834 0.274459 0.416258 0.070450 0.751984
artic_working1.bmp
  73 -1.046135 -1.847095 64.504198 -0.866834 0.274459 0.416258 0.070450 0.751984
  73 -0.766134 -1.187147 64.654425 -0.798188 0.398621 0.451661 0.058708 0.750000
  73 -1.086133 -1.256947 64.074400 -0.828486 0.412769 0.378461 0.062622 0.740079
artic_working1.bmp
  73 -0.766134 -1.187147 64.654425 -0.798188 0.398621 0.451661 0.058708 0.750000
  73 -0.656131 -0.586965 64.124632 -0.648080 0.705057 0.287900 0.050881 0.738095
  73 -1.086133 -1.256947 64.074400 -0.828486 0.412769 0.378461 0.062622 0.740079
artic_working1.bmp
  73 -1.086133 -1.256947 64.074400 -0.828486 0.412769 0.378461 0.062622 0.740079
  73 -0.656131 -0.586965 64.124632 -0.648080 0.705057 0.287900 0.050881 0.738095
  73 -0.956131 -0.746789 63.614576 -0.712516 0.672337 0.200708 0.056751 0.728175
artic_working1.bmp
  73 -0.656131 -0.586965 64.124632 -0.648080 0.705057 0.287900 0.050881 0.738095
  73 0.193872 0.093360 63.174867 -0.494387 0.852995 0.167278 0.041096 0.720238
  73 -0.956131 -0.746789 63.614576 -0.712516 0.672337 0.200708 0.056751 0.728175
artic_working1.bmp
  74 1.013863 -1.157563 65.855439 -0.253297 0.043352 0.966417 0.093933 0.789683
  74 0.363864 -1.137500 65.675445 -0.473854 -0.055669 0.878842 0.097847 0.781746
  74 0.873861 -2.417481 65.615006 -0.417686 -0.208414 0.884365 0.140900 0.783730
artic_working1.bmp
  74 0.873861 -2.417481 65.615006 -0.417686 -0.208414 0.884365 0.140900 0.783730
  74 0.363864 -1.137500 65.675445 -0.473854 -0.055669 0.878842 0.097847 0.781746
  74 0.433862 -2.757339 65.204888 -0.598513 -0.301422 0.742244 0.144814 0.771825
artic_working1.bmp
  74 0.363864 -1.137500 65.675445 -0.473854 -0.055669 0.878842 0.097847 0.781746
  74 -0.186136 -1.557334 65.195299 -0.778993 -0.177132 0.601493 0.111546 0.767857
  74 0.433862 -2.757339 65.204888 -0.598513 -0.301422 0.742244 0.144814 0.771825
artic_working1.bmp
  74 0.433862 -2.757339 65.204888 -0.598513 -0.301422 0.742244 0.144814 0.771825
  74 -0.186136 -1.557334 65.195299 -0.778993 -0.177132 0.601493 0.111546 0.767857
  74 0.133862 -3.007152 64.664802 -0.795119 -0.357152 0.490132 0.144814 0.763889
artic_working1.bmp
  74 -0.186136 -1.557334 65.195299 -0.778993 -0.177132 0.601493 0.111546 0.767857
  74 -0.216136 -2.377066 64.415017 -0.926238 -0.256784 0.275943 0.129159 0.759921
  74 0.133862 -3.007152 64.664802 -0.795119 -0.357152 0.490132 0.144814 0.763889
artic_working1.bmp
  75 -0.596130 -0.906632 63.156522 -0.856193 -0.420228 0.300569 0.144814 0.722222
  75 -0.506131 -0.496911 63.966663 -0.920788 -0.362880 0.143065 0.148728 0.740079
  75 -0.766128 0.203234 63.546903 -0.953580 -0.239713 0.182272 0.133072 0.734127
artic_working1.bmp
  75 -0.766128 0.203234 63.546903 -0.953580 -0.239713 0.182272 0.133072 0.734127
  75 -0.506131 -0.496911 63.966663 -0.920788 -0.362880 0.143065 0.148728 0.740079
  75 -0.666130 0.292969 64.316934 -0.967193 -0.218859 0.128988 0.131115 0.750000
artic_working1.bmp
  75 -0.506131 -0.496911 63.966663 -0.920788 -0.362880 0.143065 0.148728 0.740079
  75 -0.496132 -0.367131 64.606707 -0.952998 -0.267827 0.141643 0.144814 0.751984
  75 -0.666130 0.292969 64.316934 -0.967193 -0.218859 0.128988 0.131115 0.750000
artic_working1.bmp
  75 -0.666130 0.292969 64.316934 -0.967193 -0.218859 0.128988 0.131115 0.750000
  75 -0.496132 -0.367131 64.606707 -0.952998 -0.267827 0.141643 0.144814 0.751984
  75 -0.586131 0.382780 64.866965 -0.955868 -0.191844 0.222513 0.129159 0.761905
artic_working1.bmp
  75 -0.496132 -0.367131 64.606707 -0.952998 -0.267827 0.141643 0.144814 0.751984
  75 -0.346133 -0.277331 65.186739 -0.844192 -0.275819 0.459634 0.144814 0.763889
  75 -0.586131 0.382780 64.866965 -0.955868 -0.191844 0.222513 0.129159 0.761905
artic_working1.bmp
  36 1.263864 -3.275699 57.729823 -0.460819 -0.358395 0.811911 0.493151 0.867063
  36 3.863868 -1.947860 59.591362 -0.065445 -0.529242 0.845943 0.524462 0.906746
  36 2.713870 0.283600 58.333949 -0.837303 -0.139787 0.528568 0.508806 0.908730
artic_working1.bmp
  36 2.713870 0.283600 58.333949 -0.837303 -0.139787 0.528568 0.508806 0.908730
  36 3.863868 -1.947860 59.591362 -0.065445 -0.529242 0.845943 0.524462 0.906746
  36 1.733874 2.773392 58.516836 -0.644652 -0.524522 0.556148 0.500978 0.962302
artic_working1.bmp
  36 3.863868 -1.947860 59.591362 -0.065445 -0.529242 0.845943 0.524462 0.906746
  36 3.153876 2.920897 60.667007 0.527452 0.055148 0.847793 0.524462 0.968254
  36 1.733874 2.773392 58.516836 -0.644652 -0.524522 0.556148 0.500978 0.962302
artic_working1.bmp
  36 1.733874 2.773392 58.516836 -0.644652 -0.524522 0.556148 0.500978 0.962302
  36 3.153876 2.920897 60.667007 0.527452 0.055148 0.847793 0.524462 0.968254
  36 0.253879 4.991619 60.049410 0.001094 0.587157 0.809472 0.473581 0.984127
artic_working1.bmp
  36 1.733874 2.773392 58.516836 -0.644652 -0.524522 0.556148 0.500978 0.962302
  36 0.253879 4.991619 60.049410 0.001094 0.587157 0.809472 0.473581 0.984127
  36 -1.256126 2.783408 58.506851 0.634638 -0.504026 0.585826 0.448141 0.960317
artic_working1.bmp
  36 -1.256126 2.783408 58.506851 0.634638 -0.504026 0.585826 0.448141 0.960317
  36 0.253879 4.991619 60.049410 0.001094 0.587157 0.809472 0.473581 0.984127
  36 -2.616124 2.930894 60.677025 -0.520345 0.053605 0.852272 0.428571 0.968254
artic_working1.bmp
  36 0.253879 4.991619 60.049410 0.001094 0.587157 0.809472 0.473581 0.984127
  36 -2.926125 3.433282 58.617606 -0.704961 0.695767 0.137616 0.416830 0.976190
  36 -2.616124 2.930894 60.677025 -0.520345 0.053605 0.852272 0.428571 0.968254
artic_working1.bmp
  36 -2.616124 2.930894 60.677025 -0.520345 0.053605 0.852272 0.428571 0.968254
  36 -2.926125 3.433282 58.617606 -0.704961 0.695767 0.137616 0.416830 0.976190
  36 -3.416130 0.082995 58.863723 -0.998478 0.026508 0.048354 0.407045 0.922619
artic_working1.bmp
  5 4.173877 7.203797 55.405824 0.836372 0.127758 -0.533066 0.751468 0.926587
  5 5.383884 7.997916 60.476747 0.828891 0.296105 0.474617 0.716243 0.946429
  5 5.973876 4.459715 58.922643 0.637037 -0.766585 0.080812 0.720157 0.894841
artic_working1.bmp
  5 4.173877 7.203797 55.405824 0.836372 0.127758 -0.533066 0.751468 0.926587
  5 4.453881 8.852508 56.517736 0.705304 0.631103 -0.322886 0.727984 0.970238
  5 5.383884 7.997916 60.476747 0.828891 0.296105 0.474617 0.716243 0.946429
artic_working1.bmp
  5 4.173877 7.203797 55.405824 0.836372 0.127758 -0.533066 0.751468 0.926587
  5 0.253877 8.787244 52.437662 0.628118 0.111430 -0.770098 0.782779 0.946429
  5 4.453881 8.852508 56.517736 0.705304 0.631103 -0.322886 0.727984 0.970238
artic_working1.bmp
  5 4.173877 7.203797 55.405824 0.836372 0.127758 -0.533066 0.751468 0.926587
  5 0.253873 5.896690 52.914311 0.564234 -0.131140 -0.815133 0.778865 0.916667
  5 0.253877 8.787244 52.437662 0.628118 0.111430 -0.770098 0.782779 0.946429
artic_working1.bmp
  1 0.243860 -4.293649 33.752473 -0.004188 -0.969479 -0.245139 0.682975 0.418651
  45 -2.058863 -5.516438 27.536355 0.569343 -0.796375 -0.204049 0.655577 0.321429
  45 -0.513575 -0.635083 26.430887 0.897418 -0.345538 -0.274307 0.682975 0.305556
artic_working1.bmp
  45 -0.513575 -0.635083 26.430887 0.897418 -0.345538 -0.274307 0.682975 0.305556
  45 -2.058863 -5.516438 27.536355 0.569343 -0.796375 -0.204049 0.655577 0.321429
  45 -2.122162 -0.743680 21.457039 0.825892 -0.471790 -0.308734 0.665362 0.222222
artic_working1.bmp
  45 -2.058863 -5.516438 27.536355 0.569343 -0.796375 -0.204049 0.655577 0.321429
  50 -4.184351 -4.372890 21.679895 0.343016 -0.885870 -0.312369 0.632094 0.222222
  45 -2.122162 -0.743680 21.457039 0.825892 -0.471790 -0.308734 0.665362 0.222222
artic_working1.bmp
  45 -2.122162 -0.743680 21.457039 0.825892 -0.471790 -0.308734 0.665362 0.222222
  50 -4.184351 -4.372890 21.679895 0.343016 -0.885870 -0.312369 0.632094 0.222222
  50 -4.799615 -3.747295 19.527528 0.503540 -0.844710 -0.181420 0.626223 0.186508
artic_working1.bmp
  45 -4.979823 4.663384 27.240191 0.050724 0.948515 -0.312644 0.463796 0.315476
  45 -4.156794 5.699211 34.018183 -0.440314 0.891337 -0.107902 0.465753 0.426587
  45 0.823453 2.421753 32.830161 0.821036 0.550808 -0.150037 0.381605 0.418651
artic_working1.bmp
  45 -4.979823 4.663384 27.240191 0.050724 0.948515 -0.312644 0.463796 0.315476
  45 -9.086430 -0.210035 28.300028 -0.972599 0.207422 0.105011 0.536204 0.323413
  45 -4.156794 5.699211 34.018183 -0.440314 0.891337 -0.107902 0.465753 0.426587
artic_working1.bmp
  45 -4.979823 4.663384 27.240191 0.050724 0.948515 -0.312644 0.463796 0.315476
  45 -9.148669 -0.744970 22.476450 -0.995979 0.080699 -0.038906 0.536204 0.228175
  45 -9.086430 -0.210035 28.300028 -0.972599 0.207422 0.105011 0.536204 0.323413
artic_working1.bmp
  45 -4.979823 4.663384 27.240191 0.050724 0.948515 -0.312644 0.463796 0.315476
  45 -5.510810 2.587322 22.831991 -0.018182 0.989893 -0.140644 0.463796 0.244048
  45 -9.148669 -0.744970 22.476450 -0.995979 0.080699 -0.038906 0.536204 0.228175
artic_working1.bmp
  36 -2.926125 3.433282 58.617606 -0.348888 0.119313 0.929538 0.823875 0.906746
  22 -6.140090 3.563209 57.401560 -0.134713 0.205606 0.969319 0.782779 0.908730
  36 -3.416130 0.082995 58.863723 -0.191676 -0.101195 0.976227 0.818004 0.863095
artic_working1.bmp
  36 -3.416130 0.082995 58.863723 -0.191676 -0.101195 0.976227 0.818004 0.863095
  22 -6.140090 3.563209 57.401560 -0.134713 0.205606 0.969319 0.782779 0.908730
  22 -7.822502 0.052900 58.246144 -0.029934 -0.109382 0.993549 0.759295 0.861111
artic_working1.bmp
  22 -6.140090 3.563209 57.401560 -0.134713 0.205606 0.969319 0.782779 0.908730
  35 -9.370251 2.506169 57.904588 0.070911 0.181736 0.980787 0.737769 0.894841
  22 -7.822502 0.052900 58.246144 -0.029934 -0.109382 0.993549 0.759295 0.861111
artic_working1.bmp
  22 -7.822502 0.052900 58.246144 -0.029934 -0.109382 0.993549 0.759295 0.861111
  35 -9.370251 2.506169 57.904588 0.070911 0.181736 0.980787 0.737769 0.894841
  35 -9.540593 -0.078205 58.360764 0.078128 -0.164152 0.983336 0.735812 0.859127
artic_working1.bmp
  19 12.482251 3.491946 53.982470 0.095563 0.939754 -0.328222 0.084149 0.071429
  20 9.838682 2.550857 57.921876 0.262134 0.779565 0.568827 0.158513 0.021825
  9 15.866307 3.099341 54.506399 0.123209 0.991951 0.029210 0.111546 0.136905
artic_working1.bmp
  9 15.866307 3.099341 54.506399 0.123209 0.991951 0.029210 0.111546 0.136905
  20 9.838682 2.550857 57.921876 0.262134 0.779565 0.568827 0.158513 0.021825
  19 12.864187 -0.373319 57.869738 0.154284 0.004410 0.988017 0.178082 0.077381
artic_working1.bmp
  20 9.838682 2.550857 57.921876 0.262134 0.779565 0.568827 0.158513 0.021825
  20 9.917349 -0.029382 58.417938 0.160889 -0.174141 0.971488 0.180039 0.021825
  19 12.864187 -0.373319 57.869738 0.154284 0.004410 0.988017 0.178082 0.077381
artic_working1.bmp
  19 12.864187 -0.373319 57.869738 0.154284 0.004410 0.988017 0.178082 0.077381
  20 9.917349 -0.029382 58.417938 0.160889 -0.174141 0.971488 0.180039 0.021825
  21 9.415611 -3.280829 56.499686 -0.015462 -0.798804 0.601393 0.227006 0.023810
artic_working1.bmp
  45 -2.122162 -0.743680 21.457039 0.825892 -0.471790 -0.308734 0.665362 0.222222
  50 -4.799615 -3.747295 19.527528 0.503540 -0.844710 -0.181420 0.626223 0.186508
  46 -2.931187 -0.746130 18.218239 0.821590 -0.558677 -0.113446 0.663405 0.168651
artic_working1.bmp
  46 -2.931187 -0.746130 18.218239 0.821590 -0.558677 -0.113446 0.663405 0.168651
  50 -4.799615 -3.747295 19.527528 0.503540 -0.844710 -0.181420 0.626223 0.186508
  46 -3.092711 -0.593249 10.464102 0.699008 -0.628411 -0.341303 0.669276 0.041667
artic_working1.bmp
  50 -4.799615 -3.747295 19.527528 0.503540 -0.844710 -0.181420 0.626223 0.186508
  46 -7.190846 -4.645267 10.430413 -0.024403 -0.964260 -0.263833 0.604697 0.035714
  46 -3.092711 -0.593249 10.464102 0.699008 -0.628411 -0.341303 0.669276 0.041667
artic_working1.bmp
  46 -3.092711 -0.593249 10.464102 0.699008 -0.628411 -0.341303 0.669276 0.041667
  46 -7.190846 -4.645267 10.430413 -0.024403 -0.964260 -0.263833 0.604697 0.035714
  46 -7.445315 -2.978804 8.611032 -0.066827 -0.735852 -0.673837 0.604697 0.007937
artic_working1.bmp
  40 3.038647 -0.362092 10.510067 -0.706772 -0.613820 -0.351708 0.688845 0.043651
  44 5.074551 -3.762101 19.533669 -0.504234 -0.844121 -0.182231 0.735812 0.182540
  40 3.202242 -0.740934 18.251766 -0.825637 -0.554223 -0.105643 0.694716 0.164683
artic_working1.bmp
  40 3.202242 -0.740934 18.251766 -0.825637 -0.554223 -0.105643 0.694716 0.164683
  44 5.074551 -3.762101 19.533669 -0.504234 -0.844121 -0.182231 0.735812 0.182540
  39 2.383327 -0.748693 21.489219 -0.831211 -0.467398 -0.301045 0.696673 0.218254
artic_working1.bmp
  44 5.074551 -3.762101 19.533669 -0.504234 -0.844121 -0.182231 0.735812 0.182540
  44 4.452141 -4.391077 21.665122 -0.351349 -0.884813 -0.306038 0.729941 0.218254
  39 2.383327 -0.748693 21.489219 -0.831211 -0.467398 -0.301045 0.696673 0.218254
artic_working1.bmp
  39 2.383327 -0.748693 21.489219 -0.831211 -0.467398 -0.301045 0.696673 0.218254
  44 4.452141 -4.391077 21.665122 -0.351349 -0.884813 -0.306038 0.729941 0.218254
  39 2.309719 -5.476778 27.857146 -0.581496 -0.791316 -0.188896 0.714286 0.321429
artic_working1.bmp
  39 4.662940 4.502141 27.721418 -0.058408 0.956788 -0.284859 0.892368 0.319444
  39 9.401433 -0.740860 22.496504 0.995852 0.090975 -0.001300 0.819961 0.222222
  39 5.813188 2.601428 22.858177 0.032248 0.994698 -0.097656 0.886497 0.238095
artic_working1.bmp
  39 4.662940 4.502141 27.721418 -0.058408 0.956788 -0.284859 0.892368 0.319444
  39 8.962818 -0.583442 28.198376 0.971500 0.220536 0.086904 0.821918 0.315476
  39 9.401433 -0.740860 22.496504 0.995852 0.090975 -0.001300 0.819961 0.222222
artic_working1.bmp
  39 4.662940 4.502141 27.721418 -0.058408 0.956788 -0.284859 0.892368 0.319444
  39 4.512284 5.647027 34.098113 0.444476 0.883758 -0.146334 0.880626 0.422619
  39 8.962818 -0.583442 28.198376 0.971500 0.220536 0.086904 0.821918 0.315476
artic_working1.bmp
  39 4.662940 4.502141 27.721418 -0.058408 0.956788 -0.284859 0.892368 0.319444
  39 -0.306041 2.441720 32.835437 -0.823208 0.542466 -0.167507 0.960861 0.412698
  39 4.512284 5.647027 34.098113 0.444476 0.883758 -0.146334 0.880626 0.422619
artic_working1.bmp
  41 10.674199 -0.080336 0.065229 0.000051 0.005600 -0.999984 0.375734 0.192460
  41 6.934195 2.699648 0.096193 0.000051 0.005600 -0.999984 0.324853 0.154762
  41 10.044195 2.569656 0.086146 0.000051 0.005600 -0.999984 0.367906 0.156746
artic_working1.bmp
  41 10.674199 -0.080336 0.065229 0.000051 0.005600 -0.999984 0.375734 0.192460
  41 6.044198 0.279654 0.075357 0.000051 0.005600 -0.999984 0.313112 0.186508
  41 6.934195 2.699648 0.096193 0.000051 0.005600 -0.999984 0.324853 0.154762
artic_working1.bmp
  41 10.674199 -0.080336 0.065229 0.000051 0.005600 -0.999984 0.375734 0.192460
  41 6.274206 -4.960341 0.063545 0.000051 0.005600 -0.999984 0.317025 0.257937
  41 6.044198 0.279654 0.075357 0.000051 0.005600 -0.999984 0.313112 0.186508
artic_working1.bmp
  41 10.674199 -0.080336 0.065229 0.000051 0.005600 -0.999984 0.375734 0.192460
  41 11.154206 -4.960334 0.063541 0.000051 0.005600 -0.999984 0.383562 0.257937
  41 6.274206 -4.960341 0.063545 0.000051 0.005600 -0.999984 0.317025 0.257937
artic_working1.bmp
  47 -6.126599 -4.960322 -0.066436 -0.000732 0.002634 -0.999996 0.317025 0.257937
  47 -10.526606 -0.080329 -0.064741 -0.000732 0.002634 -0.999996 0.375734 0.192460
  47 -5.886607 0.279678 -0.064626 -0.000732 0.002634 -0.999996 0.313112 0.186508
artic_working1.bmp
  47 -6.126599 -4.960322 -0.066436 -0.000732 0.002634 -0.999996 0.317025 0.257937
  47 -11.006599 -4.960333 -0.056426 -0.000732 0.002634 -0.999996 0.383562 0.257937
  47 -10.526606 -0.080329 -0.064741 -0.000732 0.002634 -0.999996 0.375734 0.192460
artic_working1.bmp
  47 -6.126599 -4.960322 -0.066436 -0.000732 0.002634 -0.999996 0.317025 0.257937
  48 -10.136594 -8.595049 -0.096351 0.000639 0.004773 -0.999988 0.371820 0.305556
  47 -11.006599 -4.960333 -0.056426 -0.000732 0.002634 -0.999996 0.383562 0.257937
artic_working1.bmp
  47 -6.126599 -4.960322 -0.066436 -0.000732 0.002634 -0.999996 0.317025 0.257937
  48 -6.876593 -9.195048 -0.086565 0.000639 0.004773 -0.999988 0.326810 0.313492
  48 -10.136594 -8.595049 -0.096351 0.000639 0.004773 -0.999988 0.371820 0.305556
artic_working1.bmp
  54 1.553866 0.482271 66.336004 0.128759 0.793163 0.595243 0.332681 0.686508
  54 1.243866 0.472312 66.216000 -0.338550 0.837800 0.428340 0.334638 0.684524
  54 1.343865 0.212209 66.515911 -0.356050 0.529962 0.769655 0.328767 0.690476
artic_working1.bmp
  54 1.343865 0.212209 66.515911 -0.356050 0.529962 0.769655 0.328767 0.690476
  54 1.243866 0.472312 66.216000 -0.338550 0.837800 0.428340 0.334638 0.684524
  54 1.043865 0.172265 66.355897 -0.784737 0.249252 0.567504 0.330724 0.686508
artic_working1.bmp
  54 1.243866 0.472312 66.216000 -0.338550 0.837800 0.428340 0.334638 0.684524
  54 0.963866 0.392365 66.065972 0.297166 0.954111 0.036947 0.334638 0.678571
  54 1.043865 0.172265 66.355897 -0.784737 0.249252 0.567504 0.330724 0.686508
artic_working1.bmp
  54 1.043865 0.172265 66.355897 -0.784737 0.249252 0.567504 0.330724 0.686508
  54 0.963866 0.392365 66.065972 0.297166 0.954111 0.036947 0.334638 0.678571
  54 1.053865 -0.117694 66.235797 -0.961639 -0.105066 0.253400 0.326810 0.684524
artic_working1.bmp
  60 -0.526137 -1.827473 65.601206 -0.062990 -0.996969 0.045654 0.207436 0.702381
  60 -1.246137 -1.697516 65.731249 -0.188274 -0.960217 0.206244 0.191781 0.706349
  60 -1.286137 -1.687396 65.381252 -0.200623 -0.974696 -0.098581 0.191781 0.696429
artic_working1.bmp
  60 -0.526137 -1.827473 65.601206 -0.062990 -0.996969 0.045654 0.207436 0.702381
  60 -0.496138 -1.797583 65.921216 -0.112926 -0.962093 0.248242 0.207436 0.708333
  60 -1.246137 -1.697516 65.731249 -0.188274 -0.960217 0.206244 0.191781 0.706349
artic_working1.bmp
  60 -0.526137 -1.827473 65.601206 -0.062990 -0.996969 0.045654 0.207436 0.702381
  60 0.303862 -1.767557 65.841228 0.046857 -0.995078 0.087321 0.223092 0.708333
  60 -0.496138 -1.797583 65.921216 -0.112926 -0.962093 0.248242 0.207436 0.708333
artic_working1.bmp
  60 -0.526137 -1.827473 65.601206 -0.062990 -0.996969 0.045654 0.207436 0.702381
  60 0.313863 -1.787444 65.511221 0.063082 -0.997125 -0.041970 0.223092 0.700397
  60 0.303862 -1.767557 65.841228 0.046857 -0.995078 0.087321 0.223092 0.708333
artic_working1.bmp
  60 -0.116132 -2.086608 63.081117 0.831755 -0.490943 -0.259150 0.219178 0.656746
  60 -0.096132 -1.796649 63.201217 0.928264 -0.178974 0.326027 0.221135 0.656746
  60 -0.206134 -2.086848 63.781117 0.867974 -0.451044 0.207801 0.217221 0.668651
artic_working1.bmp
  60 -0.206134 -2.086848 63.781117 0.867974 -0.451044 0.207801 0.217221 0.668651
  60 -0.096132 -1.796649 63.201217 0.928264 -0.178974 0.326027 0.221135 0.656746
  60 -0.276134 -1.806910 63.961213 0.811736 -0.583824 0.015269 0.215264 0.670635
artic_working1.bmp
  60 -0.096132 -1.796649 63.201217 0.928264 -0.178974 0.326027 0.221135 0.656746
  60 -0.086132 -1.526694 63.331310 0.624675 -0.778607 -0.059599 0.221135 0.656746
  60 -0.276134 -1.806910 63.961213 0.811736 -0.583824 0.015269 0.215264 0.670635
artic_working1.bmp
  60 -0.276134 -1.806910 63.961213 0.811736 -0.583824 0.015269 0.215264 0.670635
  60 -0.086132 -1.526694 63.331310 0.624675 -0.778607 -0.059599 0.221135 0.656746
  60 -0.016133 -1.706883 63.881248 0.204831 -0.944126 -0.258205 0.223092 0.668651
artic_working1.bmp
  62 1.063869 -0.037009 64.243824 0.908838 0.374410 -0.183931 0.348337 0.692460
  62 0.753869 0.582751 64.944037 0.865144 0.498573 -0.054326 0.356164 0.708333
  62 1.073866 -0.117425 65.453797 0.952620 0.297092 0.065209 0.348337 0.714286
artic_working1.bmp
  62 1.063869 -0.037009 64.243824 0.908838 0.374410 -0.183931 0.348337 0.692460
  62 0.623871 0.513132 63.834012 0.837418 0.484851 -0.252292 0.358121 0.684524
  62 0.753869 0.582751 64.944037 0.865144 0.498573 -0.054326 0.356164 0.708333
artic_working1.bmp
  62 1.063869 -0.037009 64.243824 0.908838 0.374410 -0.183931 0.348337 0.692460
  62 0.533872 0.253298 63.353923 0.840886 0.384251 -0.381132 0.358121 0.672619
  62 0.623871 0.513132 63.834012 0.837418 0.484851 -0.252292 0.358121 0.684524
artic_working1.bmp
  62 1.063869 -0.037009 64.243824 0.908838 0.374410 -0.183931 0.348337 0.692460
  62 0.983870 -0.346834 63.733718 0.905338 0.315571 -0.284216 0.344423 0.682540
  62 0.533872 0.253298 63.353923 0.840886 0.384251 -0.381132 0.358121 0.672619
artic_working1.bmp
  65 -0.276128 -0.036643 63.186821 -0.371025 0.856013 -0.359975 0.084149 0.656746
  65 -0.546129 0.163096 63.946890 -0.233287 0.970110 -0.066817 0.084149 0.678571
  65 -0.026127 0.153524 62.696887 -0.899551 0.217378 -0.378887 0.074364 0.642857
artic_working1.bmp
  65 -0.026127 0.153524 62.696887 -0.899551 0.217378 -0.378887 0.074364 0.642857
  65 -0.546129 0.163096 63.946890 -0.233287 0.970110 -0.066817 0.084149 0.678571
  65 -0.246128 0.623247 63.507048 -0.912028 0.286177 -0.293781 0.072407 0.662698
artic_working1.bmp
  65 -0.546129 0.163096 63.946890 -0.233287 0.970110 -0.066817 0.084149 0.678571
  65 -0.636131 0.242921 64.456917 -0.936846 0.291237 -0.193652 0.084149 0.692460
  65 -0.246128 0.623247 63.507048 -0.912028 0.286177 -0.293781 0.072407 0.662698
artic_working1.bmp
  65 -0.246128 0.623247 63.507048 -0.912028 0.286177 -0.293781 0.072407 0.662698
  65 -0.636131 0.242921 64.456917 -0.936846 0.291237 -0.193652 0.084149 0.692460
  65 -0.366128 0.723078 63.997082 -0.927920 0.241266 -0.284175 0.072407 0.676587
artic_working1.bmp
  66 -0.166129 -0.986524 62.837495 -0.892269 -0.227431 -0.390041 0.127202 0.642857
  66 -0.396131 -1.106726 63.427453 -0.926608 -0.220661 -0.304477 0.127202 0.660714
  66 -0.426128 -0.076595 63.047807 -0.939975 -0.140873 -0.310808 0.119374 0.642857
artic_working1.bmp
  66 -0.426128 -0.076595 63.047807 -0.939975 -0.140873 -0.310808 0.119374 0.642857
  66 -0.396131 -1.106726 63.427453 -0.926608 -0.220661 -0.304477 0.127202 0.660714
  66 -0.646130 0.043116 63.887848 -0.965978 -0.141934 -0.216195 0.115460 0.668651
artic_working1.bmp
  66 -0.396131 -1.106726 63.427453 -0.926608 -0.220661 -0.304477 0.127202 0.660714
  66 -0.366133 -1.556863 63.827299 -0.940408 -0.303507 -0.153352 0.135029 0.672619
  66 -0.646130 0.043116 63.887848 -0.965978 -0.141934 -0.216195 0.115460 0.668651
artic_working1.bmp
  66 -0.646130 0.043116 63.887848 -0.965978 -0.141934 -0.216195 0.115460 0.668651
  66 -0.366133 -1.556863 63.827299 -0.940408 -0.303507 -0.153352 0.135029 0.672619
  66 -0.706131 -0.327017 64.277721 -0.945539 -0.240165 -0.219719 0.123288 0.680556
artic_working1.bmp
  70 0.413869 0.522752 64.942015 0.707470 0.537843 0.458487 0.360078 0.748016
  70 0.863870 0.432964 64.321986 0.844101 0.468030 0.261612 0.352250 0.736111
  70 0.303871 0.992931 64.422177 0.689418 0.623990 0.367885 0.365949 0.738095
artic_working1.bmp
  70 0.303871 0.992931 64.422177 0.689418 0.623990 0.367885 0.365949 0.738095
  70 0.863870 0.432964 64.321986 0.844101 0.468030 0.261612 0.352250 0.736111
  70 0.703872 0.853123 63.862130 0.841915 0.520386 0.142751 0.358121 0.726190
artic_working1.bmp
  70 0.863870 0.432964 64.321986 0.844101 0.468030 0.261612 0.352250 0.736111
  70 1.053872 0.233349 63.201917 0.914418 0.399645 0.064219 0.348337 0.716270
  70 0.703872 0.853123 63.862130 0.841915 0.520386 0.142751 0.358121 0.726190
artic_working1.bmp
  70 0.703872 0.853123 63.862130 0.841915 0.520386 0.142751 0.358121 0.726190
  70 1.053872 0.233349 63.201917 0.914418 0.399645 0.064219 0.348337 0.716270
  70 0.723875 0.853487 62.802130 0.879457 0.475849 0.011112 0.356164 0.712302
artic_working1.bmp
  71 -0.026138 -1.467612 66.002330 0.071086 0.303828 0.950071 0.381605 0.773810
  71 -0.016140 -2.407663 66.152007 0.006279 0.161308 0.986884 0.371820 0.783730
  71 0.503861 -2.257647 66.102060 0.186105 0.234490 0.954138 0.369863 0.781746
artic_working1.bmp
  71 -0.026138 -1.467612 66.002330 0.071086 0.303828 0.950071 0.381605 0.773810
  71 -0.576138 -1.627610 66.002274 -0.070368 0.255551 0.964231 0.391389 0.777778
  71 -0.016140 -2.407663 66.152007 0.006279 0.161308 0.986884 0.371820 0.783730
artic_working1.bmp
  71 -0.026138 -1.467612 66.002330 0.071086 0.303828 0.950071 0.381605 0.773810
  71 -0.616135 -0.687487 65.642597 -0.013072 0.491581 0.870734 0.393346 0.763889
  71 -0.576138 -1.627610 66.002274 -0.070368 0.255551 0.964231 0.391389 0.777778
artic_working1.bmp
  71 -0.026138 -1.467612 66.002330 0.071086 0.303828 0.950071 0.381605 0.773810
  71 0.243865 -0.527444 65.512654 0.190956 0.595788 0.780110 0.379648 0.757937
  71 -0.616135 -0.687487 65.642597 -0.013072 0.491581 0.870734 0.393346 0.763889
artic_working1.bmp
  73 0.773869 0.022919 64.454844 -0.183494 0.896020 0.404325 0.033268 0.742063
  73 1.503872 0.363257 63.464963 -0.168518 0.964193 0.204777 0.023483 0.724206
  73 0.693871 0.173173 63.714896 -0.351247 0.909964 0.220433 0.033268 0.730159
artic_working1.bmp
  73 0.773869 0.022919 64.454844 -0.183494 0.896020 0.404325 0.033268 0.742063
  73 1.543870 0.223020 64.154915 -0.107554 0.926606 0.360323 0.021526 0.738095
  73 1.503872 0.363257 63.464963 -0.168518 0.964193 0.204777 0.023483 0.724206
artic_working1.bmp
  73 0.773869 0.022919 64.454844 -0.183494 0.896020 0.404325 0.033268 0.742063
  73 1.573868 -0.137190 64.764791 -0.055498 0.824231 0.563528 0.021526 0.750000
  73 1.543870 0.223020 64.154915 -0.107554 0.926606 0.360323 0.021526 0.738095
artic_working1.bmp
  73 0.773869 0.022919 64.454844 -0.183494 0.896020 0.404325 0.033268 0.742063
  73 0.803866 -0.497315 65.134666 -0.200920 0.650407 0.732531 0.033268 0.757937
  73 1.573868 -0.137190 64.764791 -0.055498 0.824231 0.563528 0.021526 0.750000
artic_working1.bmp
  36 1.263866 -2.886801 58.680275 0.538778 -0.780867 0.316173 0.228963 0.553571
  36 -0.726134 -2.876856 58.730289 -0.345029 -0.870430 0.351149 0.178082 0.555556
  36 1.263864 -3.275699 57.729823 0.344625 -0.876873 0.335154 0.228963 0.537698
artic_working1.bmp
  36 1.263864 -3.275699 57.729823 0.344625 -0.876873 0.335154 0.228963 0.537698
  36 -0.726134 -2.876856 58.730289 -0.345029 -0.870430 0.351149 0.178082 0.555556
  36 -0.806136 -3.225696 57.729884 -0.528795 -0.787389 0.316849 0.176125 0.537698
artic_working1.bmp
  36 -0.726134 -2.876856 58.730289 -0.345029 -0.870430 0.351149 0.178082 0.555556
  36 -2.176130 0.093515 58.413733 -0.887212 -0.408961 0.213554 0.086106 0.551587
  36 -0.806136 -3.225696 57.729884 -0.528795 -0.787389 0.316849 0.176125 0.537698
artic_working1.bmp
  5 5.973876 4.459715 58.922643 0.637037 -0.766585 0.080812 0.720157 0.894841
  5 0.253875 4.832668 56.383080 -0.001856 -0.774915 -0.632063 0.663405 0.865079
  5 4.173877 7.203797 55.405824 0.365269 -0.796839 -0.481276 0.704501 0.845238
artic_working1.bmp
  5 4.173877 7.203797 55.405824 0.365269 -0.796839 -0.481276 0.704501 0.845238
  5 0.253875 4.832668 56.383080 -0.001856 -0.774915 -0.632063 0.663405 0.865079
  5 0.253873 5.896690 52.914311 0.001371 -0.956033 -0.293257 0.663405 0.827381
artic_working1.bmp
  5 0.253875 4.832668 56.383080 -0.001856 -0.774915 -0.632063 0.663405 0.865079
  5 -3.596123 7.213970 55.265844 -0.362430 -0.806580 -0.466984 0.624266 0.847222
  5 0.253873 5.896690 52.914311 0.001371 -0.956033 -0.293257 0.663405 0.827381
artic_working1.bmp
  44 5.074551 -3.762101 19.533669 -0.504234 -0.844121 -0.182231 0.735812 0.182540
  40 3.038647 -0.362092 10.510067 -0.706772 -0.613820 -0.351708 0.688845 0.043651
  40 7.253868 -4.644825 10.363409 0.030177 -0.961001 -0.274894 0.755382 0.033730
artic_working1.bmp
  40 7.253868 -4.644825 10.363409 0.030177 -0.961001 -0.274894 0.755382 0.033730
  40 3.038647 -0.362092 10.510067 -0.706772 -0.613820 -0.351708 0.688845 0.043651
  40 7.632849 -2.966002 8.663784 0.075871 -0.726460 -0.683007 0.759295 0.007937
artic_working1.bmp
  40 3.038647 -0.362092 10.510067 -0.706772 -0.613820 -0.351708 0.688845 0.043651
  40 5.349030 -0.397118 8.300043 -0.566057 -0.583313 -0.582517 0.694716 0.007937
  40 7.632849 -2.966002 8.663784 0.075871 -0.726460 -0.683007 0.759295 0.007937
artic_working1.bmp
  25 -32.926898 -2.108872 56.924641 -0.066458 -0.729328 0.680929 0.172211 0.470238
  25 -32.918101 1.262826 56.850645 -0.154030 0.625286 0.765044 0.101761 0.470238
  30 -34.629600 -2.097835 55.988833 -0.393254 -0.799229 0.454515 0.170254 0.500000
artic_working1.bmp
  30 -34.629600 -2.097835 55.988833 -0.393254 -0.799229 0.454515 0.170254 0.500000
  25 -32.918101 1.262826 56.850645 -0.154030 0.625286 0.765044 0.101761 0.470238
  30 -34.638341 1.022664 55.985819 -0.587593 0.571765 0.572554 0.101761 0.500000
artic_working1.bmp
  25 -32.918101 1.262826 56.850645 -0.154030 0.625286 0.765044 0.101761 0.470238
  30 -34.102100 1.023391 55.183357 -0.014915 0.778255 -0.627771 0.084149 0.494048
  30 -34.638341 1.022664 55.985819 -0.587593 0.571765 0.572554 0.101761 0.500000
artic_working1.bmp
  33 -11.984409 -0.388890 50.996685 -0.292517 0.642056 -0.708659 0.029354 0.073413
  23 -17.234474 -0.584595 51.807530 0.004444 0.523454 -0.852042 0.046967 0.172619
  23 -15.387748 3.150027 54.477979 -0.121130 0.992214 0.028981 0.095890 0.134921
artic_working1.bmp
  23 -15.387748 3.150027 54.477979 -0.121130 0.992214 0.028981 0.095890 0.134921
  23 -17.234474 -0.584595 51.807530 0.004444 0.523454 -0.852042 0.046967 0.172619
  32 -18.780031 2.678396 53.399625 0.008005 0.807941 -0.589209 0.078278 0.198413
artic_working1.bmp
  23 -17.234474 -0.584595 51.807530 0.004444 0.523454 -0.852042 0.046967 0.172619
  32 -21.991224 -0.538990 52.053197 -0.129270 0.519512 -0.844628 0.054795 0.259921
  32 -18.780031 2.678396 53.399625 0.008005 0.807941 -0.589209 0.078278 0.198413
artic_working1.bmp
  47 -6.126599 -4.960322 -0.066436 0.986109 -0.125979 0.108251 0.266145 0.863095
  47 -6.546593 -4.531384 3.003713 0.658989 -0.339350 0.671249 0.289628 0.900794
  48 -7.006588 -9.025850 2.233494 0.384161 -0.698549 0.603696 0.297456 0.867063
artic_working1.bmp
  48 -7.006588 -9.025850 2.233494 0.384161 -0.698549 0.603696 0.297456 0.867063
  47 -6.546593 -4.531384 3.003713 0.658989 -0.339350 0.671249 0.289628 0.900794
  47 -8.106592 -4.831476 3.263612 -0.105495 -0.380127 0.918898 0.318982 0.902778
artic_working1.bmp
  47 -6.546593 -4.531384 3.003713 0.658989 -0.339350 0.671249 0.289628 0.900794
  47 -8.146593 -2.322085 5.024480 -0.076345 -0.742403 0.665590 0.320939 0.932540
  47 -8.106592 -4.831476 3.263612 -0.105495 -0.380127 0.918898 0.318982 0.902778
artic_working1.bmp
  3 -2.556147 -6.407326 50.883077 0.069929 -0.099079 0.992619 0.958904 0.573413
  3 0.203851 -8.579243 52.590643 0.266408 -0.130445 0.954993 0.986301 0.634921
  3 0.443853 -7.209379 52.712177 0.266408 -0.130445 0.954993 0.958904 0.634921
artic_working1.bmp
  3 0.443853 -7.209379 52.712177 0.266408 -0.130445 0.954993 0.958904 0.634921
  3 0.203851 -8.579243 52.590643 0.266408 -0.130445 0.954993 0.986301 0.634921
  3 1.513851 -7.217007 50.592166 0.875015 -0.203456 0.439266 0.958904 0.664683
artic_working1.bmp
  3 0.203851 -8.579243 52.590643 0.266408 -0.130445 0.954993 0.986301 0.634921
  3 1.233849 -8.596905 50.500621 0.875015 -0.203456 0.439266 0.990215 0.664683
  3 1.513851 -7.217007 50.592166 0.875015 -0.203456 0.439266 0.958904 0.664683
artic_working1.bmp
  54 1.213864 -0.117818 66.595797 -0.615325 0.124140 0.778437 0.324853 0.692460
  54 1.153864 -0.387777 66.475704 -0.690810 -0.276853 0.667932 0.320939 0.690476
  54 1.323864 -0.107842 66.665801 -0.388346 0.032552 0.920938 0.324853 0.694444
artic_working1.bmp
  54 1.323864 -0.107842 66.665801 -0.388346 0.032552 0.920938 0.324853 0.694444
  54 1.153864 -0.387777 66.475704 -0.690810 -0.276853 0.667932 0.320939 0.690476
  54 1.293863 -0.377794 66.525708 0.473800 -0.637104 0.607958 0.320939 0.690476
artic_working1.bmp
  54 1.153864 -0.387777 66.475704 -0.690810 -0.276853 0.667932 0.320939 0.690476
  54 1.123863 -0.637718 66.305618 0.832051 -0.496957 0.246426 0.317025 0.684524
  54 1.293863 -0.377794 66.525708 0.473800 -0.637104 0.607958 0.320939 0.690476
artic_working1.bmp
  54 1.123863 -0.637718 66.305618 0.832051 -0.496957 0.246426 0.317025 0.684524
  54 1.093865 -0.117677 66.185797 0.984842 0.131114 -0.113562 0.326810 0.682540
  54 1.123864 -0.077821 66.605811 0.991595 0.096055 -0.086677 0.326810 0.694444
artic_working1.bmp
  54 1.123864 -0.077821 66.605811 0.991595 0.096055 -0.086677 0.326810 0.694444
  54 1.093865 -0.117677 66.185797 0.984842 0.131114 -0.113562 0.326810 0.682540
  54 1.033865 0.412220 66.485979 0.965048 0.201875 -0.167122 0.334638 0.690476
artic_working1.bmp
  54 1.093865 -0.117677 66.185797 0.984842 0.131114 -0.113562 0.326810 0.682540
  54 0.963866 0.392365 66.065972 0.297166 0.954111 0.036947 0.334638 0.678571
  54 1.033865 0.412220 66.485979 0.965048 0.201875 -0.167122 0.334638 0.690476
artic_working1.bmp
  56 -0.946135 -1.267275 65.027397 -0.741071 0.586713 -0.326469 0.058708 0.650794
  56 -0.616133 -1.296966 64.127388 -0.768897 0.586848 -0.253785 0.052838 0.634921
  56 -0.796134 -1.676969 64.137257 -0.868113 0.407489 -0.283429 0.058708 0.632937
artic_working1.bmp
  56 -0.796134 -1.676969 64.137257 -0.868113 0.407489 -0.283429 0.058708 0.632937
  56 -0.616133 -1.296966 64.127388 -0.768897 0.586848 -0.253785 0.052838 0.634921
  56 -0.476131 -1.576633 63.157292 -0.872209 0.420935 -0.249127 0.052838 0.613095
artic_working1.bmp
  56 -0.616133 -1.296966 64.127388 -0.768897 0.586848 -0.253785 0.052838 0.634921
  56 -0.266130 -1.156633 63.157437 -0.733901 0.657363 -0.171067 0.045010 0.617063
  56 -0.476131 -1.576633 63.157292 -0.872209 0.420935 -0.249127 0.052838 0.613095
artic_working1.bmp
  58 0.643871 -0.166705 63.359779 -0.534157 -0.181878 -0.825589 0.140900 0.563492
  58 0.233871 -0.196783 63.589768 -0.421569 0.099231 -0.901351 0.135029 0.577381
  58 0.143872 0.193238 63.529901 -0.551034 -0.269850 -0.789647 0.121331 0.575397
artic_working1.bmp
  58 0.143872 0.193238 63.529901 -0.551034 -0.269850 -0.789647 0.121331 0.575397
  58 0.233871 -0.196783 63.589768 -0.421569 0.099231 -0.901351 0.135029 0.577381
  58 -0.256129 0.143115 63.889883 -0.507739 0.022030 -0.861229 0.121331 0.587302
artic_working1.bmp
  58 0.233871 -0.196783 63.589768 -0.421569 0.099231 -0.901351 0.135029 0.577381
  58 -0.126130 -0.226823 63.709756 -0.707183 0.068043 -0.703748 0.133072 0.585317
  58 -0.256129 0.143115 63.889883 -0.507739 0.022030 -0.861229 0.121331 0.587302
artic_working1.bmp
  59 0.383864 -1.977241 64.920156 -0.406020 -0.875320 -0.262607 0.195695 0.611111
  59 0.693864 -2.087224 64.870119 -0.176861 -0.917192 -0.357042 0.201566 0.613095
  59 0.433863 -2.067327 65.170125 -0.483049 -0.858812 -0.170603 0.195695 0.617063
artic_working1.bmp
  59 0.433863 -2.067327 65.170125 -0.483049 -0.858812 -0.170603 0.195695 0.617063
  59 0.693864 -2.087224 64.870119 -0.176861 -0.917192 -0.357042 0.201566 0.613095
  59 0.693863 -2.187310 65.120085 -0.176861 -0.917192 -0.357042 0.201566 0.617063
artic_working1.bmp
  59 0.693864 -2.087224 64.870119 -0.176861 -0.917192 -0.357042 0.201566 0.613095
  59 1.003863 -2.117280 65.030110 0.083021 -0.937984 -0.336592 0.211350 0.615079
  59 0.693863 -2.187310 65.120085 -0.176861 -0.917192 -0.357042 0.201566 0.617063
artic_working1.bmp
  59 0.143864 -1.847233 64.900200 -0.550366 -0.825207 -0.127005 0.185910 0.613095
  59 0.183864 -1.877281 65.040190 -0.622687 -0.782467 -0.002444 0.187867 0.615079
  59 -0.096135 -1.657233 64.900265 -0.622687 -0.782467 -0.002444 0.178082 0.607143
artic_working1.bmp
  59 -0.096135 -1.657233 64.900265 -0.622687 -0.782467 -0.002444 0.178082 0.607143
  59 0.183864 -1.877281 65.040190 -0.622687 -0.782467 -0.002444 0.187867 0.615079
  59 0.123863 -1.747415 65.430235 -0.560295 -0.826896 0.048084 0.185910 0.619048
artic_working1.bmp
  59 0.183864 -1.877281 65.040190 -0.622687 -0.782467 -0.002444 0.187867 0.615079
  59 0.353862 -1.977454 65.540156 -0.661113 -0.743629 0.099730 0.193738 0.623016
  59 0.123863 -1.747415 65.430235 -0.560295 -0.826896 0.048084 0.185910 0.619048
artic_working1.bmp
  60 -0.476131 -1.626514 62.811275 0.316028 -0.754733 -0.574895 0.209393 0.646825
  60 -0.246131 -1.866559 62.941193 0.336967 -0.300660 -0.892220 0.215264 0.650794
  60 -0.466131 -1.936538 62.881168 0.309250 -0.186385 -0.932537 0.209393 0.650794
artic_working1.bmp
  60 -0.466131 -1.936538 62.881168 0.309250 -0.186385 -0.932537 0.209393 0.650794
  60 -0.246131 -1.866559 62.941193 0.336967 -0.300660 -0.892220 0.215264 0.650794
  60 -0.276132 -2.146573 62.981096 0.481766 -0.470804 -0.739084 0.215264 0.654762
artic_working1.bmp
  60 -0.246131 -1.866559 62.941193 0.336967 -0.300660 -0.892220 0.215264 0.650794
  60 -0.116132 -2.086608 63.081117 0.831755 -0.490943 -0.259150 0.219178 0.656746
  60 -0.276132 -2.146573 62.981096 0.481766 -0.470804 -0.739084 0.215264 0.654762
artic_working1.bmp
  60 -0.496134 -2.336768 63.551031 -0.390380 -0.894671 0.217181 0.209393 0.666667
  60 -0.716133 -2.186696 63.341082 -0.680780 -0.712932 0.168128 0.203523 0.660714
  60 -0.476134 -2.386727 63.431013 -0.670004 -0.713175 0.206098 0.209393 0.664683
artic_working1.bmp
  60 -0.476134 -2.386727 63.431013 -0.670004 -0.713175 0.206098 0.209393 0.664683
  60 -0.716133 -2.186696 63.341082 -0.680780 -0.712932 0.168128 0.203523 0.660714
  60 -0.676133 -2.266648 63.201054 -0.659342 -0.743959 -0.108597 0.203523 0.658730
artic_working1.bmp
  60 -0.716133 -2.186696 63.341082 -0.680780 -0.712932 0.168128 0.203523 0.660714
  60 -0.866132 -2.046620 63.121129 -0.828593 -0.491941 -0.267259 0.199609 0.656746
  60 -0.676133 -2.266648 63.201054 -0.659342 -0.743959 -0.108597 0.203523 0.658730
artic_working1.bmp
  60 -1.246130 -1.216612 63.101414 -0.783704 -0.614186 -0.092647 0.187867 0.648810
  60 -1.206130 -1.256585 63.021400 -0.848582 -0.447373 -0.282429 0.187867 0.646825
  60 -1.046131 -1.606613 63.101280 -0.901618 -0.432470 -0.007448 0.195695 0.652778
artic_working1.bmp
  60 -1.046131 -1.606613 63.101280 -0.901618 -0.432470 -0.007448 0.195695 0.652778
  60 -1.206130 -1.256585 63.021400 -0.848582 -0.447373 -0.282429 0.187867 0.646825
  60 -1.006131 -1.636589 63.031270 -0.694997 -0.426552 -0.578820 0.195695 0.650794
artic_working1.bmp
  60 -1.206130 -1.256585 63.021400 -0.848582 -0.447373 -0.282429 0.187867 0.646825
  60 -1.166130 -1.276557 62.941393 -0.708799 -0.627621 -0.322018 0.189824 0.646825
  60 -1.006131 -1.636589 63.031270 -0.694997 -0.426552 -0.578820 0.195695 0.650794
artic_working1.bmp
  60 0.303862 -1.767557 65.841228 0.290347 -0.844497 0.450027 0.223092 0.708333
  60 0.283862 -1.627633 66.061276 0.314727 -0.809907 0.494972 0.223092 0.712302
  60 -0.496138 -1.797583 65.921216 0.101757 -0.871233 0.480207 0.207436 0.708333
artic_working1.bmp
  60 -0.496138 -1.797583 65.921216 0.101757 -0.871233 0.480207 0.207436 0.708333
  60 0.283862 -1.627633 66.061276 0.314727 -0.809907 0.494972 0.223092 0.712302
  60 0.253861 -1.407804 66.561352 0.298031 -0.871015 0.390526 0.221135 0.720238
artic_working1.bmp
  60 0.283862 -1.627633 66.061276 0.314727 -0.809907 0.494972 0.223092 0.712302
  60 0.933862 -1.007813 66.581491 0.564897 -0.740062 0.364964 0.236791 0.722222
  60 0.253861 -1.407804 66.561352 0.298031 -0.871015 0.390526 0.221135 0.720238
artic_working1.bmp
  60 0.353871 -1.096371 62.391459 0.591859 -0.790950 -0.155244 0.232877 0.621032
  60 0.573871 -1.046441 62.591476 0.487357 -0.862600 -0.135662 0.238748 0.625000
  60 0.203870 -1.296519 62.821390 0.586831 -0.752966 -0.297778 0.227006 0.644841
artic_working1.bmp
  60 0.203870 -1.296519 62.821390 0.586831 -0.752966 -0.297778 0.227006 0.644841
  60 0.573871 -1.046441 62.591476 0.487357 -0.862600 -0.135662 0.238748 0.625000
  60 0.243870 -1.266529 62.851400 0.648873 -0.710909 -0.271243 0.228963 0.644841
artic_working1.bmp
  60 0.573871 -1.046441 62.591476 0.487357 -0.862600 -0.135662 0.238748 0.625000
  60 0.623871 -1.016451 62.621487 0.411915 -0.888831 -0.200763 0.240705 0.625000
  60 0.243870 -1.266529 62.851400 0.648873 -0.710909 -0.271243 0.228963 0.644841
artic_working1.bmp
  61 0.143861 -2.267516 65.722056 0.598273 -0.656380 0.459603 0.254403 0.726190
  61 0.343863 -2.637221 64.861929 0.668444 -0.629085 0.396780 0.258317 0.708333
  61 0.763863 -1.867431 65.472195 0.783927 -0.479392 0.394514 0.270059 0.718254
artic_working1.bmp
  61 0.763863 -1.867431 65.472195 0.783927 -0.479392 0.394514 0.270059 0.718254
  61 0.343863 -2.637221 64.861929 0.668444 -0.629085 0.396780 0.258317 0.708333
  61 0.893864 -2.197112 64.542082 0.843829 -0.534027 0.052612 0.273973 0.700397
artic_working1.bmp
  61 0.343863 -2.637221 64.861929 0.668444 -0.629085 0.396780 0.258317 0.708333
  61 0.373863 -2.767142 64.631885 0.743607 -0.655331 0.132625 0.258317 0.702381
  61 0.893864 -2.197112 64.542082 0.843829 -0.534027 0.052612 0.273973 0.700397
artic_working1.bmp
  64 -0.836134 -1.796948 64.075215 -0.994273 0.055934 -0.091059 0.084149 0.706349
  64 -0.666131 -0.966759 63.525501 -0.927326 0.253064 -0.275725 0.068493 0.686508
  64 -0.516131 -1.266612 63.095398 -0.932681 0.154107 -0.326125 0.072407 0.676587
artic_working1.bmp
  64 -0.516131 -1.266612 63.095398 -0.932681 0.154107 -0.326125 0.072407 0.676587
  64 -0.666131 -0.966759 63.525501 -0.927326 0.253064 -0.275725 0.068493 0.686508
  64 -0.106128 -0.606475 62.695626 -0.849702 0.282216 -0.445377 0.058708 0.666667
artic_working1.bmp
  64 -0.666131 -0.966759 63.525501 -0.927326 0.253064 -0.275725 0.068493 0.686508
  64 -0.216129 -0.326623 63.125722 -0.708294 0.645233 -0.286346 0.058708 0.678571
  64 -0.106128 -0.606475 62.695626 -0.849702 0.282216 -0.445377 0.058708 0.666667
artic_working1.bmp
  65 -0.886132 -0.307116 64.566727 0.777120 0.045200 0.627727 0.093933 0.694444
  65 -0.986132 -0.317147 64.656723 0.535341 -0.039592 0.843707 0.095890 0.698413
  65 -0.856132 -0.607048 64.366624 0.783773 -0.317299 0.533874 0.099804 0.690476
artic_working1.bmp
  65 -0.856132 -0.607048 64.366624 0.783773 -0.317299 0.533874 0.099804 0.690476
  65 -0.986132 -0.317147 64.656723 0.535341 -0.039592 0.843707 0.095890 0.698413
  65 -0.986132 -0.617075 64.446620 -0.439432 -0.706782 0.554400 0.099804 0.692460
artic_working1.bmp
  65 -0.986132 -0.317147 64.656723 0.535341 -0.039592 0.843707 0.095890 0.698413
  65 -1.066132 -0.297164 64.706730 -0.567738 -0.257311 0.781962 0.095890 0.698413
  65 -0.986132 -0.617075 64.446620 -0.439432 -0.706782 0.554400 0.099804 0.692460
artic_working1.bmp
  67 -0.226138 -0.907809 66.578523 -0.567443 -0.666598 0.483380 0.160470 0.724206
  67 -0.466137 -1.247548 65.818405 -0.556711 -0.589674 0.585113 0.156556 0.708333
  67 0.243862 -1.667642 66.088262 -0.474214 -0.641323 0.603180 0.174168 0.714286
artic_working1.bmp
  67 0.243862 -1.667642 66.088262 -0.474214 -0.641323 0.603180 0.174168 0.714286
  67 -0.466137 -1.247548 65.818405 -0.556711 -0.589674 0.585113 0.156556 0.708333
  67 0.213862 -1.837576 65.898204 -0.421563 -0.675042 0.605478 0.174168 0.710317
artic_working1.bmp
  67 -0.466137 -1.247548 65.818405 -0.556711 -0.589674 0.585113 0.156556 0.708333
  67 -0.506137 -1.437479 65.618340 -0.628044 -0.727731 0.275623 0.158513 0.704365
  67 0.213862 -1.837576 65.898204 -0.421563 -0.675042 0.605478 0.174168 0.710317
artic_working1.bmp
  67 0.963863 -2.117320 65.148109 -0.244618 -0.965166 -0.092821 0.191781 0.692460
  67 0.623864 -2.057230 64.888129 -0.178661 -0.981461 0.069389 0.183953 0.686508
  67 1.443863 -2.177249 64.938090 -0.147726 -0.988839 -0.019328 0.199609 0.688492
artic_working1.bmp
  67 1.443863 -2.177249 64.938090 -0.147726 -0.988839 -0.019328 0.199609 0.688492
  67 0.623864 -2.057230 64.888129 -0.178661 -0.981461 0.069389 0.183953 0.686508
  67 1.133864 -2.137145 64.638103 -0.145156 -0.988874 0.032539 0.191781 0.682540
artic_working1.bmp
  67 0.623864 -2.057230 64.888129 -0.178661 -0.981461 0.069389 0.183953 0.686508
  67 0.913865 -2.117076 64.438109 -0.099434 -0.994178 -0.041506 0.185910 0.676587
  67 1.133864 -2.137145 64.638103 -0.145156 -0.988874 0.032539 0.191781 0.682540
artic_working1.bmp
  68 -1.006134 0.252354 66.109919 -0.144938 -0.312326 0.938853 0.180039 0.781746
  68 -1.006135 -0.437567 65.879682 -0.227700 -0.322025 0.918941 0.187867 0.773810
  68 -0.316135 0.062338 66.149856 -0.181562 -0.266010 0.946717 0.209393 0.779762
artic_working1.bmp
  68 -0.316135 0.062338 66.149856 -0.181562 -0.266010 0.946717 0.209393 0.779762
  68 -1.006135 -0.437567 65.879682 -0.227700 -0.322025 0.918941 0.187867 0.773810
  68 -0.346136 -0.777593 65.949567 -0.273633 -0.375227 0.885624 0.207436 0.769841
artic_working1.bmp
  68 -1.006135 -0.437567 65.879682 -0.227700 -0.322025 0.918941 0.187867 0.773810
  68 -1.026136 -1.227426 65.469411 -0.369717 -0.650647 0.663301 0.193738 0.761905
  68 -0.346136 -0.777593 65.949567 -0.273633 -0.375227 0.885624 0.207436 0.769841
artic_working1.bmp
  69 0.553864 -1.957251 64.950163 0.593164 -0.545412 0.592184 0.256360 0.761905
  69 0.163863 -1.627436 65.490276 0.345928 -0.461643 0.816835 0.254403 0.771825
  69 0.053863 -2.277267 65.000052 0.337477 -0.603408 0.722501 0.242661 0.763889
artic_working1.bmp
  69 0.053863 -2.277267 65.000052 0.337477 -0.603408 0.722501 0.242661 0.763889
  69 0.163863 -1.627436 65.490276 0.345928 -0.461643 0.816835 0.254403 0.771825
  69 -0.536137 -1.857448 65.530195 0.212212 -0.505964 0.836042 0.232877 0.775794
artic_working1.bmp
  69 0.163863 -1.627436 65.490276 0.345928 -0.461643 0.816835 0.254403 0.771825
  69 -0.486137 -1.117555 65.840450 0.181214 -0.252827 0.950389 0.246575 0.781746
  69 -0.536137 -1.857448 65.530195 0.212212 -0.505964 0.836042 0.232877 0.775794
artic_working1.bmp
  69 1.303867 -0.687105 64.520602 0.961935 -0.197086 0.189307 0.289628 0.757937
  69 1.323869 -0.796909 63.950564 0.976011 -0.207568 0.065714 0.287671 0.748016
  69 1.393870 0.052994 64.230856 0.988666 -0.113912 0.097796 0.305284 0.755952
artic_working1.bmp
  69 1.393870 0.052994 64.230856 0.988666 -0.113912 0.097796 0.305284 0.755952
  69 1.323869 -0.796909 63.950564 0.976011 -0.207568 0.065714 0.287671 0.748016
  69 1.493871 -0.016755 63.500832 0.982314 -0.154290 0.106080 0.303327 0.740079
artic_working1.bmp
  69 1.323869 -0.796909 63.950564 0.976011 -0.207568 0.065714 0.287671 0.748016
  69 1.363870 -0.846655 63.210547 0.967918 -0.241696 0.068693 0.287671 0.734127
  69 1.493871 -0.016755 63.500832 0.982314 -0.154290 0.106080 0.303327 0.740079
artic_working1.bmp
  71 -0.576138 -1.627610 66.002274 -0.023894 0.351816 0.935764 0.021526 0.777778
  71 -0.616135 -0.687487 65.642597 -0.164971 0.498482 0.851058 0.019569 0.763889
  71 -1.136137 -1.437582 65.922338 -0.143154 0.418567 0.896833 0.029354 0.773810
artic_working1.bmp
  71 -1.136137 -1.437582 65.922338 -0.143154 0.418567 0.896833 0.029354 0.773810
  71 -0.616135 -0.687487 65.642597 -0.164971 0.498482 0.851058 0.019569 0.763889
  71 -1.416134 -0.607385 65.352623 -0.232859 0.563079 0.792918 0.031311 0.757937
artic_working1.bmp
  71 -0.616135 -0.687487 65.642597 -0.164971 0.498482 0.851058 0.019569 0.763889
  71 -0.626133 -0.097311 65.132800 -0.203788 0.643469 0.737847 0.019569 0.750000
  71 -1.416134 -0.607385 65.352623 -0.232859 0.563079 0.792918 0.031311 0.757937
artic_working1.bmp
  71 -0.626133 -0.097311 65.132800 0.035068 0.766164 0.641688 0.395303 0.750000
  71 0.243868 0.062793 64.822857 0.227557 0.884182 0.407970 0.383562 0.742063
  71 -0.606130 0.292919 64.462934 0.104507 0.932763 0.345008 0.393346 0.736111
artic_working1.bmp
  71 -0.606130 0.292919 64.462934 0.104507 0.932763 0.345008 0.393346 0.736111
  71 0.243868 0.062793 64.822857 0.227557 0.884182 0.407970 0.383562 0.742063
  71 -0.566128 0.413176 63.712975 0.163400 0.968047 0.190223 0.393346 0.722222
artic_working1.bmp
  71 0.243868 0.062793 64.822857 0.227557 0.884182 0.407970 0.383562 0.742063
  71 0.283871 0.233078 63.992916 0.403890 0.884290 0.234315 0.381605 0.728175
  71 -0.566128 0.413176 63.712975 0.163400 0.968047 0.190223 0.393346 0.722222
artic_working1.bmp
  74 -0.456133 -0.517199 64.805656 -0.917287 0.009775 0.398106 0.090020 0.761905
  74 0.003868 0.272659 65.215929 -0.651253 0.245089 0.718193 0.070450 0.767857
  74 -0.226131 0.442800 64.805986 -0.853848 0.280597 0.438416 0.070450 0.759921
artic_working1.bmp
  74 -0.226131 0.442800 64.805986 -0.853848 0.280597 0.438416 0.070450 0.759921
  74 0.003868 0.272659 65.215929 -0.651253 0.245089 0.718193 0.070450 0.767857
  74 0.253870 1.012765 64.906183 -0.548882 0.475952 0.687167 0.056751 0.759921
artic_working1.bmp
  74 0.003868 0.272659 65.215929 -0.651253 0.245089 0.718193 0.070450 0.767857
  74 0.553867 0.212544 65.545909 -0.348719 0.230282 0.908496 0.062622 0.773810
  74 0.253870 1.012765 64.906183 -0.548882 0.475952 0.687167 0.056751 0.759921
artic_working1.bmp
  3 -5.316134 5.787718 46.386726 -0.442157 0.865669 -0.234765 0.604697 0.666667
  2 -4.256137 5.447357 43.807523 -0.396147 0.899678 -0.183433 0.600783 0.632937
  2 -6.896146 0.078112 43.111703 -0.961253 0.154246 -0.228474 0.692759 0.623016
artic_working1.bmp
  2 -6.896146 0.078112 43.111703 -0.961253 0.154246 -0.228474 0.692759 0.623016
  2 -4.256137 5.447357 43.807523 -0.396147 0.899678 -0.183433 0.600783 0.632937
  2 -4.266139 5.219601 41.737274 -0.504741 0.815857 0.282160 0.600783 0.603175
artic_working1.bmp
  5 0.253873 6.567571 52.155088 -0.000075 0.986387 0.164439 0.518591 0.744048
  36 0.253876 4.774343 57.699157 0.000364 0.897106 0.441816 0.518591 0.817460
  8 6.666981 3.553228 57.387430 0.223827 0.899588 0.375025 0.434442 0.813492
artic_working1.bmp
  8 6.666981 3.553228 57.387430 0.223827 0.899588 0.375025 0.434442 0.813492
  36 0.253876 4.774343 57.699157 0.000364 0.897106 0.441816 0.518591 0.817460
  36 3.453875 3.413250 58.637576 0.180371 0.812370 0.554546 0.475538 0.829365
artic_working1.bmp
  5 0.243852 -6.850380 50.379531 0.000612 -0.993459 0.114188 0.866928 0.722222
  3 -6.276151 -5.231177 45.394393 -0.655713 -0.727303 -0.202661 0.771037 0.652778
  3 0.183847 -6.811733 45.882617 0.000612 -0.997084 -0.076308 0.866928 0.662698
artic_working1.bmp
  3 0.183847 -6.811733 45.882617 0.000612 -0.997084 -0.076308 0.866928 0.662698
  3 -6.276151 -5.231177 45.394393 -0.655713 -0.727303 -0.202661 0.771037 0.652778
  2 -1.206156 -6.029963 41.325073 -0.249262 -0.962414 -0.107833 0.847358 0.603175
artic_working1.bmp
  39 2.139987 -7.014580 32.304095 0.126309 -0.980429 0.151013 0.892368 0.478175
  1 -1.196136 -5.985548 39.241889 -0.168899 -0.983028 0.071616 0.847358 0.575397
  45 -1.621380 -7.013775 32.307004 -0.206388 -0.965984 0.155819 0.843444 0.478175
artic_working1.bmp
  45 -1.621380 -7.013775 32.307004 -0.206388 -0.965984 0.155819 0.843444 0.478175
  1 -1.196136 -5.985548 39.241889 -0.168899 -0.983028 0.071616 0.847358 0.575397
  45 -6.528086 -4.886966 31.871204 -0.651894 -0.752442 0.094157 0.769080 0.472222
artic_working1.bmp
  1 0.243860 -4.293649 33.752473 -0.004188 -0.969479 -0.245139 0.682975 0.418651
  39 0.745636 -0.523711 26.884740 -0.906780 -0.335752 -0.254992 0.686888 0.307540
  39 2.309719 -5.476778 27.857146 -0.581496 -0.791316 -0.188896 0.714286 0.321429
artic_working1.bmp
  39 2.309719 -5.476778 27.857146 -0.581496 -0.791316 -0.188896 0.714286 0.321429
  39 0.745636 -0.523711 26.884740 -0.906780 -0.335752 -0.254992 0.686888 0.307540
  39 2.383327 -0.748693 21.489219 -0.831211 -0.467398 -0.301045 0.696673 0.218254
artic_working1.bmp
  36 -2.376136 -3.215474 57.539897 -0.818531 -0.560289 -0.126821 0.430528 0.863095
  5 0.243859 -5.286340 55.521348 0.012571 -0.862580 0.505765 0.475538 0.835317
  36 -1.586137 -3.986043 58.029003 -0.097275 -0.801246 0.590374 0.446184 0.865079
artic_working1.bmp
  36 -1.586137 -3.986043 58.029003 -0.097275 -0.801246 0.590374 0.446184 0.865079
  5 0.243859 -5.286340 55.521348 0.012571 -0.862580 0.505765 0.475538 0.835317
  36 -0.806136 -3.225696 57.729884 0.476366 -0.338242 0.811583 0.455969 0.867063
artic_working1.bmp
  3 -2.836149 -7.767191 50.761554 -0.203379 -0.973447 -0.105060 0.342466 0.521825
  3 -1.686152 -7.794797 48.621521 -0.238947 -0.965348 -0.104914 0.356164 0.482143
  3 0.203851 -8.579243 52.590643 -0.203379 -0.973447 -0.105060 0.387476 0.541667
artic_working1.bmp
  3 0.203851 -8.579243 52.590643 -0.203379 -0.973447 -0.105060 0.387476 0.541667
  3 -1.686152 -7.794797 48.621521 -0.238947 -0.965348 -0.104914 0.356164 0.482143
  3 1.233849 -8.596905 50.500621 -0.203379 -0.973447 -0.105060 0.401174 0.501984
artic_working1.bmp
  3 -2.556147 -6.407326 50.883077 0.184721 0.979126 0.084795 0.342466 0.521825
  3 0.443853 -7.209379 52.712177 0.184721 0.979126 0.084795 0.387476 0.541667
  3 -1.396149 -6.424899 48.713054 0.184721 0.979126 0.084795 0.356164 0.482143
artic_working1.bmp
  3 -1.396149 -6.424899 48.713054 0.184721 0.979126 0.084795 0.356164 0.482143
  3 0.443853 -7.209379 52.712177 0.184721 0.979126 0.084795 0.387476 0.541667
  3 1.513851 -7.217007 50.592166 0.184721 0.979126 0.084795 0.401174 0.501984
artic_working1.bmp
  3 -4.586156 -6.778761 43.232658 -0.963149 0.210500 -0.167431 0.268102 0.400794
  3 -6.066148 -7.187723 51.242206 -0.963149 0.210500 -0.167431 0.268102 0.537698
  3 -4.306153 -5.408896 43.354191 -0.776158 0.620438 -0.112407 0.287671 0.398810
artic_working1.bmp
  3 -4.306153 -5.408896 43.354191 -0.776158 0.620438 -0.112407 0.287671 0.398810
  3 -6.066148 -7.187723 51.242206 -0.963149 0.210500 -0.167431 0.268102 0.537698
  3 -5.796146 -5.817826 51.333740 -0.261809 0.965119 0.000837 0.287671 0.539683
artic_working1.bmp
  5 0.253873 5.896690 52.914311 -0.548322 -0.132830 -0.825651 0.549902 0.910714
  5 -3.596123 7.213970 55.265844 -0.837541 0.121699 -0.532649 0.575342 0.922619
  5 0.253877 8.787244 52.437662 -0.615827 0.113644 -0.779642 0.545988 0.940476
artic_working1.bmp
  5 0.253877 8.787244 52.437662 -0.615827 0.113644 -0.779642 0.545988 0.940476
  5 -3.596123 7.213970 55.265844 -0.837541 0.121699 -0.532649 0.575342 0.922619
  5 -3.876120 8.852683 56.377745 -0.705289 0.631021 -0.323079 0.596869 0.970238
artic_working1.bmp
  17 29.939646 -1.789124 56.192971 -0.204767 -0.690510 0.693733 0.170254 0.412698
  17 29.840975 -1.870889 53.481739 -0.318691 -0.882899 0.344857 0.230920 0.412698
  11 33.319635 -2.080872 55.236353 -0.127769 -0.978888 0.159541 0.193738 0.468254
artic_working1.bmp
  11 33.319635 -2.080872 55.236353 -0.127769 -0.978888 0.159541 0.193738 0.468254
  17 29.840975 -1.870889 53.481739 -0.318691 -0.882899 0.344857 0.230920 0.412698
  12 32.847313 -3.040383 54.303407 -0.075434 -0.909509 0.408783 0.209393 0.460317
artic_working1.bmp
  13 34.282245 -2.859332 52.590419 0.308012 -0.742427 -0.594921 0.246575 0.492063
  12 31.794706 -2.837578 52.932170 -0.235485 -0.668651 -0.705303 0.240705 0.446429
  13 34.326258 -2.224035 52.657955 -0.114065 0.028278 -0.993071 0.258317 0.490079
artic_working1.bmp
  13 34.326258 -2.224035 52.657955 -0.114065 0.028278 -0.993071 0.258317 0.490079
  12 31.794706 -2.837578 52.932170 -0.235485 -0.668651 -0.705303 0.240705 0.446429
  12 31.811557 -2.083976 52.897528 -0.096729 -0.042729 -0.994393 0.252446 0.446429
artic_working1.bmp
  13 34.505806 -2.262405 53.212833 0.547001 0.035585 0.836375 0.225049 0.501984
  12 32.814191 -2.138440 54.313459 0.542660 0.021931 0.839666 0.199609 0.472222
  13 34.504405 -2.922955 53.244022 0.908432 -0.303644 0.287318 0.234834 0.494048
artic_working1.bmp
  13 34.504405 -2.922955 53.244022 0.908432 -0.303644 0.287318 0.234834 0.494048
  12 32.814191 -2.138440 54.313459 0.542660 0.021931 0.839666 0.199609 0.472222
  12 32.847313 -3.040383 54.303407 -0.075434 -0.909509 0.408783 0.209393 0.460317
artic_working1.bmp
  12 31.811557 -2.083976 52.897528 0.117900 0.318532 -0.940552 0.019569 0.446429
  11 31.811024 0.675228 54.543310 0.354114 0.275656 -0.893654 0.064579 0.446429
  12 32.814191 -2.138440 54.313459 0.678138 0.193179 -0.709091 0.017613 0.460317
artic_working1.bmp
  12 32.814191 -2.138440 54.313459 0.678138 0.193179 -0.709091 0.017613 0.460317
  11 31.811024 0.675228 54.543310 0.354114 0.275656 -0.893654 0.064579 0.446429
  11 33.323059 1.279676 55.233959 0.431342 0.595423 -0.677802 0.084149 0.472222
artic_working1.bmp
  45 -2.122162 -0.743680 21.457039 0.699821 0.681978 -0.212502 0.405088 0.228175
  46 -2.931187 -0.746130 18.218239 0.782940 0.614031 -0.099859 0.410959 0.174603
  46 -6.434275 3.613540 17.480987 -0.007925 0.997480 0.070511 0.465753 0.154762
artic_working1.bmp
  46 -6.434275 3.613540 17.480987 -0.007925 0.997480 0.070511 0.465753 0.154762
  46 -2.931187 -0.746130 18.218239 0.782940 0.614031 -0.099859 0.410959 0.174603
  46 -3.092711 -0.593249 10.464102 0.740522 0.645836 -0.185804 0.397260 0.047619
artic_working1.bmp
  39 2.383327 -0.748693 21.489219 -0.704699 0.676141 -0.215017 0.943249 0.224206
  40 6.706820 3.609547 17.503870 0.010926 0.998020 0.061936 0.882583 0.148810
  40 3.202242 -0.740934 18.251766 -0.781938 0.618877 -0.074601 0.937378 0.168651
artic_working1.bmp
  40 3.202242 -0.740934 18.251766 -0.781938 0.618877 -0.074601 0.937378 0.168651
  40 6.706820 3.609547 17.503870 0.010926 0.998020 0.061936 0.882583 0.148810
  40 3.038647 -0.362092 10.510067 -0.749898 0.637786 -0.175732 0.956947 0.045635
artic_working1.bmp
  42 7.024212 -9.195067 0.053413 -0.002907 -0.000484 -0.999996 0.326810 0.313492
  41 6.274206 -4.960341 0.063545 0.000051 0.005600 -0.999984 0.317025 0.257937
  42 10.284211 -8.595056 0.033618 -0.002907 -0.000484 -0.999996 0.371820 0.305556
artic_working1.bmp
  42 10.284211 -8.595056 0.033618 -0.002907 -0.000484 -0.999996 0.371820 0.305556
  41 6.274206 -4.960341 0.063545 0.000051 0.005600 -0.999984 0.317025 0.257937
  41 11.154206 -4.960334 0.063541 0.000051 0.005600 -0.999984 0.383562 0.257937
artic_working1.bmp
  31 -29.475399 -1.798705 56.163583 0.205590 -0.689377 0.694616 0.170254 0.412698
  25 -32.834217 -2.080657 55.214345 0.128688 -0.977501 0.167129 0.193738 0.468254
  31 -29.375684 -1.870906 53.472535 0.324405 -0.879978 0.346988 0.230920 0.412698
artic_working1.bmp
  31 -29.375684 -1.870906 53.472535 0.324405 -0.879978 0.346988 0.230920 0.412698
  25 -32.834217 -2.080657 55.214345 0.128688 -0.977501 0.167129 0.193738 0.468254
  26 -32.358191 -3.031960 54.325158 0.077719 -0.907615 0.412547 0.209393 0.460317
artic_working1.bmp
  29 -35.439120 0.662034 54.328981 0.012502 0.381465 -0.924299 0.086106 0.519841
  29 -35.765462 -1.636783 54.313427 -0.442456 0.070684 -0.894000 0.025440 0.523810
  29 -35.747896 0.667136 54.710729 -0.757752 0.116065 -0.642138 0.086106 0.527778
artic_working1.bmp
  29 -35.747896 0.667136 54.710729 -0.757752 0.116065 -0.642138 0.086106 0.527778
  29 -35.765462 -1.636783 54.313427 -0.442456 0.070684 -0.894000 0.025440 0.523810
  29 -36.116003 -1.631776 54.711166 -0.757752 0.116065 -0.642138 0.025440 0.529762
artic_working1.bmp
  27 -33.815546 -2.849535 52.591556 -0.313217 -0.734601 -0.601878 0.246575 0.492063
  27 -33.828231 -2.211298 52.662224 0.113255 0.029564 -0.993126 0.258317 0.490079
  26 -31.309686 -2.820327 52.931441 0.236555 -0.666029 -0.707423 0.240705 0.446429
artic_working1.bmp
  26 -31.309686 -2.820327 52.931441 0.236555 -0.666029 -0.707423 0.240705 0.446429
  27 -33.828231 -2.211298 52.662224 0.113255 0.029564 -0.993126 0.258317 0.490079
  26 -31.318088 -2.063423 52.901002 0.096735 -0.038163 -0.994578 0.252446 0.446429
artic_working1.bmp
  27 -34.033955 -2.253491 53.227111 -0.536614 0.008978 0.843780 0.225049 0.501984
  27 -34.033736 -2.911761 53.236088 -0.913924 -0.290839 0.283118 0.234834 0.494048
  26 -32.325587 -2.130525 54.312860 -0.539794 0.018866 0.841586 0.199609 0.472222
artic_working1.bmp
  26 -32.325587 -2.130525 54.312860 -0.539794 0.018866 0.841586 0.199609 0.472222
  27 -34.033736 -2.911761 53.236088 -0.913924 -0.290839 0.283118 0.234834 0.494048
  26 -32.358191 -3.031960 54.325158 0.077719 -0.907615 0.412547 0.209393 0.460317
artic_working1.bmp
  31 -28.992244 -2.698811 54.286013 -0.113337 -0.986462 -0.118522 0.252446 0.382937
  31 -28.934071 -0.295087 52.742210 -0.232433 -0.375478 -0.897213 0.281800 0.382937
  24 -23.266291 -3.851864 53.168728 -0.128768 -0.755158 -0.642772 0.275930 0.283730
artic_working1.bmp
  24 -23.266291 -3.851864 53.168728 -0.128768 -0.755158 -0.642772 0.275930 0.283730
  31 -28.934071 -0.295087 52.742210 -0.232433 -0.375478 -0.897213 0.281800 0.382937
  32 -21.991224 -0.538990 52.053197 -0.098537 -0.248219 -0.963679 0.297456 0.259921
artic_working1.bmp
  33 -11.994215 3.503398 53.970453 -0.090102 0.941719 -0.324109 0.084149 0.071429
  35 -9.370251 2.506169 57.904588 -0.239842 0.782438 0.574688 0.158513 0.021825
  34 -9.810541 3.463853 53.622721 -0.353740 0.911666 -0.209125 0.078278 0.031746
artic_working1.bmp
  34 -9.810541 3.463853 53.622721 -0.353740 0.911666 -0.209125 0.078278 0.031746
  35 -9.370251 2.506169 57.904588 -0.239842 0.782438 0.574688 0.158513 0.021825
  34 -8.273175 4.528555 52.616235 -0.465211 0.820429 -0.332378 0.060665 0.003968
artic_working1.bmp
  47 -9.876610 2.569661 -0.033826 -0.000732 0.002634 -0.999996 0.367906 0.156746
  47 -6.776610 2.709669 -0.043784 -0.000732 0.002634 -0.999996 0.324853 0.154762
  47 -10.526606 -0.080329 -0.064741 -0.000732 0.002634 -0.999996 0.375734 0.192460
artic_working1.bmp
  47 -10.526606 -0.080329 -0.064741 -0.000732 0.002634 -0.999996 0.375734 0.192460
  47 -6.776610 2.709669 -0.043784 -0.000732 0.002634 -0.999996 0.324853 0.154762
  47 -5.886607 0.279678 -0.064626 -0.000732 0.002634 -0.999996 0.313112 0.186508
artic_working1.bmp
  46 -7.256178 2.331429 8.917719 -0.726984 0.686523 0.013457 0.363992 0.996032
  47 -7.966600 1.658116 4.445855 -0.566853 0.804913 0.175477 0.373777 0.974206
  46 -9.631349 -0.185824 8.488064 -0.943955 0.326599 0.047772 0.346380 0.996032
artic_working1.bmp
  46 -9.631349 -0.185824 8.488064 -0.943955 0.326599 0.047772 0.346380 0.996032
  47 -7.966600 1.658116 4.445855 -0.566853 0.804913 0.175477 0.373777 0.974206
  49 -9.894795 -0.322542 4.640141 -0.959964 0.006812 0.280042 0.348337 0.956349
artic_working1.bmp
  55 0.933868 -2.196598 63.046082 0.951440 0.214032 -0.221251 0.346380 0.607143
  55 0.853868 -1.776611 63.086226 0.951371 0.158850 -0.263930 0.354207 0.611111
  55 1.173865 -2.406870 63.836010 0.951440 0.214032 -0.221251 0.338552 0.621032
artic_working1.bmp
  55 1.173865 -2.406870 63.836010 0.951440 0.214032 -0.221251 0.338552 0.621032
  55 0.853868 -1.776611 63.086226 0.951371 0.158850 -0.263930 0.354207 0.611111
  55 1.103866 -2.086880 63.866120 0.951371 0.158850 -0.263930 0.344423 0.623016
artic_working1.bmp
  55 -0.716129 -0.166680 63.296776 0.164176 0.986340 0.013436 0.385519 0.632937
  55 0.063869 -0.306929 64.016729 0.386516 0.912368 -0.134868 0.373777 0.644841
  55 -0.226129 -0.376619 63.116705 0.490664 0.851129 -0.186624 0.379648 0.628968
artic_working1.bmp
  55 -0.226129 -0.376619 63.116705 0.490664 0.851129 -0.186624 0.379648 0.628968
  55 0.063869 -0.306929 64.016729 0.386516 0.912368 -0.134868 0.373777 0.644841
  55 0.923868 -0.976948 64.066501 0.750864 0.611957 -0.248418 0.362035 0.634921
artic_working1.bmp
  57 -0.296134 -1.547029 64.308302 -0.959265 -0.062465 -0.275514 0.107632 0.623016
  57 -0.076136 -2.337115 64.558031 -0.936637 -0.294804 -0.189216 0.117417 0.621032
  57 -0.396135 -1.407235 64.908350 -0.961206 -0.119773 -0.248469 0.107632 0.640873
artic_working1.bmp
  57 -0.396135 -1.407235 64.908350 -0.961206 -0.119773 -0.248469 0.107632 0.640873
  57 -0.076136 -2.337115 64.558031 -0.936637 -0.294804 -0.189216 0.117417 0.621032
  57 -0.246138 -2.367366 65.288021 -0.967277 -0.199812 -0.156369 0.117417 0.640873
artic_working1.bmp
  58 -0.786135 -0.197592 65.949765 -0.947498 -0.201865 -0.247987 0.119374 0.632937
  58 -0.656133 -0.047383 65.339817 -0.947498 -0.201865 -0.247987 0.115460 0.617063
  58 -0.566136 -1.067551 65.829467 -0.942858 -0.251005 -0.219125 0.127202 0.636905
artic_working1.bmp
  58 -0.566136 -1.067551 65.829467 -0.942858 -0.251005 -0.219125 0.127202 0.636905
  58 -0.656133 -0.047383 65.339817 -0.947498 -0.201865 -0.247987 0.115460 0.617063
  58 -0.476135 -0.967352 65.249501 -0.934716 -0.290960 -0.204079 0.131115 0.619048
artic_working1.bmp
  59 -0.556134 -1.167163 64.700432 -0.770444 -0.598098 -0.220669 0.154599 0.603175
  59 -0.506136 -1.457397 65.380333 -0.711106 -0.674199 -0.199460 0.160470 0.617063
  59 -0.926135 -0.797430 65.480559 -0.840911 -0.492423 -0.224474 0.148728 0.613095
artic_working1.bmp
  59 -0.926135 -0.797430 65.480559 -0.840911 -0.492423 -0.224474 0.148728 0.613095
  59 -0.506136 -1.457397 65.380333 -0.711106 -0.674199 -0.199460 0.160470 0.617063
  59 -0.916136 -0.997537 65.790490 -0.828404 -0.473292 -0.299569 0.152642 0.621032
artic_working1.bmp
  60 1.283865 -1.287305 65.101395 0.612937 -0.789074 0.040875 0.244618 0.690476
  60 1.773866 -0.807347 65.221561 0.706196 -0.689841 -0.159391 0.258317 0.694444
  60 1.193864 -1.427408 65.401347 0.541932 -0.826555 -0.152042 0.242661 0.698413
artic_working1.bmp
  60 1.193864 -1.427408 65.401347 0.541932 -0.826555 -0.152042 0.242661 0.698413
  60 1.773866 -0.807347 65.221561 0.706196 -0.689841 -0.159391 0.258317 0.694444
  60 1.713865 -0.967453 65.531506 0.701572 -0.671547 0.238373 0.254403 0.700397
artic_working1.bmp
  63 1.083866 -0.207505 65.684766 0.370592 0.921949 0.112572 0.375734 0.716270
  63 -0.376132 0.232691 65.124914 0.239262 0.966223 0.095741 0.395303 0.704365
  63 0.533865 -0.187693 66.234772 0.244555 0.956308 0.160209 0.383562 0.726190
artic_working1.bmp
  63 0.533865 -0.187693 66.234772 0.244555 0.956308 0.160209 0.383562 0.726190
  63 -0.376132 0.232691 65.124914 0.239262 0.966223 0.095741 0.395303 0.704365
  63 -0.336134 0.112419 65.914873 0.274536 0.952256 0.133562 0.395303 0.718254
artic_working1.bmp
  63 0.973871 -0.356700 63.344714 0.444002 0.830946 -0.335247 0.375734 0.682540
  63 2.083868 -1.096868 63.824463 0.636559 0.688932 -0.346649 0.362035 0.684524
  63 0.953871 -0.806515 62.804560 0.614013 0.610333 -0.500482 0.373777 0.668651
artic_working1.bmp
  63 0.953871 -0.806515 62.804560 0.614013 0.610333 -0.500482 0.373777 0.668651
  63 2.083868 -1.096868 63.824463 0.636559 0.688932 -0.346649 0.362035 0.684524
  63 1.973869 -1.346706 63.354376 0.614013 0.610333 -0.500482 0.360078 0.672619
artic_working1.bmp
  66 -0.426136 -1.907234 64.907178 -0.852894 -0.509523 0.113833 0.140900 0.700397
  66 0.163862 -2.367342 65.217022 -0.672093 -0.606573 0.424689 0.156556 0.708333
  66 -0.256137 -1.537548 65.817306 -0.803606 -0.456075 0.382378 0.142857 0.720238
artic_working1.bmp
  66 -0.256137 -1.537548 65.817306 -0.803606 -0.456075 0.382378 0.142857 0.720238
  66 0.163862 -2.367342 65.217022 -0.672093 -0.606573 0.424689 0.156556 0.708333
  66 0.323861 -1.977635 66.067156 -0.672093 -0.606573 0.424689 0.158513 0.726190
artic_working1.bmp
  66 -0.706134 -0.667368 65.297604 -0.943920 -0.194516 0.266793 0.129159 0.708333
  66 -0.426136 -0.367647 66.107708 -0.946973 -0.125940 0.295602 0.133072 0.730159
  66 -0.636133 0.472553 65.527996 -0.966875 -0.073331 0.244490 0.115460 0.716270
artic_working1.bmp
  66 -0.636133 0.472553 65.527996 -0.966875 -0.073331 0.244490 0.115460 0.716270
  66 -0.426136 -0.367647 66.107708 -0.946973 -0.125940 0.295602 0.133072 0.730159
  66 -0.516134 0.452298 66.267989 -0.978185 -0.136013 0.157017 0.115460 0.734127
artic_working1.bmp
  71 1.613868 -0.637086 64.462620 0.566109 0.772612 0.287386 0.365949 0.738095
  71 1.143866 -0.577288 65.052639 0.523883 0.657811 0.541138 0.373777 0.748016
  71 1.683865 -1.207265 64.982424 0.684327 0.515920 0.515289 0.360078 0.750000
artic_working1.bmp
  71 1.683865 -1.207265 64.982424 0.684327 0.515920 0.515289 0.360078 0.750000
  71 1.143866 -0.577288 65.052639 0.523883 0.657811 0.541138 0.373777 0.748016
  71 1.473864 -1.387415 65.422361 0.526912 0.448049 0.722230 0.362035 0.757937
artic_working1.bmp
  72 0.293863 -1.337503 65.683376 -0.045364 0.156363 0.986657 0.072407 0.807540
  72 0.283867 0.172580 65.443895 -0.020955 0.251530 0.967623 0.027397 0.791667
  72 -0.336132 0.322598 65.393945 -0.070737 0.232794 0.969950 0.041096 0.787698
artic_working1.bmp
  72 -0.336132 0.322598 65.393945 -0.070737 0.232794 0.969950 0.041096 0.787698
  72 0.283867 0.172580 65.443895 -0.020955 0.251530 0.967623 0.027397 0.791667
  72 0.283870 1.062693 65.114201 0.003665 0.344178 0.938897 0.023483 0.781746
artic_working1.bmp
  72 0.293863 -1.337503 65.683376 0.067977 0.033248 0.997133 0.326810 0.811508
  72 0.883867 0.312599 65.383944 0.061584 0.217932 0.974019 0.369863 0.785714
  72 0.283867 0.172580 65.443895 0.036336 0.251725 0.967116 0.391389 0.791667
artic_working1.bmp
  72 0.283867 0.172580 65.443895 0.036336 0.251725 0.967116 0.391389 0.791667
  72 0.883867 0.312599 65.383944 0.061584 0.217932 0.974019 0.369863 0.785714
  72 0.283870 1.062693 65.114201 0.003665 0.344178 0.938897 0.393346 0.779762
artic_working1.bmp
  5 8.763856 -4.271113 51.002514 0.237477 -0.958568 0.157327 0.970646 0.728175
  21 9.415611 -3.280829 56.499686 0.088828 -0.694281 0.714201 0.994129 0.809524
  8 6.366183 -3.876561 56.804109 0.153236 -0.707703 0.689692 0.949119 0.807540
artic_working1.bmp
  5 0.243852 -6.850380 50.379531 0.000612 -0.993459 0.114188 0.866928 0.722222
  5 0.243859 -5.286340 55.521348 0.001317 -0.917079 0.398704 0.866928 0.791667
  5 -7.996144 -4.321205 51.102472 -0.559301 -0.827517 0.048963 0.749511 0.744048
artic_working1.bmp
  37 -2.014174 6.334865 40.249921 -0.136959 0.953400 0.268831 0.547945 0.583333
  37 -5.620361 5.197453 39.602917 -0.667517 0.698594 0.257656 0.610568 0.575397
  2 -4.266139 5.219601 41.737274 -0.504741 0.815857 0.282160 0.600783 0.603175
artic_working1.bmp
  3 6.593849 -5.230927 45.154380 0.303620 -0.945734 -0.115766 0.951076 0.652778
  2 1.633844 -6.050054 41.405048 0.183811 -0.975095 -0.124106 0.886497 0.601190
  2 6.213848 -3.990972 42.247277 0.413434 -0.902934 -0.117397 0.947162 0.613095
artic_working1.bmp
  2 4.913860 5.229577 41.747276 0.083263 0.986531 0.140795 0.440313 0.603175
  38 5.916946 5.320892 39.413853 0.371462 0.914282 0.161569 0.434442 0.575397
  38 2.230612 6.480828 39.965299 0.129751 0.926931 0.352084 0.493151 0.583333
artic_working1.bmp
  39 3.251890 -5.368897 35.875929 0.097318 -0.995192 -0.011077 0.729941 0.458333
  39 6.700369 -5.505397 28.447129 0.569620 -0.820528 0.047621 0.786693 0.323413
  39 7.253468 -0.149396 36.758413 0.976602 -0.025373 0.213552 0.814090 0.460317
artic_working1.bmp
  8 6.666981 3.553228 57.387430 0.132898 0.215141 0.967498 0.951076 0.908730
  36 3.453875 3.413250 58.637576 0.355590 0.118083 0.927153 0.909980 0.906746
  36 3.893871 0.212973 58.873866 0.193806 -0.092882 0.976633 0.915851 0.865079
artic_working1.bmp
  5 7.793871 5.628743 51.133992 0.925792 0.250383 -0.283229 0.618395 0.730159
  21 8.736737 4.606950 52.767357 0.897527 0.236531 -0.372154 0.632094 0.748016
  5 8.653861 -0.099458 49.577349 0.960869 0.134079 -0.242393 0.692759 0.710317
artic_working1.bmp
  5 0.253888 10.938131 60.300161 -0.002405 0.970158 0.242461 0.663405 0.974206
  5 5.383884 7.997916 60.476747 0.828891 0.296105 0.474617 0.716243 0.946429
  5 4.453881 8.852508 56.517736 0.705304 0.631103 -0.322886 0.727984 0.970238
artic_working1.bmp
  39 6.608095 5.867832 32.478661 0.472376 0.873593 0.117033 0.424658 0.480159
  39 3.470480 7.526121 32.806002 0.196569 0.967975 0.156155 0.477495 0.484127
  38 5.916946 5.320892 39.413853 0.371462 0.914282 0.161569 0.434442 0.575397
artic_working1.bmp
  45 -2.753193 -5.358114 35.880781 -0.100572 -0.994872 -0.010681 0.634051 0.458333
  45 -6.899270 -0.094083 36.597323 -0.968555 -0.033683 0.246509 0.540117 0.460317
  45 -6.396638 -5.490749 28.286519 -0.560708 -0.826677 0.047023 0.585127 0.325397
artic_working1.bmp
  36 -2.926125 3.433282 58.617606 -0.179301 0.810857 0.557102 0.559687 0.829365
  36 0.253876 4.774343 57.699157 0.000364 0.897106 0.441816 0.518591 0.817460
  22 -6.140090 3.563209 57.401560 -0.238801 0.896955 0.372084 0.602740 0.813492
artic_working1.bmp
  3 -4.586156 -6.778761 43.232658 -0.010522 0.095624 -0.995362 0.007828 0.202381
  3 -4.306153 -5.408896 43.354191 -0.010522 0.095624 -0.995362 0.037182 0.202381
  3 -2.316154 -5.788843 43.303763 0.580328 -0.025563 -0.813982 0.035225 0.253968
artic_working1.bmp
  5 0.253877 8.787244 52.437662 0.005286 0.761575 -0.648055 0.663405 1.000000
  5 -3.876120 8.852683 56.377745 -0.705289 0.631021 -0.323079 0.596869 0.970238
  5 0.253882 10.814472 54.830013 0.001384 0.937975 -0.346701 0.663405 0.992063
artic_working1.bmp
  5 0.253880 6.869861 58.805443 0.003550 -0.448201 0.893926 0.665362 0.922619
  5 2.493886 9.407050 61.228384 0.140864 0.014346 0.989925 0.686888 0.954365
  5 -1.956114 9.407045 61.238388 -0.140207 0.014967 0.990009 0.641879 0.954365
artic_working1.bmp
  35 -9.249497 -3.339939 56.526709 -0.082067 -0.693376 0.715887 0.735812 0.805556
  22 -7.822502 0.052900 58.246144 -0.029934 -0.109382 0.993549 0.759295 0.861111
  35 -9.540593 -0.078205 58.360764 0.078128 -0.164152 0.983336 0.735812 0.859127
artic_working1.bmp
  18 22.459385 -0.549449 52.072878 0.095161 -0.259723 -0.960983 0.297456 0.259921
  10 20.111163 -3.228513 52.525120 -0.004233 -0.808910 -0.587918 0.291585 0.216270
  9 17.733077 -0.585471 51.846807 0.057241 -0.335758 -0.940207 0.307241 0.172619
artic_working1.bmp
  16 34.577838 1.023219 55.201614 0.015305 0.783175 -0.621613 0.084149 0.494048
  11 33.323059 1.279676 55.233959 0.431342 0.595423 -0.677802 0.084149 0.472222
  11 33.372675 1.242381 56.878966 0.148765 0.623093 0.767870 0.101761 0.470238
artic_working1.bmp
  16 35.109391 -2.108136 56.016087 0.388802 -0.803472 0.450850 0.170254 0.500000
  11 33.372675 1.242381 56.878966 0.148765 0.623093 0.767870 0.101761 0.470238
  11 33.392479 -2.119127 56.944285 0.063727 -0.731700 0.678641 0.172211 0.470238
artic_working1.bmp
  17 29.409176 -0.387558 56.586055 0.003238 0.032852 0.999455 0.174168 0.380952
  10 23.842866 -3.552973 56.646141 0.086318 -0.831635 0.548573 0.209393 0.281746
  17 29.458588 -2.708363 54.275034 0.115363 -0.986182 -0.118897 0.252446 0.382937
artic_working1.bmp
  15 36.575817 -1.652042 54.731657 0.730797 -0.392180 0.558686 0.170254 0.523810
  16 35.109391 -2.108136 56.016087 0.388802 -0.803472 0.450850 0.170254 0.500000
  15 36.239987 -1.646779 54.320572 0.174549 -0.973390 -0.148471 0.183953 0.525794
artic_working1.bmp
  15 35.927767 0.652081 54.336751 0.004280 0.389901 -0.920847 0.086106 0.519841
  16 34.577838 1.023219 55.201614 0.015305 0.783175 -0.621613 0.084149 0.494048
  15 36.221832 0.646913 54.731844 0.478871 0.863169 0.160069 0.099804 0.519841
artic_working1.bmp
  21 10.279528 3.453567 53.652572 0.367324 0.904949 -0.214802 0.056751 0.031746
  19 12.462404 -0.405472 51.005786 0.294362 0.643045 -0.706997 0.029354 0.073413
  21 8.736737 4.606950 52.767357 0.682580 0.633842 -0.363770 0.000000 0.003968
artic_working1.bmp
  19 12.462404 -0.405472 51.005786 0.336479 0.524310 -0.782229 0.056751 0.031746
  5 8.653861 -0.099458 49.577349 0.336479 0.524310 -0.782229 0.000000 0.003968
  21 8.736737 4.606950 52.767357 0.492473 0.806133 -0.328054 0.060665 0.003968
artic_working1.bmp
  46 -6.434275 3.613540 17.480987 -0.007925 0.997480 0.070511 0.465753 0.154762
  46 -11.288030 -0.559942 11.142879 -0.988054 -0.097866 -0.119044 0.534247 0.039683
  46 -8.983125 -0.750067 19.058672 -0.993035 -0.013752 0.117013 0.536204 0.172619
artic_working1.bmp
  46 -3.092711 -0.593249 10.464102 0.699008 -0.628411 -0.341303 0.669276 0.041667
  46 -7.445315 -2.978804 8.611032 -0.066827 -0.735852 -0.673837 0.604697 0.007937
  46 -5.135961 -0.407629 8.213486 0.568326 -0.597890 -0.565272 0.663405 0.003968
artic_working1.bmp
  40 6.706820 3.609547 17.503870 0.010926 0.998020 0.061936 0.882583 0.148810
  40 9.234378 -0.744871 19.089396 0.996061 -0.020304 0.086314 0.819961 0.168651
  40 11.029725 -0.888819 11.136666 0.989100 -0.093986 -0.113345 0.823875 0.037698
artic_working1.bmp
  41 8.144200 1.668101 4.575836 0.568509 0.805089 0.169204 0.373777 0.974206
  41 10.044195 2.569656 0.086146 0.633688 0.716748 0.291053 0.403131 0.934524
  41 6.934195 2.699648 0.096193 0.041355 0.976048 0.213589 0.403131 0.972222
artic_working1.bmp
  43 10.058221 -0.318770 4.772484 0.961516 0.003146 0.274731 0.348337 0.956349
  41 8.304206 -2.312103 5.164459 0.076143 -0.741438 0.666688 0.320939 0.932540
  41 10.574207 -4.541204 2.573686 0.785548 -0.226935 0.575687 0.354207 0.896825
artic_working1.bmp
  41 8.144200 1.668101 4.575836 -0.766927 0.639895 -0.048547 0.273973 0.970238
  40 5.349030 -0.397118 8.300043 -0.932823 0.224920 -0.281517 0.305284 0.996032
  40 7.479143 2.341954 9.005663 -0.749898 0.637786 -0.175732 0.281800 1.000000
artic_working1.bmp
  36 2.713870 0.283600 58.333949 0.905771 -0.392792 0.159040 0.326810 0.553571
  36 1.263866 -2.886801 58.680275 0.538778 -0.780867 0.316173 0.228963 0.553571
  36 1.263864 -3.275699 57.729823 0.344625 -0.876873 0.335154 0.228963 0.537698
artic_working1.bmp
  36 1.263864 -3.275699 57.729823 -0.460819 -0.358395 0.811911 0.493151 0.867063
  36 2.143863 -4.006013 57.998976 0.139429 -0.814403 0.563300 0.500978 0.863095
  36 3.863868 -1.947860 59.591362 -0.065445 -0.529242 0.845943 0.524462 0.906746
artic_working1.bmp
  30 -34.030372 -2.097438 55.192073 0.342300 -0.017701 -0.939424 0.019569 0.492063
  30 -34.102100 1.023391 55.183357 -0.014915 0.778255 -0.627771 0.084149 0.494048
  25 -32.834217 -2.080657 55.214345 -0.321663 -0.004004 -0.946846 0.017613 0.472222
artic_working1.bmp
  31 -28.934071 -0.295087 52.742210 0.079597 0.654700 -0.751687 0.066536 0.380952
  31 -29.378863 1.022175 53.825483 -0.360026 0.791314 -0.494170 0.088063 0.400794
  31 -29.117564 1.761039 54.809303 -0.081649 0.994735 -0.061935 0.109589 0.388889
artic_working1.bmp
  26 -31.318088 -2.063423 52.901002 -0.118020 0.317944 -0.940735 0.019569 0.446429
  26 -32.325587 -2.130525 54.312860 -0.682418 0.185154 -0.707124 0.017613 0.460317
  25 -31.344396 0.675316 54.533431 -0.351119 0.270635 -0.896366 0.064579 0.446429
artic_working1.bmp
  33 -11.984409 -0.388890 50.996685 -0.331139 0.509699 -0.794074 0.078278 0.031746
  34 -8.273175 4.528555 52.616235 -0.465211 0.820429 -0.332378 0.060665 0.003968
  5 -8.236140 -0.149433 49.577308 -0.331139 0.509699 -0.794074 0.000000 0.003968
artic_working1.bmp
  47 -7.966600 1.658116 4.445855 0.768511 0.637487 -0.054779 0.273973 0.970238
  46 -7.256178 2.331429 8.917719 0.740522 0.645836 -0.185804 0.281800 1.000000
  46 -5.135961 -0.407629 8.213486 0.930521 0.219260 -0.293354 0.305284 0.996032
artic_working1.bmp
  53 -0.096136 -2.197189 64.774079 0.484928 -0.874297 -0.021210 0.232877 0.621032
  53 0.323865 -2.047074 64.434132 0.401323 -0.891124 -0.211748 0.250489 0.615079
  53 0.143863 -2.137290 65.064101 0.314395 -0.948902 -0.027206 0.240705 0.630952
artic_working1.bmp
  53 -0.106134 -2.176784 63.594086 0.258714 -0.961502 0.092636 0.234834 0.601190
  53 -0.316134 -2.196897 63.924079 0.273324 -0.958631 -0.079508 0.227006 0.605159
  53 -0.586134 -2.276776 63.574051 0.199155 -0.970863 0.133274 0.221135 0.601190
artic_working1.bmp
  53 -0.156135 -2.277038 64.334052 0.580361 -0.811160 -0.072120 0.228963 0.615079
  53 -0.116135 -2.226987 64.184069 0.480578 -0.835273 -0.267139 0.232877 0.611111
  53 0.093865 -2.066970 64.134125 0.545642 -0.829515 -0.119080 0.238748 0.607143
artic_working1.bmp
  54 1.123863 -0.637718 66.305618 0.832051 -0.496957 0.246426 0.317025 0.684524
  54 1.003862 -1.797587 65.925219 0.991920 -0.122371 -0.033453 0.303327 0.668651
  54 1.123865 -0.737447 65.515584 0.975188 -0.208470 -0.074485 0.315068 0.664683
artic_working1.bmp
  54 1.293863 -0.377794 66.525708 0.473800 -0.637104 0.607958 0.320939 0.690476
  54 1.413864 -0.077853 66.695811 0.550209 -0.252415 0.795962 0.324853 0.696429
  54 1.323864 -0.107842 66.665801 -0.388346 0.032552 0.920938 0.324853 0.694444
artic_working1.bmp
  55 1.303865 -1.917128 64.586179 0.959313 0.079010 -0.271065 0.344423 0.640873
  55 1.113867 -1.406959 64.096354 0.930345 0.237713 -0.279198 0.354207 0.632937
  55 1.483864 -1.437420 65.436344 0.951440 0.214032 -0.221251 0.348337 0.666667
artic_working1.bmp
  55 1.033866 -0.737354 65.246584 0.626331 0.718200 -0.303147 0.362035 0.662698
  55 0.093868 -0.217101 64.516760 0.386431 0.884647 -0.260904 0.373777 0.656746
  55 0.203868 -0.057284 65.046816 0.375412 0.828594 -0.415329 0.373777 0.668651
artic_working1.bmp
  57 0.313865 -2.776807 63.657881 -0.897624 -0.290172 -0.331770 0.131115 0.599206
  57 0.203867 -2.006717 63.398145 -0.880483 -0.254877 -0.399734 0.119374 0.595238
  57 0.503867 -2.406584 63.008009 -0.862819 -0.253936 -0.437104 0.131115 0.587302
artic_working1.bmp
  57 0.373868 -2.056608 63.078129 -0.793757 -0.107504 -0.598659 0.121331 0.587302
  57 0.583869 -1.626539 62.878277 -0.712129 -0.068355 -0.698713 0.107632 0.587302
  57 0.753869 -1.936495 62.748171 -0.652922 -0.026479 -0.756962 0.117417 0.577381
artic_working1.bmp
  57 0.333870 0.682901 64.509070 -0.907834 0.325729 -0.264081 0.060665 0.632937
  57 0.613873 0.653261 63.459061 -0.907834 0.325729 -0.264081 0.054795 0.613095
  57 0.483872 0.193299 63.348902 -0.907834 0.325729 -0.264081 0.062622 0.607143
artic_working1.bmp
  58 1.223871 -0.696596 63.039598 -0.726180 -0.627944 -0.279909 0.178082 0.559524
  58 1.243870 -0.766637 63.159574 -0.572049 -0.317011 -0.756481 0.180039 0.561508
  58 0.643871 -0.166705 63.359779 -0.534157 -0.181878 -0.825589 0.140900 0.563492
artic_working1.bmp
  59 -0.476131 -0.796902 63.940560 -0.909472 -0.363781 -0.201308 0.170254 0.583333
  59 -0.386134 -1.277057 64.390395 -0.819867 -0.557849 -0.128932 0.160470 0.597222
  59 -0.556134 -1.167163 64.700432 -0.770444 -0.598098 -0.220669 0.154599 0.603175
artic_working1.bmp
  60 0.363864 -1.737354 65.251239 0.365208 -0.928954 -0.060563 0.225049 0.694444
  60 -0.246136 -1.847264 64.991199 0.186311 -0.974832 0.122433 0.215264 0.688492
  60 0.813865 -1.597245 64.931288 0.356326 -0.922771 0.146717 0.234834 0.686508
artic_working1.bmp
  60 -0.436136 -1.977150 64.661154 0.572526 -0.787144 0.229385 0.211350 0.682540
  60 -0.206134 -2.086848 63.781117 0.867974 -0.451044 0.207801 0.217221 0.668651
  60 -0.276134 -1.806910 63.961213 0.811736 -0.583824 0.015269 0.215264 0.670635
artic_working1.bmp
  60 -1.216138 -1.577592 65.951290 -0.224267 -0.831514 0.508222 0.191781 0.710317
  60 -1.246137 -1.697516 65.731249 -0.188274 -0.960217 0.206244 0.191781 0.706349
  60 -0.496138 -1.797583 65.921216 -0.112926 -0.962093 0.248242 0.207436 0.708333
artic_working1.bmp
  60 1.993869 -0.286949 64.061741 0.866833 -0.334057 -0.370143 0.270059 0.664683
  60 1.753868 -0.926952 64.071520 0.776788 -0.605253 -0.173981 0.260274 0.666667
  60 1.363870 -0.906635 63.151526 0.670786 -0.659676 -0.338930 0.258317 0.644841
artic_working1.bmp
  60 0.123871 -1.356412 62.511369 0.579080 -0.814892 -0.024855 0.225049 0.636905
  60 -0.136130 -1.506508 62.791317 0.406178 -0.766108 -0.498094 0.219178 0.644841
  60 -0.186130 -1.516412 62.511313 0.365208 -0.928954 -0.060563 0.217221 0.640873
artic_working1.bmp
  60 -1.046131 -1.606613 63.101280 -0.901618 -0.432470 -0.007448 0.195695 0.652778
  60 -1.006131 -1.636589 63.031270 -0.694997 -0.426552 -0.578820 0.195695 0.650794
  60 -0.866132 -2.046620 63.121129 -0.828593 -0.491941 -0.267259 0.199609 0.656746
artic_working1.bmp
  60 -0.456130 -1.606414 62.521282 -0.285510 -0.955066 -0.079577 0.209393 0.640873
  60 -0.476131 -1.626514 62.811275 -0.374795 -0.729760 -0.571820 0.209393 0.646825
  60 -0.736130 -1.516421 62.541312 -0.371929 -0.924421 -0.084354 0.201566 0.640873
artic_working1.bmp
  60 0.353871 -1.096371 62.391459 0.591859 -0.790950 -0.155244 0.232877 0.621032
  60 0.203870 -1.296519 62.821390 0.586831 -0.752966 -0.297778 0.227006 0.644841
  60 0.123871 -1.356412 62.511369 0.579080 -0.814892 -0.024855 0.225049 0.636905
artic_working1.bmp
  60 -0.276132 -2.146573 62.981096 0.481766 -0.470804 -0.739084 0.215264 0.654762
  60 -0.456132 -2.226559 62.941068 0.373749 -0.471123 -0.798971 0.209393 0.654762
  60 -0.466131 -1.936538 62.881168 0.309250 -0.186385 -0.932537 0.209393 0.650794
artic_working1.bmp
  60 -0.676133 -2.266648 63.201054 -0.659342 -0.743959 -0.108597 0.203523 0.658730
  60 -0.466133 -2.426679 63.291000 -0.599838 -0.797249 -0.067741 0.209393 0.662698
  60 -0.476134 -2.386727 63.431013 -0.670004 -0.713175 0.206098 0.209393 0.664683
artic_working1.bmp
  60 -0.676136 -1.987146 64.651150 -0.510587 -0.819586 0.259962 0.203523 0.682540
  60 -0.576136 -2.037143 64.641133 -0.122392 -0.940850 0.315946 0.207436 0.682540
  60 -0.586136 -1.917249 64.951175 -0.120619 -0.927832 0.352957 0.205479 0.688492
artic_working1.bmp
  61 0.953872 -0.396493 62.742701 0.961666 -0.106688 -0.252620 0.299413 0.644841
  61 1.173871 -0.286769 63.542739 0.979392 -0.134680 -0.150505 0.301370 0.668651
  61 0.953869 -1.416638 63.162350 0.963291 -0.226530 -0.144063 0.281800 0.660714
artic_working1.bmp
  61 0.683867 -2.126658 63.222105 0.880956 -0.455111 -0.129579 0.272016 0.666667
  61 0.953869 -1.416638 63.162350 0.963291 -0.226530 -0.144063 0.281800 0.660714
  61 0.863867 -1.826765 63.532209 0.936410 -0.339269 -0.089627 0.279843 0.674603
artic_working1.bmp
  61 0.543862 -1.477702 66.262328 0.777269 -0.448789 0.440955 0.268102 0.738095
  61 0.143861 -2.267516 65.722056 0.598273 -0.656380 0.459603 0.254403 0.726190
  61 0.763863 -1.867431 65.472195 0.783927 -0.479392 0.394514 0.270059 0.718254
artic_working1.bmp
  62 1.253864 -1.787271 65.003223 0.984649 -0.112020 0.133858 0.320939 0.714286
  62 1.103864 -0.727580 65.903587 0.982866 0.041376 0.179617 0.340509 0.726190
  62 1.043862 -1.587649 66.103292 0.975105 -0.115433 0.189328 0.326810 0.734127
artic_working1.bmp
  62 0.443873 -0.026548 62.903827 0.840886 0.384251 -0.381132 0.356164 0.660714
  62 0.533872 0.253298 63.353923 0.840886 0.384251 -0.381132 0.358121 0.672619
  62 0.983870 -0.346834 63.733718 0.905338 0.315571 -0.284216 0.344423 0.682540
artic_working1.bmp
  63 0.973871 -0.356700 63.344714 0.444002 0.830946 -0.335247 0.375734 0.682540
  63 -0.366128 -0.086629 63.144804 0.232701 0.928865 -0.288201 0.395303 0.678571
  63 -0.396130 0.213048 64.084907 0.233639 0.953917 -0.188294 0.395303 0.692460
artic_working1.bmp
  63 -1.196135 -0.217665 66.164757 -0.301051 0.937996 0.171846 0.031311 0.726190
  63 -0.336134 0.112419 65.914873 -0.301051 0.937996 0.171846 0.021526 0.720238
  63 -0.376132 0.232691 65.124914 -0.321024 0.942893 0.088862 0.021526 0.704365
artic_working1.bmp
  64 -0.746133 -1.846776 63.575198 -0.956587 0.222320 -0.188454 0.084149 0.692460
  64 -0.836134 -1.796948 64.075215 -0.994273 0.055934 -0.091059 0.084149 0.706349
  64 -0.516131 -1.266612 63.095398 -0.932681 0.154107 -0.326125 0.072407 0.676587
artic_working1.bmp
  65 -1.036129 0.293087 63.976933 -0.600730 0.793041 -0.101045 0.086106 0.680556
  65 -1.136130 0.242963 64.336916 -0.111786 0.847408 0.519041 0.088063 0.688492
  65 -0.826130 0.243021 64.166916 0.423631 0.822242 0.380072 0.086106 0.684524
artic_working1.bmp
  65 -0.546129 0.163096 63.946890 -0.233287 0.970110 -0.066817 0.084149 0.678571
  65 -0.276128 -0.036643 63.186821 -0.371025 0.856013 -0.359975 0.084149 0.656746
  65 -0.516128 0.063391 63.086855 0.306475 0.942000 -0.136781 0.084149 0.656746
artic_working1.bmp
  65 -0.986132 -0.617075 64.446620 -0.439432 -0.706782 0.554400 0.099804 0.692460
  65 -0.806132 -0.926955 64.096514 -0.945199 -0.322246 -0.052505 0.103718 0.682540
  65 -0.856132 -0.607048 64.366624 0.783773 -0.317299 0.533874 0.099804 0.690476
artic_working1.bmp
  65 -0.516134 -2.096828 63.726113 -0.967102 -0.188429 -0.170902 0.113503 0.666667
  65 -0.806132 -0.926955 64.096514 -0.945199 -0.322246 -0.052505 0.103718 0.682540
  65 -0.566130 -1.056646 63.196470 -0.931935 -0.277661 -0.233243 0.105675 0.656746
artic_working1.bmp
  67 0.953861 -2.177544 65.798089 -0.277045 -0.878687 0.388786 0.191781 0.706349
  67 0.193862 -1.987508 65.698152 -0.416487 -0.879446 0.230464 0.176125 0.704365
  67 0.973862 -2.187423 65.448085 -0.244618 -0.965166 -0.092821 0.191781 0.698413
artic_working1.bmp
  67 0.073864 -1.857311 65.128197 -0.460786 -0.884696 0.070639 0.172211 0.692460
  67 -0.346135 -1.747122 64.578234 -0.626573 -0.775231 0.080149 0.164384 0.678571
  67 0.363864 -2.037157 64.678136 -0.255794 -0.965832 0.041690 0.180039 0.682540
artic_working1.bmp
  67 0.243862 -1.667642 66.088262 -0.474214 -0.641323 0.603180 0.174168 0.714286
  67 0.213862 -1.837576 65.898204 -0.421563 -0.675042 0.605478 0.174168 0.710317
  67 0.963861 -2.047616 66.008133 -0.288867 -0.745398 0.600780 0.189824 0.712302
artic_working1.bmp
  67 0.833870 -1.496454 62.628322 -0.149847 -0.861416 -0.485291 0.183953 0.625000
  67 1.003869 -1.726571 62.968244 -0.368318 -0.906970 -0.204323 0.187867 0.646825
  67 0.573870 -1.486471 62.678325 -0.246283 -0.920285 -0.304007 0.172211 0.634921
artic_working1.bmp
  68 -0.346136 -0.777593 65.949567 0.149267 -0.376498 0.914313 0.207436 0.769841
  68 -0.386137 -1.567435 65.489295 0.216962 -0.700220 0.680162 0.207436 0.757937
  68 0.313864 -1.257467 65.579403 0.304386 -0.622662 0.720862 0.223092 0.761905
artic_working1.bmp
  70 -0.496139 -1.897679 66.201181 0.258091 0.063157 0.964054 0.324853 0.785714
  70 -0.086136 -0.577615 66.011636 0.335114 0.153755 0.929547 0.354207 0.773810
  70 -0.706136 -0.657655 66.131607 0.182706 0.088657 0.979162 0.365949 0.781746
artic_working1.bmp
  72 -1.166135 -0.827407 65.413548 -0.309438 -0.054536 0.949354 0.093933 0.787698
  72 -1.206137 -2.117335 65.203104 -0.288877 -0.145487 0.946247 0.142857 0.785714
  72 -0.496138 -2.417395 65.373003 -0.238212 -0.180817 0.954233 0.172211 0.785714
artic_working1.bmp
  72 0.943861 -3.077277 65.022779 0.136450 -0.476299 0.868632 0.230920 0.777778
  72 1.043862 -2.407398 65.373010 0.185797 -0.287261 0.939660 0.244618 0.785714
  72 0.283861 -2.647393 65.362926 0.109768 -0.307744 0.945116 0.209393 0.783730
artic_working1.bmp
  73 0.803866 -0.497315 65.134666 -0.200920 0.650407 0.732531 0.033268 0.757937
  73 0.103864 -1.387427 65.464358 -0.293083 0.397648 0.869470 0.045010 0.769841
  73 1.003863 -1.427494 65.654347 -0.078904 0.280724 0.956540 0.033268 0.773810
artic_working1.bmp
  73 0.693871 0.173173 63.714896 -0.351247 0.909964 0.220433 0.033268 0.730159
  73 0.193872 0.093360 63.174867 -0.494387 0.852995 0.167278 0.041096 0.720238
  73 -0.656131 -0.586965 64.124632 -0.648080 0.705057 0.287900 0.050881 0.738095
artic_working1.bmp
  73 -0.906136 -1.997239 64.924146 -0.844555 0.293345 0.447969 0.068493 0.759921
  73 -0.556135 -1.377309 65.124360 -0.601403 0.420268 0.679478 0.056751 0.759921
  73 -0.766134 -1.187147 64.654425 -0.798188 0.398621 0.451661 0.058708 0.750000
artic_working1.bmp
  75 -0.056131 -1.396713 63.386355 -0.785056 -0.605775 0.129320 0.160470 0.726190
  75 -0.506131 -0.496911 63.966663 -0.920788 -0.362880 0.143065 0.148728 0.740079
  75 -0.596130 -0.906632 63.156522 -0.856193 -0.420228 0.300569 0.144814 0.722222
end
